corte,grupo,termino,ocurrencias,tuits,n_tuits_grupo,z,ocurrencias_resto,categoria
criterio,atmosfera,méxico,67,57,104,,,PROPN
criterio,atmosfera,mexicano,25,22,104,,,NOUN
criterio,atmosfera,ciudad,21,16,104,,,PROPN
criterio,atmosfera,gente,14,12,104,,,NOUN
criterio,atmosfera,increíble,13,13,104,,,ADJ
criterio,atmosfera,mundo,13,12,104,,,PROPN
criterio,atmosfera,partido,11,9,104,,,NOUN
criterio,atmosfera,semana,11,10,104,,,NOUN
criterio,atmosfera,amigo,10,8,104,,,NOUN
criterio,atmosfera,hora,10,8,104,,,NOUN
criterio,atmosfera,lugar,10,10,104,,,NOUN
criterio,atmosfera,monterrey,10,9,104,,,PROPN
criterio,atmosfera,país,10,9,104,,,NOUN
criterio,atmosfera,viaje,10,9,104,,,NOUN
criterio,atmosfera,copa,8,7,104,,,PROPN
criterio,atmosfera,genial,8,8,104,,,ADJ
criterio,atmosfera,inglaterra,7,5,104,,,PROPN
criterio,atmosfera,noche,7,6,104,,,NOUN
criterio,atmosfera,cancún,6,6,104,,,PROPN
criterio,atmosfera,extranjero,6,6,104,,,NOUN
criterio,atmosfera,favorito,6,6,104,,,ADJ
criterio,atmosfera,foto,6,5,104,,,NOUN
criterio,atmosfera,japón,6,5,104,,,PROPN
criterio,atmosfera,mexico,6,6,104,,,PROPN
criterio,atmosfera,vacation,6,6,104,,,PROPN
criterio,atmosfera,amable,5,5,104,,,ADJ
criterio,atmosfera,cdmx,5,4,104,,,PROPN
criterio,atmosfera,comida,5,5,104,,,NOUN
criterio,atmosfera,luna,5,3,104,,,NOUN
criterio,atmosfera,serio,5,5,104,,,NOUN
criterio,atmosfera,autobús,4,3,104,,,NOUN
criterio,atmosfera,barato,4,3,104,,,ADJ
criterio,atmosfera,cantina,4,2,104,,,NOUN
criterio,atmosfera,casa,4,4,104,,,NOUN
criterio,atmosfera,cuidado,4,4,104,,,NOUN
criterio,atmosfera,dinero,4,4,104,,,NOUN
criterio,atmosfera,feliz,4,4,104,,,ADJ
criterio,atmosfera,maravilloso,4,4,104,,,ADJ
criterio,atmosfera,mejor,4,4,104,,,ADJ
criterio,atmosfera,mierda,4,4,104,,,NOUN
criterio,atmosfera,momento,4,4,104,,,NOUN
criterio,atmosfera,playa,4,4,104,,,PROPN
criterio,atmosfera,policía,4,3,104,,,NOUN
criterio,atmosfera,próximo,4,3,104,,,ADJ
criterio,atmosfera,taxi,4,3,104,,,NOUN
criterio,atmosfera,vacación,4,4,104,,,NOUN
criterio,atmosfera,vuelo,4,2,104,,,NOUN
criterio,atmosfera,aeropuerto,3,2,104,,,NOUN
criterio,atmosfera,bar,3,3,104,,,NOUN
criterio,atmosfera,calor,3,2,104,,,NOUN
criterio,atmosfera,cambio,3,1,104,,,NOUN
criterio,atmosfera,cosa,3,3,104,,,NOUN
criterio,atmosfera,despedida,3,2,104,,,NOUN
criterio,atmosfera,dólares,3,2,104,,,NOUN
criterio,atmosfera,estadio,3,3,104,,,NOUN
criterio,atmosfera,fabuloso,3,2,104,,,ADJ
criterio,atmosfera,hospitalidad,3,3,104,,,NOUN
criterio,atmosfera,inglés,3,3,104,,,NOUN
criterio,atmosfera,jajaja,3,2,104,,,PROPN
criterio,atmosfera,japonés,3,3,104,,,ADJ
criterio,atmosfera,lleno,3,3,104,,,ADJ
criterio,atmosfera,mañana,3,3,104,,,NOUN
criterio,atmosfera,miel,3,2,104,,,NOUN
criterio,atmosfera,nivel,3,2,104,,,NOUN
criterio,atmosfera,pequeño,3,3,104,,,ADJ
criterio,atmosfera,playadelcarmen,3,3,104,,,NOUN
criterio,atmosfera,puerto,3,2,104,,,PROPN
criterio,atmosfera,seguro,3,3,104,,,ADJ
criterio,atmosfera,sol,3,3,104,,,NOUN
criterio,atmosfera,sueño,3,3,104,,,NOUN
criterio,atmosfera,taco,3,2,104,,,NOUN
criterio,atmosfera,teléfono,3,2,104,,,NOUN
criterio,atmosfera,tiempo,3,3,104,,,NOUN
criterio,atmosfera,vida,3,3,104,,,NOUN
criterio,atmosfera,vuelta,3,3,104,,,NOUN
criterio,atmosfera,york,3,3,104,,,PROPN
criterio,atmosfera,único,3,3,104,,,ADJ
criterio,atmosfera,absoluto,2,2,104,,,NOUN
criterio,atmosfera,adivina,2,2,104,,,NOUN
criterio,atmosfera,amabilidad,2,2,104,,,NOUN
criterio,atmosfera,ambiente,2,2,104,,,NOUN
criterio,atmosfera,américa,2,2,104,,,PROPN
criterio,atmosfera,apoyo,2,2,104,,,NOUN
criterio,atmosfera,arroz,2,1,104,,,NOUN
criterio,atmosfera,aventura,2,2,104,,,NOUN
criterio,atmosfera,azteca,2,2,104,,,PROPN
criterio,atmosfera,año,2,2,104,,,NOUN
criterio,atmosfera,blog,2,2,104,,,NOUN
criterio,atmosfera,callejero,2,1,104,,,ADJ
criterio,atmosfera,camino,2,2,104,,,NOUN
criterio,atmosfera,camiseta,2,2,104,,,NOUN
criterio,atmosfera,carmen,2,2,104,,,PROPN
criterio,atmosfera,carpeta,2,2,104,,,NOUN
criterio,atmosfera,carterismo,2,2,104,,,NOUN
criterio,atmosfera,carterista,2,2,104,,,NOUN
criterio,atmosfera,cerveza,2,2,104,,,PROPN
criterio,atmosfera,chica,2,2,104,,,NOUN
criterio,atmosfera,colgado,2,2,104,,,ADJ
criterio,atmosfera,compañero,2,2,104,,,NOUN
criterio,atmosfera,cuerpo,2,2,104,,,NOUN
criterio,atmosfera,cumpleaños,2,2,104,,,NOUN
criterio,atmosfera,cárcel,2,2,104,,,NOUN
criterio,atmosfera,diego,2,1,104,,,PROPN
criterio,atmosfera,dios,2,2,104,,,NOUN
criterio,atmosfera,directo,2,2,104,,,ADJ
criterio,atmosfera,diversión,2,2,104,,,NOUN
criterio,atmosfera,divertido,2,2,104,,,ADJ
criterio,atmosfera,dulce,2,1,104,,,ADJ
criterio,atmosfera,elote,2,1,104,,,NOUN
criterio,atmosfera,emocionado,2,2,104,,,ADJ
criterio,atmosfera,entorno,2,1,104,,,NOUN
criterio,atmosfera,equipaje,2,2,104,,,NOUN
criterio,atmosfera,español,2,2,104,,,NOUN
criterio,atmosfera,estafador,2,2,104,,,NOUN
criterio,atmosfera,experiencia,2,2,104,,,NOUN
criterio,atmosfera,gracia,2,2,104,,,NOUN
criterio,atmosfera,gratuito,2,1,104,,,ADJ
criterio,atmosfera,gringo,2,2,104,,,PROPN
criterio,atmosfera,hermoso,2,2,104,,,ADJ
criterio,atmosfera,hijo,2,2,104,,,NOUN
criterio,atmosfera,historia,2,2,104,,,PROPN
criterio,atmosfera,hombre,2,2,104,,,NOUN
criterio,atmosfera,horario,2,2,104,,,NOUN
criterio,atmosfera,horrible,2,2,104,,,ADJ
criterio,atmosfera,hotel,2,2,104,,,NOUN
criterio,atmosfera,idea,2,2,104,,,NOUN
criterio,atmosfera,impactant,2,2,104,,,ADJ
criterio,atmosfera,impresionante,2,2,104,,,ADJ
criterio,atmosfera,incluido,2,2,104,,,ADJ
criterio,atmosfera,jaja,2,2,104,,,PROPN
criterio,atmosfera,joven,2,1,104,,,NOUN
criterio,atmosfera,junto,2,2,104,,,ADJ
criterio,atmosfera,libre,2,2,104,,,ADJ
criterio,atmosfera,loco,2,2,104,,,ADJ
criterio,atmosfera,maldito,2,2,104,,,ADJ
criterio,atmosfera,mar,2,2,104,,,NOUN
criterio,atmosfera,maya,2,1,104,,,ADJ
criterio,atmosfera,mes,2,2,104,,,NOUN
criterio,atmosfera,mundial,2,2,104,,,PROPN
criterio,atmosfera,mágico,2,2,104,,,PROPN
criterio,atmosfera,noticia,2,2,104,,,NOUN
criterio,atmosfera,odio,2,2,104,,,NOUN
criterio,atmosfera,orden,2,2,104,,,NOUN
criterio,atmosfera,paseo,2,2,104,,,NOUN
criterio,atmosfera,persona,2,2,104,,,NOUN
criterio,atmosfera,pesos,2,1,104,,,NOUN
criterio,atmosfera,precio,2,2,104,,,NOUN
criterio,atmosfera,problema,2,1,104,,,NOUN
criterio,atmosfera,pueblo,2,2,104,,,NOUN
criterio,atmosfera,punto,2,2,104,,,NOUN
criterio,atmosfera,quesadilla,2,1,104,,,NOUN
criterio,atmosfera,razón,2,2,104,,,NOUN
criterio,atmosfera,realidad,2,2,104,,,NOUN
criterio,atmosfera,recipe,2,2,104,,,PROPN
criterio,atmosfera,recuerdo,2,2,104,,,NOUN
criterio,atmosfera,resort,2,2,104,,,NOUN
criterio,atmosfera,ruina,2,1,104,,,NOUN
criterio,atmosfera,simple,2,2,104,,,ADJ
criterio,atmosfera,soltero,2,2,104,,,NOUN
criterio,atmosfera,súper,2,2,104,,,ADJ
criterio,atmosfera,tarifa,2,2,104,,,NOUN
criterio,atmosfera,tercer,2,2,104,,,ADJ
criterio,atmosfera,torneo,2,2,104,,,NOUN
criterio,atmosfera,tulum,2,2,104,,,PROPN
criterio,atmosfera,túnez,2,2,104,,,PROPN
criterio,atmosfera,uber,2,2,104,,,PROPN
criterio,atmosfera,vallarta,2,1,104,,,PROPN
criterio,atmosfera,vegetarian,2,2,104,,,PROPN
criterio,atmosfera,verano,2,2,104,,,NOUN
criterio,atmosfera,viva,2,2,104,,,PROPN
criterio,atmosfera,abierto,1,1,104,,,ADJ
criterio,atmosfera,acento,1,1,104,,,NOUN
criterio,atmosfera,acogedor,1,1,104,,,ADJ
criterio,atmosfera,acogedoro,1,1,104,,,ADJ
criterio,atmosfera,actitud,1,1,104,,,NOUN
criterio,atmosfera,activado,1,1,104,,,ADJ
criterio,atmosfera,actuación,1,1,104,,,NOUN
criterio,atmosfera,aficionado,1,1,104,,,NOUN
criterio,atmosfera,agradable,1,1,104,,,ADJ
criterio,atmosfera,agradecido,1,1,104,,,ADJ
criterio,atmosfera,aifa,1,1,104,,,PROPN
criterio,atmosfera,airbnb,1,1,104,,,PROPN
criterio,atmosfera,aire,1,1,104,,,NOUN
criterio,atmosfera,ajetreado,1,1,104,,,ADJ
criterio,atmosfera,alcance,1,1,104,,,NOUN
criterio,atmosfera,alcohol,1,1,104,,,NOUN
criterio,atmosfera,alegría,1,1,104,,,NOUN
criterio,atmosfera,alerta,1,1,104,,,NOUN
criterio,atmosfera,altitud,1,1,104,,,NOUN
criterio,atmosfera,americano,1,1,104,,,ADJ
criterio,atmosfera,ametralladora,1,1,104,,,NOUN
criterio,atmosfera,amigabl,1,1,104,,,ADJ
criterio,atmosfera,amigos,1,1,104,,,PROPN
criterio,atmosfera,amistad,1,1,104,,,NOUN
criterio,atmosfera,amistoso,1,1,104,,,ADJ
criterio,atmosfera,anfitrión,1,1,104,,,NOUN
criterio,atmosfera,animal,1,1,104,,,NOUN
criterio,atmosfera,apartado,1,1,104,,,ADJ
criterio,atmosfera,aplicación,1,1,104,,,NOUN
criterio,atmosfera,artes,1,1,104,,,PROPN
criterio,atmosfera,asalto,1,1,104,,,NOUN
criterio,atmosfera,asiento,1,1,104,,,NOUN
criterio,atmosfera,asqueroso,1,1,104,,,ADJ
criterio,atmosfera,asuntos,1,1,104,,,PROPN
criterio,atmosfera,atlanta,1,1,104,,,PROPN
criterio,atmosfera,automático,1,1,104,,,ADJ
criterio,atmosfera,auténtico,1,1,104,,,ADJ
criterio,atmosfera,ave,1,1,104,,,NOUN
criterio,atmosfera,avión,1,1,104,,,NOUN
criterio,atmosfera,bailarín,1,1,104,,,NOUN
criterio,atmosfera,ballén,1,1,104,,,ADJ
criterio,atmosfera,basset,1,1,104,,,PROPN
criterio,atmosfera,bellas,1,1,104,,,PROPN
criterio,atmosfera,bienvenida,1,1,104,,,NOUN
criterio,atmosfera,bocado,1,1,104,,,NOUN
criterio,atmosfera,bochorno,1,1,104,,,NOUN
criterio,atmosfera,bochornoso,1,1,104,,,ADJ
criterio,atmosfera,boda,1,1,104,,,NOUN
criterio,atmosfera,bola,1,1,104,,,NOUN
criterio,atmosfera,bote,1,1,104,,,NOUN
criterio,atmosfera,boy,1,1,104,,,PROPN
criterio,atmosfera,brazo,1,1,104,,,NOUN
criterio,atmosfera,broma,1,1,104,,,NOUN
criterio,atmosfera,buceo,1,1,104,,,NOUN
criterio,atmosfera,bufanda,1,1,104,,,NOUN
criterio,atmosfera,cabo,1,1,104,,,PROPN
criterio,atmosfera,cajero,1,1,104,,,NOUN
criterio,atmosfera,cantidad,1,1,104,,,NOUN
criterio,atmosfera,cao,1,1,104,,,NOUN
criterio,atmosfera,capacidad,1,1,104,,,NOUN
criterio,atmosfera,caro,1,1,104,,,ADJ
criterio,atmosfera,celebración,1,1,104,,,NOUN
criterio,atmosfera,centro,1,1,104,,,NOUN
criterio,atmosfera,cercano,1,1,104,,,ADJ
criterio,atmosfera,cerro,1,1,104,,,PROPN
criterio,atmosfera,chat,1,1,104,,,NOUN
criterio,atmosfera,civilización,1,1,104,,,NOUN
criterio,atmosfera,clase,1,1,104,,,NOUN
criterio,atmosfera,cobro,1,1,104,,,NOUN
criterio,atmosfera,cochecito,1,1,104,,,NOUN
criterio,atmosfera,colega,1,1,104,,,NOUN
criterio,atmosfera,colorida,1,1,104,,,ADJ
criterio,atmosfera,comisaría,1,1,104,,,NOUN
criterio,atmosfera,comparación,1,1,104,,,NOUN
criterio,atmosfera,competición,1,1,104,,,NOUN
criterio,atmosfera,comunicación,1,1,104,,,NOUN
criterio,atmosfera,considerable,1,1,104,,,ADJ
criterio,atmosfera,contrario,1,1,104,,,ADJ
criterio,atmosfera,contándole,1,1,104,,,PROPN
criterio,atmosfera,corrupto,1,1,104,,,ADJ
criterio,atmosfera,covid,1,1,104,,,PROPN
criterio,atmosfera,cromo,1,1,104,,,NOUN
criterio,atmosfera,crédito,1,1,104,,,NOUN
criterio,atmosfera,cuatrimoto,1,1,104,,,NOUN
criterio,atmosfera,cuerda,1,1,104,,,NOUN
criterio,atmosfera,cuestión,1,1,104,,,NOUN
criterio,atmosfera,cálido,1,1,104,,,ADJ
criterio,atmosfera,cóctel,1,1,104,,,NOUN
criterio,atmosfera,cómodo,1,1,104,,,PROPN
criterio,atmosfera,dallas,1,1,104,,,PROPN
criterio,atmosfera,das,1,1,104,,,PROPN
criterio,atmosfera,delicioso,1,1,104,,,ADJ
criterio,atmosfera,deliciós,1,1,104,,,ADJ
criterio,atmosfera,denuncia,1,1,104,,,NOUN
criterio,atmosfera,derecho,1,1,104,,,NOUN
criterio,atmosfera,desagradable,1,1,104,,,ADJ
criterio,atmosfera,desayuno,1,1,104,,,NOUN
criterio,atmosfera,desfase,1,1,104,,,NOUN
criterio,atmosfera,desperdicio,1,1,104,,,NOUN
criterio,atmosfera,destrocemo,1,1,104,,,NOUN
criterio,atmosfera,devastador,1,1,104,,,ADJ
criterio,atmosfera,diferencia,1,1,104,,,NOUN
criterio,atmosfera,difícil,1,1,104,,,ADJ
criterio,atmosfera,divisa,1,1,104,,,NOUN
criterio,atmosfera,droga,1,1,104,,,NOUN
criterio,atmosfera,duermo,1,1,104,,,PROPN
criterio,atmosfera,duro,1,1,104,,,ADJ
criterio,atmosfera,dustin,1,1,104,,,PROPN
criterio,atmosfera,ecuador,1,1,104,,,PROPN
criterio,atmosfera,edificio,1,1,104,,,NOUN
criterio,atmosfera,eleven,1,1,104,,,PROPN
criterio,atmosfera,emoji,1,1,104,,,NOUN
criterio,atmosfera,encimero,1,1,104,,,ADJ
criterio,atmosfera,envuelto,1,1,104,,,ADJ
criterio,atmosfera,equipo,1,1,104,,,NOUN
criterio,atmosfera,especial,1,1,104,,,ADJ
criterio,atmosfera,estafa,1,1,104,,,NOUN
criterio,atmosfera,excesivo,1,1,104,,,ADJ
criterio,atmosfera,exteriores,1,1,104,,,PROPN
criterio,atmosfera,extra,1,1,104,,,ADJ
criterio,atmosfera,extraviado,1,1,104,,,ADJ
criterio,atmosfera,falso,1,1,104,,,ADJ
criterio,atmosfera,famoso,1,1,104,,,ADJ
criterio,atmosfera,fan,1,1,104,,,PROPN
criterio,atmosfera,fanfest,1,1,104,,,NOUN
criterio,atmosfera,fanfestival,1,1,104,,,ADJ
criterio,atmosfera,fascinante,1,1,104,,,ADJ
criterio,atmosfera,felipe,1,1,104,,,PROPN
criterio,atmosfera,fest,1,1,104,,,PROPN
criterio,atmosfera,fiesta,1,1,104,,,NOUN
criterio,atmosfera,fifa,1,1,104,,,PROPN
criterio,atmosfera,fifawouldcup,1,1,104,,,PROPN
criterio,atmosfera,francisco,1,1,104,,,PROPN
criterio,atmosfera,fraude,1,1,104,,,NOUN
criterio,atmosfera,fresco,1,1,104,,,ADJ
criterio,atmosfera,futuro,1,1,104,,,NOUN
criterio,atmosfera,fácil,1,1,104,,,ADJ
criterio,atmosfera,fútbol,1,1,104,,,NOUN
criterio,atmosfera,gana,1,1,104,,,NOUN
criterio,atmosfera,general,1,1,104,,,NOUN
criterio,atmosfera,golpe,1,1,104,,,NOUN
criterio,atmosfera,good,1,1,104,,,PROPN
criterio,atmosfera,gracias,1,1,104,,,NOUN
criterio,atmosfera,gracioso,1,1,104,,,ADJ
criterio,atmosfera,granizo,1,1,104,,,ADJ
criterio,atmosfera,grave,1,1,104,,,ADJ
criterio,atmosfera,grupo,1,1,104,,,NOUN
criterio,atmosfera,guadalajara,1,1,104,,,PROPN
criterio,atmosfera,guardia,1,1,104,,,NOUN
criterio,atmosfera,guatemala,1,1,104,,,PROPN
criterio,atmosfera,hambre,1,1,104,,,NOUN
criterio,atmosfera,helado,1,1,104,,,ADJ
criterio,atmosfera,hermana,1,1,104,,,NOUN
criterio,atmosfera,hermano,1,1,104,,,NOUN
criterio,atmosfera,honor,1,1,104,,,NOUN
criterio,atmosfera,humano,1,1,104,,,ADJ
criterio,atmosfera,ida,1,1,104,,,NOUN
criterio,atmosfera,imagen,1,1,104,,,NOUN
criterio,atmosfera,imbécil,1,1,104,,,NOUN
criterio,atmosfera,imperfección,1,1,104,,,NOUN
criterio,atmosfera,imponent,1,1,104,,,NOUN
criterio,atmosfera,impresión,1,1,104,,,NOUN
criterio,atmosfera,improviso,1,1,104,,,NOUN
criterio,atmosfera,incidente,1,1,104,,,NOUN
criterio,atmosfera,infancia,1,1,104,,,NOUN
criterio,atmosfera,inflado,1,1,104,,,ADJ
criterio,atmosfera,inolvidable,1,1,104,,,ADJ
criterio,atmosfera,intenso,1,1,104,,,ADJ
criterio,atmosfera,internacional,1,1,104,,,PROPN
criterio,atmosfera,inútil,1,1,104,,,ADJ
criterio,atmosfera,italia,1,1,104,,,PROPN
criterio,atmosfera,izakayas,1,1,104,,,NOUN
criterio,atmosfera,jalapeño,1,1,104,,,NOUN
criterio,atmosfera,joda,1,1,104,,,PROPN
criterio,atmosfera,joder,1,1,104,,,PROPN
criterio,atmosfera,judicial,1,1,104,,,ADJ
criterio,atmosfera,justo,1,1,104,,,PROPN
criterio,atmosfera,lancha,1,1,104,,,NOUN
criterio,atmosfera,latina,1,1,104,,,PROPN
criterio,atmosfera,lcc,1,1,104,,,PROPN
criterio,atmosfera,legendario,1,1,104,,,ADJ
criterio,atmosfera,lindo,1,1,104,,,ADJ
criterio,atmosfera,llamado,1,1,104,,,ADJ
criterio,atmosfera,lucha,1,1,104,,,NOUN
criterio,atmosfera,lúgubre,1,1,104,,,PROPN
criterio,atmosfera,madrugada,1,1,104,,,NOUN
criterio,atmosfera,malo,1,1,104,,,ADJ
criterio,atmosfera,mano,1,1,104,,,NOUN
criterio,atmosfera,maravilla,1,1,104,,,NOUN
criterio,atmosfera,marido,1,1,104,,,NOUN
criterio,atmosfera,marrón,1,1,104,,,ADJ
criterio,atmosfera,mayor,1,1,104,,,ADJ
criterio,atmosfera,mayordomo,1,1,104,,,NOUN
criterio,atmosfera,mensaje,1,1,104,,,NOUN
criterio,atmosfera,mental,1,1,104,,,ADJ
criterio,atmosfera,mentalidad,1,1,104,,,NOUN
criterio,atmosfera,mercado,1,1,104,,,NOUN
criterio,atmosfera,mercancía,1,1,104,,,NOUN
criterio,atmosfera,metro,1,1,104,,,NOUN
criterio,atmosfera,mex,1,1,104,,,PROPN
criterio,atmosfera,mexicocity,1,1,104,,,PROPN
criterio,atmosfera,microondas,1,1,104,,,NOUN
criterio,atmosfera,miedo,1,1,104,,,NOUN
criterio,atmosfera,mierdero,1,1,104,,,NOUN
criterio,atmosfera,mike,1,1,104,,,PROPN
criterio,atmosfera,ministerio,1,1,104,,,PROPN
criterio,atmosfera,minjeongie,1,1,104,,,PROPN
criterio,atmosfera,minuto,1,1,104,,,NOUN
criterio,atmosfera,mirada,1,1,104,,,NOUN
criterio,atmosfera,mitad,1,1,104,,,NOUN
criterio,atmosfera,mono,1,1,104,,,NOUN
criterio,atmosfera,moral,1,1,104,,,NOUN
criterio,atmosfera,morelos,1,1,104,,,PROPN
criterio,atmosfera,mostrador,1,1,104,,,NOUN
criterio,atmosfera,motivo,1,1,104,,,NOUN
criterio,atmosfera,muchísimas,1,1,104,,,ADJ
criterio,atmosfera,muelle,1,1,104,,,NOUN
criterio,atmosfera,multitud,1,1,104,,,NOUN
criterio,atmosfera,música,1,1,104,,,NOUN
criterio,atmosfera,nado,1,1,104,,,ADJ
criterio,atmosfera,nadé,1,1,104,,,PROPN
criterio,atmosfera,negro,1,1,104,,,ADJ
criterio,atmosfera,niño,1,1,104,,,NOUN
criterio,atmosfera,normal,1,1,104,,,ADJ
criterio,atmosfera,norte,1,1,104,,,NOUN
criterio,atmosfera,novia,1,1,104,,,NOUN
criterio,atmosfera,novio,1,1,104,,,NOUN
criterio,atmosfera,nórdico,1,1,104,,,ADJ
criterio,atmosfera,oaxaca,1,1,104,,,PROPN
criterio,atmosfera,océano,1,1,104,,,NOUN
criterio,atmosfera,ofensivo,1,1,104,,,ADJ
criterio,atmosfera,oficial,1,1,104,,,ADJ
criterio,atmosfera,oficina,1,1,104,,,NOUN
criterio,atmosfera,ohhhhhhhh,1,1,104,,,PROPN
criterio,atmosfera,ojalá,1,1,104,,,ADJ
criterio,atmosfera,ojo,1,1,104,,,NOUN
criterio,atmosfera,online,1,1,104,,,ADJ
criterio,atmosfera,padrino,1,1,104,,,NOUN
criterio,atmosfera,palacio,1,1,104,,,PROPN
criterio,atmosfera,palmera,1,1,104,,,NOUN
criterio,atmosfera,paraguas,1,1,104,,,NOUN
criterio,atmosfera,pared,1,1,104,,,NOUN
criterio,atmosfera,pase,1,1,104,,,NOUN
criterio,atmosfera,pasión,1,1,104,,,NOUN
criterio,atmosfera,patio,1,1,104,,,NOUN
criterio,atmosfera,peligro,1,1,104,,,NOUN
criterio,atmosfera,pensamiento,1,1,104,,,NOUN
criterio,atmosfera,perfecto,1,1,104,,,ADJ
criterio,atmosfera,picazón,1,1,104,,,NOUN
criterio,atmosfera,pirámid,1,1,104,,,NOUN
criterio,atmosfera,pistola,1,1,104,,,NOUN
criterio,atmosfera,placa,1,1,104,,,NOUN
criterio,atmosfera,plus,1,1,104,,,NOUN
criterio,atmosfera,plátano,1,1,104,,,ADJ
criterio,atmosfera,pobre,1,1,104,,,ADJ
criterio,atmosfera,portugal,1,1,104,,,PROPN
criterio,atmosfera,pospuse,1,1,104,,,NOUN
criterio,atmosfera,posterior,1,1,104,,,ADJ
criterio,atmosfera,praga,1,1,104,,,PROPN
criterio,atmosfera,precioso,1,1,104,,,ADJ
criterio,atmosfera,prensa,1,1,104,,,NOUN
criterio,atmosfera,primavera,1,1,104,,,NOUN
criterio,atmosfera,principio,1,1,104,,,NOUN
criterio,atmosfera,prometida,1,1,104,,,NOUN
criterio,atmosfera,prometido,1,1,104,,,ADJ
criterio,atmosfera,prueba,1,1,104,,,NOUN
criterio,atmosfera,publicación,1,1,104,,,NOUN
criterio,atmosfera,punta,1,1,104,,,NOUN
criterio,atmosfera,puta,1,1,104,,,NOUN
criterio,atmosfera,puto,1,1,104,,,ADJ
criterio,atmosfera,público,1,1,104,,,ADJ
criterio,atmosfera,qatar,1,1,104,,,PROPN
criterio,atmosfera,queja,1,1,104,,,NOUN
criterio,atmosfera,queso,1,1,104,,,NOUN
criterio,atmosfera,rara,1,1,104,,,ADJ
criterio,atmosfera,rata,1,1,104,,,NOUN
criterio,atmosfera,razonable,1,1,104,,,ADJ
criterio,atmosfera,reclamación,1,1,104,,,NOUN
criterio,atmosfera,redondo,1,1,104,,,ADJ
criterio,atmosfera,regateando,1,1,104,,,ADJ
criterio,atmosfera,regreso,1,1,104,,,NOUN
criterio,atmosfera,reloj,1,1,104,,,NOUN
criterio,atmosfera,restricción,1,1,104,,,NOUN
criterio,atmosfera,resumen,1,1,104,,,NOUN
criterio,atmosfera,retirado,1,1,104,,,ADJ
criterio,atmosfera,reunión,1,1,104,,,NOUN
criterio,atmosfera,robado,1,1,104,,,ADJ
criterio,atmosfera,robo,1,1,104,,,NOUN
criterio,atmosfera,ropa,1,1,104,,,NOUN
criterio,atmosfera,rápido,1,1,104,,,ADJ
criterio,atmosfera,salud,1,1,104,,,NOUN
criterio,atmosfera,san,1,1,104,,,PROPN
criterio,atmosfera,sato,1,1,104,,,PROPN
criterio,atmosfera,selva,1,1,104,,,NOUN
criterio,atmosfera,septiembre,1,1,104,,,NOUN
criterio,atmosfera,servicio,1,1,104,,,NOUN
criterio,atmosfera,seven,1,1,104,,,PROPN
criterio,atmosfera,señor,1,1,104,,,NOUN
criterio,atmosfera,silencioso,1,1,104,,,ADJ
criterio,atmosfera,silla,1,1,104,,,PROPN
criterio,atmosfera,simpático,1,1,104,,,ADJ
criterio,atmosfera,snorkel,1,1,104,,,NOUN
criterio,atmosfera,soltera,1,1,104,,,NOUN
criterio,atmosfera,sombra,1,1,104,,,NOUN
criterio,atmosfera,sospechoso,1,1,104,,,NOUN
criterio,atmosfera,sudáfrica,1,1,104,,,PROPN
criterio,atmosfera,suerte,1,1,104,,,NOUN
criterio,atmosfera,sueños,1,1,104,,,PROPN
criterio,atmosfera,supermercado,1,1,104,,,NOUN
criterio,atmosfera,sur,1,1,104,,,NOUN
criterio,atmosfera,sábana,1,1,104,,,NOUN
criterio,atmosfera,tacos,1,1,104,,,PROPN
criterio,atmosfera,tarjeta,1,1,104,,,NOUN
criterio,atmosfera,techo,1,1,104,,,NOUN
criterio,atmosfera,teotihuacán,1,1,104,,,PROPN
criterio,atmosfera,tequila,1,1,104,,,PROPN
criterio,atmosfera,terminal,1,1,104,,,NOUN
criterio,atmosfera,terrible,1,1,104,,,ADJ
criterio,atmosfera,texto,1,1,104,,,NOUN
criterio,atmosfera,threds,1,1,104,,,PROPN
criterio,atmosfera,tiburón,1,1,104,,,NOUN
criterio,atmosfera,tierra,1,1,104,,,NOUN
criterio,atmosfera,tijuana,1,1,104,,,PROPN
criterio,atmosfera,tikal,1,1,104,,,PROPN
criterio,atmosfera,tipo,1,1,104,,,NOUN
criterio,atmosfera,todopoderoso,1,1,104,,,ADJ
criterio,atmosfera,toronto,1,1,104,,,PROPN
criterio,atmosfera,tour,1,1,104,,,NOUN
criterio,atmosfera,trabajo,1,1,104,,,NOUN
criterio,atmosfera,traducción,1,1,104,,,NOUN
criterio,atmosfera,trampa,1,1,104,,,NOUN
criterio,atmosfera,tranmere,1,1,104,,,PROPN
criterio,atmosfera,tranquilo,1,1,104,,,ADJ
criterio,atmosfera,trasero,1,1,104,,,ADJ
criterio,atmosfera,traslado,1,1,104,,,NOUN
criterio,atmosfera,tren,1,1,104,,,NOUN
criterio,atmosfera,truco,1,1,104,,,NOUN
criterio,atmosfera,turista,1,1,104,,,NOUN
criterio,atmosfera,turístico,1,1,104,,,ADJ
criterio,atmosfera,ugh,1,1,104,,,PROPN
criterio,atmosfera,unidos,1,1,104,,,PROPN
criterio,atmosfera,vacavibes,1,1,104,,,PROPN
criterio,atmosfera,vecino,1,1,104,,,ADJ
criterio,atmosfera,vergonzoso,1,1,104,,,ADJ
criterio,atmosfera,victoria,1,1,104,,,NOUN
criterio,atmosfera,video,1,1,104,,,NOUN
criterio,atmosfera,viernes,1,1,104,,,NOUN
criterio,atmosfera,vinimo,1,1,104,,,NOUN
criterio,atmosfera,vivamexico,1,1,104,,,PROPN
criterio,atmosfera,vivaméxico,1,1,104,,,PROPN
criterio,atmosfera,vivo,1,1,104,,,ADJ
criterio,atmosfera,volumen,1,1,104,,,NOUN
criterio,atmosfera,voluntario,1,1,104,,,NOUN
criterio,atmosfera,vomitivo,1,1,104,,,ADJ
criterio,atmosfera,víctima,1,1,104,,,NOUN
criterio,atmosfera,wow,1,1,104,,,PROPN
criterio,atmosfera,yogur,1,1,104,,,NOUN
criterio,atmosfera,zona,1,1,104,,,NOUN
criterio,atmosfera,ángeles,1,1,104,,,PROPN
criterio,imagen_cultural,méxico,32,28,71,,,PROPN
criterio,imagen_cultural,increíble,12,12,71,,,ADJ
criterio,imagen_cultural,mexicano,12,11,71,,,ADJ
criterio,imagen_cultural,ciudad,11,9,71,,,PROPN
criterio,imagen_cultural,queso,11,8,71,,,NOUN
criterio,imagen_cultural,gente,10,9,71,,,NOUN
criterio,imagen_cultural,monterrey,9,9,71,,,PROPN
criterio,imagen_cultural,taco,9,7,71,,,NOUN
criterio,imagen_cultural,lugar,8,8,71,,,NOUN
criterio,imagen_cultural,comida,7,7,71,,,NOUN
criterio,imagen_cultural,vegetarian,7,7,71,,,PROPN
criterio,imagen_cultural,mexico,6,6,71,,,PROPN
criterio,imagen_cultural,país,6,5,71,,,NOUN
criterio,imagen_cultural,semana,6,6,71,,,NOUN
criterio,imagen_cultural,azteca,5,5,71,,,PROPN
criterio,imagen_cultural,inglaterra,5,4,71,,,PROPN
criterio,imagen_cultural,luna,5,3,71,,,PROPN
criterio,imagen_cultural,noche,5,4,71,,,NOUN
criterio,imagen_cultural,tacos,5,2,71,,,PROPN
criterio,imagen_cultural,vacation,5,5,71,,,PROPN
criterio,imagen_cultural,cantina,4,2,71,,,NOUN
criterio,imagen_cultural,cdmx,4,3,71,,,PROPN
criterio,imagen_cultural,elote,4,3,71,,,NOUN
criterio,imagen_cultural,estadio,4,3,71,,,NOUN
criterio,imagen_cultural,extranjero,4,4,71,,,NOUN
criterio,imagen_cultural,favorito,4,4,71,,,ADJ
criterio,imagen_cultural,foto,4,3,71,,,NOUN
criterio,imagen_cultural,hora,4,4,71,,,NOUN
criterio,imagen_cultural,jalapeño,4,4,71,,,NOUN
criterio,imagen_cultural,maravilloso,4,4,71,,,ADJ
criterio,imagen_cultural,mundo,4,4,71,,,PROPN
criterio,imagen_cultural,quesadilla,4,2,71,,,NOUN
criterio,imagen_cultural,recipes,4,4,71,,,NOUN
criterio,imagen_cultural,salsa,4,3,71,,,NOUN
criterio,imagen_cultural,sol,4,4,71,,,NOUN
criterio,imagen_cultural,verano,4,3,71,,,NOUN
criterio,imagen_cultural,viaje,4,4,71,,,NOUN
criterio,imagen_cultural,vuelta,4,4,71,,,NOUN
criterio,imagen_cultural,amable,3,3,71,,,ADJ
criterio,imagen_cultural,blog,3,3,71,,,NOUN
criterio,imagen_cultural,callejero,3,2,71,,,ADJ
criterio,imagen_cultural,cerveza,3,3,71,,,NOUN
criterio,imagen_cultural,ensalada,3,2,71,,,PROPN
criterio,imagen_cultural,fabuloso,3,2,71,,,ADJ
criterio,imagen_cultural,feliz,3,3,71,,,ADJ
criterio,imagen_cultural,frijol,3,3,71,,,NOUN
criterio,imagen_cultural,fútbol,3,3,71,,,NOUN
criterio,imagen_cultural,genial,3,3,71,,,ADJ
criterio,imagen_cultural,guacamole,3,3,71,,,PROPN
criterio,imagen_cultural,hamburguesas,3,1,71,,,PROPN
criterio,imagen_cultural,japón,3,2,71,,,PROPN
criterio,imagen_cultural,joven,3,2,71,,,NOUN
criterio,imagen_cultural,mejor,3,3,71,,,ADJ
criterio,imagen_cultural,mundial,3,2,71,,,PROPN
criterio,imagen_cultural,oaxaca,3,3,71,,,PROPN
criterio,imagen_cultural,pequeño,3,3,71,,,ADJ
criterio,imagen_cultural,playa,3,3,71,,,PROPN
criterio,imagen_cultural,playadelcarmen,3,3,71,,,NOUN
criterio,imagen_cultural,recipe,3,3,71,,,PROPN
criterio,imagen_cultural,teotihuacán,3,3,71,,,PROPN
criterio,imagen_cultural,tour,3,3,71,,,NOUN
criterio,imagen_cultural,amigo,2,2,71,,,NOUN
criterio,imagen_cultural,blanco,2,2,71,,,ADJ
criterio,imagen_cultural,bonito,2,2,71,,,ADJ
criterio,imagen_cultural,cabo,2,2,71,,,PROPN
criterio,imagen_cultural,cancún,2,2,71,,,PROPN
criterio,imagen_cultural,carmen,2,2,71,,,PROPN
criterio,imagen_cultural,carne,2,2,71,,,NOUN
criterio,imagen_cultural,cheetos,2,1,71,,,PROPN
criterio,imagen_cultural,colgado,2,2,71,,,ADJ
criterio,imagen_cultural,colorida,2,2,71,,,ADJ
criterio,imagen_cultural,copa,2,2,71,,,PROPN
criterio,imagen_cultural,corn,2,1,71,,,PROPN
criterio,imagen_cultural,cosa,2,2,71,,,NOUN
criterio,imagen_cultural,cuerpo,2,2,71,,,NOUN
criterio,imagen_cultural,diego,2,1,71,,,PROPN
criterio,imagen_cultural,dólares,2,1,71,,,NOUN
criterio,imagen_cultural,estafador,2,2,71,,,NOUN
criterio,imagen_cultural,helado,2,2,71,,,ADJ
criterio,imagen_cultural,hermoso,2,2,71,,,ADJ
criterio,imagen_cultural,historia,2,1,71,,,PROPN
criterio,imagen_cultural,idea,2,2,71,,,NOUN
criterio,imagen_cultural,impresionante,2,2,71,,,ADJ
criterio,imagen_cultural,jalapeno,2,2,71,,,PROPN
criterio,imagen_cultural,libre,2,2,71,,,ADJ
criterio,imagen_cultural,lleno,2,2,71,,,ADJ
criterio,imagen_cultural,mar,2,2,71,,,NOUN
criterio,imagen_cultural,maya,2,1,71,,,ADJ
criterio,imagen_cultural,mercado,2,1,71,,,NOUN
criterio,imagen_cultural,miel,2,1,71,,,NOUN
criterio,imagen_cultural,momento,2,2,71,,,NOUN
criterio,imagen_cultural,música,2,2,71,,,NOUN
criterio,imagen_cultural,partido,2,2,71,,,NOUN
criterio,imagen_cultural,paseo,2,2,71,,,NOUN
criterio,imagen_cultural,picado,2,2,71,,,ADJ
criterio,imagen_cultural,pirámide,2,1,71,,,PROPN
criterio,imagen_cultural,podcast,2,1,71,,,NOUN
criterio,imagen_cultural,quesadillas,2,2,71,,,PROPN
criterio,imagen_cultural,receta,2,2,71,,,NOUN
criterio,imagen_cultural,refrito,2,2,71,,,PROPN
criterio,imagen_cultural,resort,2,2,71,,,NOUN
criterio,imagen_cultural,ruina,2,1,71,,,NOUN
criterio,imagen_cultural,salchicha,2,2,71,,,NOUN
criterio,imagen_cultural,san,2,2,71,,,PROPN
criterio,imagen_cultural,snacks,2,1,71,,,PROPN
criterio,imagen_cultural,street,2,1,71,,,PROPN
criterio,imagen_cultural,sueño,2,2,71,,,NOUN
criterio,imagen_cultural,súper,2,2,71,,,ADJ
criterio,imagen_cultural,tarifa,2,2,71,,,NOUN
criterio,imagen_cultural,tater,2,2,71,,,PROPN
criterio,imagen_cultural,the,2,2,71,,,PROPN
criterio,imagen_cultural,tiempo,2,2,71,,,NOUN
criterio,imagen_cultural,tortilla,2,2,71,,,NOUN
criterio,imagen_cultural,tostada,2,1,71,,,ADJ
criterio,imagen_cultural,tulum,2,2,71,,,PROPN
criterio,imagen_cultural,vacación,2,2,71,,,NOUN
criterio,imagen_cultural,viva,2,2,71,,,PROPN
criterio,imagen_cultural,york,2,2,71,,,PROPN
criterio,imagen_cultural,abierto,1,1,71,,,ADJ
criterio,imagen_cultural,absoluto,1,1,71,,,NOUN
criterio,imagen_cultural,acogedor,1,1,71,,,ADJ
criterio,imagen_cultural,acogedoro,1,1,71,,,ADJ
criterio,imagen_cultural,actitud,1,1,71,,,NOUN
criterio,imagen_cultural,aderezo,1,1,71,,,NOUN
criterio,imagen_cultural,agradable,1,1,71,,,ADJ
criterio,imagen_cultural,aguacate,1,1,71,,,NOUN
criterio,imagen_cultural,air,1,1,71,,,PROPN
criterio,imagen_cultural,alcance,1,1,71,,,NOUN
criterio,imagen_cultural,alegría,1,1,71,,,NOUN
criterio,imagen_cultural,alimento,1,1,71,,,NOUN
criterio,imagen_cultural,allende,1,1,71,,,PROPN
criterio,imagen_cultural,altibajo,1,1,71,,,NOUN
criterio,imagen_cultural,altitud,1,1,71,,,NOUN
criterio,imagen_cultural,amabilidad,1,1,71,,,NOUN
criterio,imagen_cultural,ambiente,1,1,71,,,NOUN
criterio,imagen_cultural,americano,1,1,71,,,ADJ
criterio,imagen_cultural,américa,1,1,71,,,PROPN
criterio,imagen_cultural,anfitrión,1,1,71,,,NOUN
criterio,imagen_cultural,animal,1,1,71,,,NOUN
criterio,imagen_cultural,arracherra,1,1,71,,,PROPN
criterio,imagen_cultural,artes,1,1,71,,,PROPN
criterio,imagen_cultural,asador,1,1,71,,,NOUN
criterio,imagen_cultural,asqueroso,1,1,71,,,ADJ
criterio,imagen_cultural,ataque,1,1,71,,,NOUN
criterio,imagen_cultural,autopista,1,1,71,,,NOUN
criterio,imagen_cultural,auténtico,1,1,71,,,ADJ
criterio,imagen_cultural,ave,1,1,71,,,NOUN
criterio,imagen_cultural,aventura,1,1,71,,,NOUN
criterio,imagen_cultural,año,1,1,71,,,NOUN
criterio,imagen_cultural,ballén,1,1,71,,,ADJ
criterio,imagen_cultural,bandeja,1,1,71,,,NOUN
criterio,imagen_cultural,bar,1,1,71,,,NOUN
criterio,imagen_cultural,barco,1,1,71,,,NOUN
criterio,imagen_cultural,basset,1,1,71,,,PROPN
criterio,imagen_cultural,bellas,1,1,71,,,PROPN
criterio,imagen_cultural,bellmare,1,1,71,,,PROPN
criterio,imagen_cultural,bienvenida,1,1,71,,,NOUN
criterio,imagen_cultural,blue,1,1,71,,,PROPN
criterio,imagen_cultural,bocado,1,1,71,,,NOUN
criterio,imagen_cultural,bochorno,1,1,71,,,NOUN
criterio,imagen_cultural,borroso,1,1,71,,,ADJ
criterio,imagen_cultural,bote,1,1,71,,,NOUN
criterio,imagen_cultural,boursin,1,1,71,,,PROPN
criterio,imagen_cultural,bowl,1,1,71,,,PROPN
criterio,imagen_cultural,boy,1,1,71,,,PROPN
criterio,imagen_cultural,brasileño,1,1,71,,,ADJ
criterio,imagen_cultural,brazo,1,1,71,,,NOUN
criterio,imagen_cultural,buceo,1,1,71,,,NOUN
criterio,imagen_cultural,buenacomido,1,1,71,,,ADJ
criterio,imagen_cultural,bufanda,1,1,71,,,NOUN
criterio,imagen_cultural,burrito,1,1,71,,,PROPN
criterio,imagen_cultural,cacerola,1,1,71,,,PROPN
criterio,imagen_cultural,café,1,1,71,,,NOUN
criterio,imagen_cultural,camiseta,1,1,71,,,NOUN
criterio,imagen_cultural,campechano,1,1,71,,,PROPN
criterio,imagen_cultural,campo,1,1,71,,,NOUN
criterio,imagen_cultural,canal,1,1,71,,,NOUN
criterio,imagen_cultural,cantidad,1,1,71,,,NOUN
criterio,imagen_cultural,cargado,1,1,71,,,ADJ
criterio,imagen_cultural,carterista,1,1,71,,,NOUN
criterio,imagen_cultural,casa,1,1,71,,,NOUN
criterio,imagen_cultural,cauli,1,1,71,,,PROPN
criterio,imagen_cultural,cena,1,1,71,,,NOUN
criterio,imagen_cultural,centro,1,1,71,,,NOUN
criterio,imagen_cultural,cercano,1,1,71,,,ADJ
criterio,imagen_cultural,cerdo,1,1,71,,,NOUN
criterio,imagen_cultural,cerro,1,1,71,,,PROPN
criterio,imagen_cultural,cheesy,1,1,71,,,PROPN
criterio,imagen_cultural,chipotle,1,1,71,,,PROPN
criterio,imagen_cultural,chupito,1,1,71,,,NOUN
criterio,imagen_cultural,city,1,1,71,,,PROPN
criterio,imagen_cultural,civilización,1,1,71,,,NOUN
criterio,imagen_cultural,clase,1,1,71,,,NOUN
criterio,imagen_cultural,cobs,1,1,71,,,PROPN
criterio,imagen_cultural,colega,1,1,71,,,NOUN
criterio,imagen_cultural,color,1,1,71,,,NOUN
criterio,imagen_cultural,compañía,1,1,71,,,NOUN
criterio,imagen_cultural,concentrado,1,1,71,,,ADJ
criterio,imagen_cultural,contenido,1,1,71,,,NOUN
criterio,imagen_cultural,covid,1,1,71,,,PROPN
criterio,imagen_cultural,creación,1,1,71,,,NOUN
criterio,imagen_cultural,cremoso,1,1,71,,,ADJ
criterio,imagen_cultural,cromo,1,1,71,,,NOUN
criterio,imagen_cultural,crostini,1,1,71,,,PROPN
criterio,imagen_cultural,crujient,1,1,71,,,ADJ
criterio,imagen_cultural,cruzo,1,1,71,,,PROPN
criterio,imagen_cultural,cuatrimoto,1,1,71,,,NOUN
criterio,imagen_cultural,cubierto,1,1,71,,,ADJ
criterio,imagen_cultural,cuidado,1,1,71,,,NOUN
criterio,imagen_cultural,cumpleaños,1,1,71,,,NOUN
criterio,imagen_cultural,césar,1,1,71,,,PROPN
criterio,imagen_cultural,cóctel,1,1,71,,,NOUN
criterio,imagen_cultural,darke,1,1,71,,,PROPN
criterio,imagen_cultural,das,1,1,71,,,PROPN
criterio,imagen_cultural,dedo,1,1,71,,,NOUN
criterio,imagen_cultural,deliciosa,1,1,71,,,ADJ
criterio,imagen_cultural,delicioso,1,1,71,,,ADJ
criterio,imagen_cultural,deliciós,1,1,71,,,ADJ
criterio,imagen_cultural,despedida,1,1,71,,,NOUN
criterio,imagen_cultural,desperdicio,1,1,71,,,NOUN
criterio,imagen_cultural,destrocemo,1,1,71,,,NOUN
criterio,imagen_cultural,diario,1,1,71,,,NOUN
criterio,imagen_cultural,diente,1,1,71,,,NOUN
criterio,imagen_cultural,diferencia,1,1,71,,,NOUN
criterio,imagen_cultural,dip,1,1,71,,,PROPN
criterio,imagen_cultural,directo,1,1,71,,,ADJ
criterio,imagen_cultural,dison,1,1,71,,,PROPN
criterio,imagen_cultural,diversión,1,1,71,,,NOUN
criterio,imagen_cultural,divertido,1,1,71,,,ADJ
criterio,imagen_cultural,don,1,1,71,,,PROPN
criterio,imagen_cultural,drippy,1,1,71,,,PROPN
criterio,imagen_cultural,droga,1,1,71,,,NOUN
criterio,imagen_cultural,edad,1,1,71,,,NOUN
criterio,imagen_cultural,edificio,1,1,71,,,NOUN
criterio,imagen_cultural,elotes,1,1,71,,,PROPN
criterio,imagen_cultural,emoji,1,1,71,,,NOUN
criterio,imagen_cultural,enchilada,1,1,71,,,ADJ
criterio,imagen_cultural,endiablado,1,1,71,,,ADJ
criterio,imagen_cultural,ensaladas,1,1,71,,,PROPN
criterio,imagen_cultural,equivalente,1,1,71,,,NOUN
criterio,imagen_cultural,españa,1,1,71,,,PROPN
criterio,imagen_cultural,espera,1,1,71,,,NOUN
criterio,imagen_cultural,estadounidense,1,1,71,,,NOUN
criterio,imagen_cultural,experiencia,1,1,71,,,NOUN
criterio,imagen_cultural,exposición,1,1,71,,,NOUN
criterio,imagen_cultural,extra,1,1,71,,,ADJ
criterio,imagen_cultural,familiar,1,1,71,,,ADJ
criterio,imagen_cultural,famoso,1,1,71,,,ADJ
criterio,imagen_cultural,fanfest,1,1,71,,,NOUN
criterio,imagen_cultural,fanfestival,1,1,71,,,ADJ
criterio,imagen_cultural,fifa,1,1,71,,,PROPN
criterio,imagen_cultural,fifawouldcup,1,1,71,,,PROPN
criterio,imagen_cultural,francisco,1,1,71,,,PROPN
criterio,imagen_cultural,fraude,1,1,71,,,NOUN
criterio,imagen_cultural,fryer,1,1,71,,,PROPN
criterio,imagen_cultural,futuro,1,1,71,,,NOUN
criterio,imagen_cultural,fácil,1,1,71,,,ADJ
criterio,imagen_cultural,gana,1,1,71,,,NOUN
criterio,imagen_cultural,general,1,1,71,,,NOUN
criterio,imagen_cultural,good,1,1,71,,,PROPN
criterio,imagen_cultural,griego,1,1,71,,,ADJ
criterio,imagen_cultural,gringo,1,1,71,,,PROPN
criterio,imagen_cultural,grupo,1,1,71,,,NOUN
criterio,imagen_cultural,guaco,1,1,71,,,PROPN
criterio,imagen_cultural,guarnición,1,1,71,,,NOUN
criterio,imagen_cultural,hard,1,1,71,,,PROPN
criterio,imagen_cultural,hermano,1,1,71,,,NOUN
criterio,imagen_cultural,hija,1,1,71,,,NOUN
criterio,imagen_cultural,himno,1,1,71,,,NOUN
criterio,imagen_cultural,hombre,1,1,71,,,NOUN
criterio,imagen_cultural,honor,1,1,71,,,NOUN
criterio,imagen_cultural,horrible,1,1,71,,,ADJ
criterio,imagen_cultural,hot,1,1,71,,,PROPN
criterio,imagen_cultural,hotel,1,1,71,,,NOUN
criterio,imagen_cultural,huevos,1,1,71,,,PROPN
criterio,imagen_cultural,ida,1,1,71,,,NOUN
criterio,imagen_cultural,imagen,1,1,71,,,NOUN
criterio,imagen_cultural,imperfección,1,1,71,,,NOUN
criterio,imagen_cultural,imperio,1,1,71,,,PROPN
criterio,imagen_cultural,impresión,1,1,71,,,NOUN
criterio,imagen_cultural,improviso,1,1,71,,,NOUN
criterio,imagen_cultural,incluido,1,1,71,,,ADJ
criterio,imagen_cultural,infancia,1,1,71,,,NOUN
criterio,imagen_cultural,inglés,1,1,71,,,ADJ
criterio,imagen_cultural,inolvidable,1,1,71,,,ADJ
criterio,imagen_cultural,intenso,1,1,71,,,ADJ
criterio,imagen_cultural,izakayas,1,1,71,,,NOUN
criterio,imagen_cultural,japonés,1,1,71,,,NOUN
criterio,imagen_cultural,jardín,1,1,71,,,PROPN
criterio,imagen_cultural,joda,1,1,71,,,PROPN
criterio,imagen_cultural,joder,1,1,71,,,PROPN
criterio,imagen_cultural,julio,1,1,71,,,PROPN
criterio,imagen_cultural,junto,1,1,71,,,ADJ
criterio,imagen_cultural,laboral,1,1,71,,,ADJ
criterio,imagen_cultural,lancha,1,1,71,,,NOUN
criterio,imagen_cultural,latina,1,1,71,,,PROPN
criterio,imagen_cultural,latino,1,1,71,,,ADJ
criterio,imagen_cultural,legendario,1,1,71,,,ADJ
criterio,imagen_cultural,lenteja,1,1,71,,,NOUN
criterio,imagen_cultural,lentil,1,1,71,,,PROPN
criterio,imagen_cultural,lima,1,1,71,,,PROPN
criterio,imagen_cultural,lindo,1,1,71,,,ADJ
criterio,imagen_cultural,lista,1,1,71,,,NOUN
criterio,imagen_cultural,llamado,1,1,71,,,ADJ
criterio,imagen_cultural,lucha,1,1,71,,,NOUN
criterio,imagen_cultural,machacada,1,1,71,,,ADJ
criterio,imagen_cultural,malo,1,1,71,,,ADJ
criterio,imagen_cultural,mangos,1,1,71,,,PROPN
criterio,imagen_cultural,manteca,1,1,71,,,NOUN
criterio,imagen_cultural,martes,1,1,71,,,NOUN
criterio,imagen_cultural,material,1,1,71,,,NOUN
criterio,imagen_cultural,matutino,1,1,71,,,ADJ
criterio,imagen_cultural,mayor,1,1,71,,,ADJ
criterio,imagen_cultural,mayordomo,1,1,71,,,NOUN
criterio,imagen_cultural,maíz,1,1,71,,,PROPN
criterio,imagen_cultural,mañana,1,1,71,,,NOUN
criterio,imagen_cultural,mental,1,1,71,,,ADJ
criterio,imagen_cultural,mercancía,1,1,71,,,NOUN
criterio,imagen_cultural,mes,1,1,71,,,NOUN
criterio,imagen_cultural,mex,1,1,71,,,PROPN
criterio,imagen_cultural,mexicocity,1,1,71,,,PROPN
criterio,imagen_cultural,miedo,1,1,71,,,NOUN
criterio,imagen_cultural,mierda,1,1,71,,,NOUN
criterio,imagen_cultural,mierdero,1,1,71,,,NOUN
criterio,imagen_cultural,miguel,1,1,71,,,PROPN
criterio,imagen_cultural,mike,1,1,71,,,PROPN
criterio,imagen_cultural,millón,1,1,71,,,NOUN
criterio,imagen_cultural,minjeongie,1,1,71,,,PROPN
criterio,imagen_cultural,mirada,1,1,71,,,NOUN
criterio,imagen_cultural,mono,1,1,71,,,NOUN
criterio,imagen_cultural,montaña,1,1,71,,,NOUN
criterio,imagen_cultural,moral,1,1,71,,,NOUN
criterio,imagen_cultural,morelos,1,1,71,,,PROPN
criterio,imagen_cultural,motivo,1,1,71,,,NOUN
criterio,imagen_cultural,muelle,1,1,71,,,NOUN
criterio,imagen_cultural,multitud,1,1,71,,,NOUN
criterio,imagen_cultural,museo,1,1,71,,,PROPN
criterio,imagen_cultural,mágico,1,1,71,,,ADJ
criterio,imagen_cultural,máximo,1,1,71,,,ADJ
criterio,imagen_cultural,nachos,1,1,71,,,PROPN
criterio,imagen_cultural,nacional,1,1,71,,,ADJ
criterio,imagen_cultural,nadé,1,1,71,,,PROPN
criterio,imagen_cultural,nivel,1,1,71,,,NOUN
criterio,imagen_cultural,novio,1,1,71,,,NOUN
criterio,imagen_cultural,nómado,1,1,71,,,ADJ
criterio,imagen_cultural,oficial,1,1,71,,,ADJ
criterio,imagen_cultural,oficina,1,1,71,,,NOUN
criterio,imagen_cultural,ohhhhhhhh,1,1,71,,,PROPN
criterio,imagen_cultural,ojalá,1,1,71,,,ADJ
criterio,imagen_cultural,ojo,1,1,71,,,NOUN
criterio,imagen_cultural,padrino,1,1,71,,,NOUN
criterio,imagen_cultural,paint,1,1,71,,,PROPN
criterio,imagen_cultural,palacio,1,1,71,,,PROPN
criterio,imagen_cultural,papas,1,1,71,,,PROPN
criterio,imagen_cultural,papaya,1,1,71,,,PROPN
criterio,imagen_cultural,parche,1,1,71,,,NOUN
criterio,imagen_cultural,pared,1,1,71,,,NOUN
criterio,imagen_cultural,pareja,1,1,71,,,NOUN
criterio,imagen_cultural,pasión,1,1,71,,,NOUN
criterio,imagen_cultural,pensamiento,1,1,71,,,NOUN
criterio,imagen_cultural,perfecto,1,1,71,,,ADJ
criterio,imagen_cultural,persona,1,1,71,,,NOUN
criterio,imagen_cultural,pesto,1,1,71,,,NOUN
criterio,imagen_cultural,piel,1,1,71,,,NOUN
criterio,imagen_cultural,pila,1,1,71,,,NOUN
criterio,imagen_cultural,pirámid,1,1,71,,,NOUN
criterio,imagen_cultural,pistola,1,1,71,,,NOUN
criterio,imagen_cultural,plus,1,1,71,,,NOUN
criterio,imagen_cultural,población,1,1,71,,,NOUN
criterio,imagen_cultural,pobre,1,1,71,,,ADJ
criterio,imagen_cultural,ponte,1,1,71,,,PROPN
criterio,imagen_cultural,portugal,1,1,71,,,PROPN
criterio,imagen_cultural,pozolero,1,1,71,,,PROPN
criterio,imagen_cultural,praga,1,1,71,,,PROPN
criterio,imagen_cultural,precioso,1,1,71,,,ADJ
criterio,imagen_cultural,preparado,1,1,71,,,ADJ
criterio,imagen_cultural,promedio,1,1,71,,,NOUN
criterio,imagen_cultural,próximo,1,1,71,,,ADJ
criterio,imagen_cultural,publicación,1,1,71,,,NOUN
criterio,imagen_cultural,pueblo,1,1,71,,,NOUN
criterio,imagen_cultural,puerto,1,1,71,,,PROPN
criterio,imagen_cultural,punta,1,1,71,,,NOUN
criterio,imagen_cultural,punto,1,1,71,,,NOUN
criterio,imagen_cultural,queja,1,1,71,,,NOUN
criterio,imagen_cultural,ranch,1,1,71,,,PROPN
criterio,imagen_cultural,rara,1,1,71,,,ADJ
criterio,imagen_cultural,realidad,1,1,71,,,NOUN
criterio,imagen_cultural,reciente,1,1,71,,,ADJ
criterio,imagen_cultural,recuerdo,1,1,71,,,NOUN
criterio,imagen_cultural,rellena,1,1,71,,,NOUN
criterio,imagen_cultural,restaurante,1,1,71,,,NOUN
criterio,imagen_cultural,resto,1,1,71,,,NOUN
criterio,imagen_cultural,restricción,1,1,71,,,NOUN
criterio,imagen_cultural,reto,1,1,71,,,NOUN
criterio,imagen_cultural,robo,1,1,71,,,NOUN
criterio,imagen_cultural,ruinas,1,1,71,,,PROPN
criterio,imagen_cultural,rutina,1,1,71,,,NOUN
criterio,imagen_cultural,rápido,1,1,71,,,ADJ
criterio,imagen_cultural,sabor,1,1,71,,,NOUN
criterio,imagen_cultural,salud,1,1,71,,,NOUN
criterio,imagen_cultural,sandía,1,1,71,,,PROPN
criterio,imagen_cultural,sazonada,1,1,71,,,ADJ
criterio,imagen_cultural,seguro,1,1,71,,,ADJ
criterio,imagen_cultural,selva,1,1,71,,,NOUN
criterio,imagen_cultural,septiembre,1,1,71,,,NOUN
criterio,imagen_cultural,serio,1,1,71,,,NOUN
criterio,imagen_cultural,servicio,1,1,71,,,NOUN
criterio,imagen_cultural,sexy,1,1,71,,,PROPN
criterio,imagen_cultural,silencioso,1,1,71,,,ADJ
criterio,imagen_cultural,silla,1,1,71,,,PROPN
criterio,imagen_cultural,simpático,1,1,71,,,ADJ
criterio,imagen_cultural,snorkel,1,1,71,,,NOUN
criterio,imagen_cultural,soltero,1,1,71,,,NOUN
criterio,imagen_cultural,sombra,1,1,71,,,NOUN
criterio,imagen_cultural,sorpresa,1,1,71,,,NOUN
criterio,imagen_cultural,stadium,1,1,71,,,PROPN
criterio,imagen_cultural,streetcorn,1,1,71,,,PROPN
criterio,imagen_cultural,suerte,1,1,71,,,NOUN
criterio,imagen_cultural,summer,1,1,71,,,PROPN
criterio,imagen_cultural,sur,1,1,71,,,NOUN
criterio,imagen_cultural,tacotuesday,1,1,71,,,PROPN
criterio,imagen_cultural,taiwán,1,1,71,,,PROPN
criterio,imagen_cultural,taxi,1,1,71,,,NOUN
criterio,imagen_cultural,taza,1,1,71,,,NOUN
criterio,imagen_cultural,tbt,1,1,71,,,PROPN
criterio,imagen_cultural,teleférico,1,1,71,,,PROPN
criterio,imagen_cultural,teléfono,1,1,71,,,NOUN
criterio,imagen_cultural,teotihuacan,1,1,71,,,PROPN
criterio,imagen_cultural,tequila,1,1,71,,,PROPN
criterio,imagen_cultural,texas,1,1,71,,,PROPN
criterio,imagen_cultural,tiburón,1,1,71,,,NOUN
criterio,imagen_cultural,tierra,1,1,71,,,NOUN
criterio,imagen_cultural,tikal,1,1,71,,,PROPN
criterio,imagen_cultural,tokio,1,1,71,,,PROPN
criterio,imagen_cultural,tomate,1,1,71,,,NOUN
criterio,imagen_cultural,torneo,1,1,71,,,NOUN
criterio,imagen_cultural,tranmere,1,1,71,,,PROPN
criterio,imagen_cultural,triturado,1,1,71,,,PROPN
criterio,imagen_cultural,tsunsan,1,1,71,,,PROPN
criterio,imagen_cultural,turista,1,1,71,,,NOUN
criterio,imagen_cultural,ugh,1,1,71,,,PROPN
criterio,imagen_cultural,unidos,1,1,71,,,PROPN
criterio,imagen_cultural,vacavibes,1,1,71,,,PROPN
criterio,imagen_cultural,vegetariano,1,1,71,,,NOUN
criterio,imagen_cultural,veraniega,1,1,71,,,PROPN
criterio,imagen_cultural,video,1,1,71,,,NOUN
criterio,imagen_cultural,viernes,1,1,71,,,NOUN
criterio,imagen_cultural,vista,1,1,71,,,NOUN
criterio,imagen_cultural,vivamexico,1,1,71,,,PROPN
criterio,imagen_cultural,vivo,1,1,71,,,ADJ
criterio,imagen_cultural,volumen,1,1,71,,,NOUN
criterio,imagen_cultural,vomitivo,1,1,71,,,ADJ
criterio,imagen_cultural,vídeo,1,1,71,,,NOUN
criterio,imagen_cultural,world,1,1,71,,,PROPN
criterio,imagen_cultural,yonna,1,1,71,,,PROPN
criterio,imagen_cultural,ángeles,1,1,71,,,PROPN
criterio,imagen_cultural,único,1,1,71,,,ADJ
criterio,perspectiva_politica,méxico,17,15,25,,,PROPN
criterio,perspectiva_politica,ciudad,9,6,25,,,PROPN
criterio,perspectiva_politica,monterrey,6,5,25,,,PROPN
criterio,perspectiva_politica,aeropuerto,4,3,25,,,NOUN
criterio,perspectiva_politica,cuidado,4,4,25,,,NOUN
criterio,perspectiva_politica,hora,4,4,25,,,NOUN
criterio,perspectiva_politica,mexicano,4,4,25,,,ADJ
criterio,perspectiva_politica,partido,4,4,25,,,NOUN
criterio,perspectiva_politica,policía,4,3,25,,,NOUN
criterio,perspectiva_politica,amigo,3,2,25,,,NOUN
criterio,perspectiva_politica,autobús,3,2,25,,,NOUN
criterio,perspectiva_politica,equipaje,3,3,25,,,NOUN
criterio,perspectiva_politica,extranjero,3,3,25,,,NOUN
criterio,perspectiva_politica,jajaja,3,2,25,,,PROPN
criterio,perspectiva_politica,lugar,3,3,25,,,NOUN
criterio,perspectiva_politica,país,3,3,25,,,NOUN
criterio,perspectiva_politica,taxi,3,2,25,,,NOUN
criterio,perspectiva_politica,teléfono,3,2,25,,,NOUN
criterio,perspectiva_politica,viaje,3,3,25,,,NOUN
criterio,perspectiva_politica,carterismo,2,2,25,,,NOUN
criterio,perspectiva_politica,carterista,2,2,25,,,NOUN
criterio,perspectiva_politica,compañero,2,2,25,,,NOUN
criterio,perspectiva_politica,cosa,2,2,25,,,NOUN
criterio,perspectiva_politica,cárcel,2,2,25,,,NOUN
criterio,perspectiva_politica,dinero,2,2,25,,,NOUN
criterio,perspectiva_politica,estadio,2,2,25,,,NOUN
criterio,perspectiva_politica,gratuito,2,1,25,,,ADJ
criterio,perspectiva_politica,increíble,2,2,25,,,ADJ
criterio,perspectiva_politica,lleno,2,2,25,,,ADJ
criterio,perspectiva_politica,maya,2,1,25,,,ADJ
criterio,perspectiva_politica,nivel,2,1,25,,,NOUN
criterio,perspectiva_politica,pesos,2,1,25,,,NOUN
criterio,perspectiva_politica,problema,2,1,25,,,NOUN
criterio,perspectiva_politica,ruina,2,1,25,,,NOUN
criterio,perspectiva_politica,seguro,2,2,25,,,ADJ
criterio,perspectiva_politica,semana,2,2,25,,,NOUN
criterio,perspectiva_politica,siquiera,2,2,25,,,NOUN
criterio,perspectiva_politica,uber,2,2,25,,,PROPN
criterio,perspectiva_politica,vapeador,2,1,25,,,NOUN
criterio,perspectiva_politica,absoluto,1,1,25,,,NOUN
criterio,perspectiva_politica,aficionado,1,1,25,,,NOUN
criterio,perspectiva_politica,agua,1,1,25,,,NOUN
criterio,perspectiva_politica,ajetreado,1,1,25,,,ADJ
criterio,perspectiva_politica,alerta,1,1,25,,,NOUN
criterio,perspectiva_politica,alijo,1,1,25,,,NOUN
criterio,perspectiva_politica,ambiente,1,1,25,,,NOUN
criterio,perspectiva_politica,ametralladora,1,1,25,,,NOUN
criterio,perspectiva_politica,animal,1,1,25,,,NOUN
criterio,perspectiva_politica,aplicación,1,1,25,,,NOUN
criterio,perspectiva_politica,asalto,1,1,25,,,NOUN
criterio,perspectiva_politica,asuntos,1,1,25,,,PROPN
criterio,perspectiva_politica,automático,1,1,25,,,ADJ
criterio,perspectiva_politica,ave,1,1,25,,,NOUN
criterio,perspectiva_politica,azteca,1,1,25,,,PROPN
criterio,perspectiva_politica,barato,1,1,25,,,ADJ
criterio,perspectiva_politica,bolsillo,1,1,25,,,NOUN
criterio,perspectiva_politica,bonito,1,1,25,,,ADJ
criterio,perspectiva_politica,botella,1,1,25,,,NOUN
criterio,perspectiva_politica,bufanda,1,1,25,,,NOUN
criterio,perspectiva_politica,burocracia,1,1,25,,,NOUN
criterio,perspectiva_politica,cajero,1,1,25,,,NOUN
criterio,perspectiva_politica,camino,1,1,25,,,NOUN
criterio,perspectiva_politica,campo,1,1,25,,,NOUN
criterio,perspectiva_politica,cancún,1,1,25,,,PROPN
criterio,perspectiva_politica,cantidad,1,1,25,,,NOUN
criterio,perspectiva_politica,cao,1,1,25,,,NOUN
criterio,perspectiva_politica,caro,1,1,25,,,ADJ
criterio,perspectiva_politica,civilización,1,1,25,,,NOUN
criterio,perspectiva_politica,colorida,1,1,25,,,ADJ
criterio,perspectiva_politica,comisaría,1,1,25,,,NOUN
criterio,perspectiva_politica,compresa,1,1,25,,,NOUN
criterio,perspectiva_politica,considerable,1,1,25,,,ADJ
criterio,perspectiva_politica,corrupto,1,1,25,,,ADJ
criterio,perspectiva_politica,crédito,1,1,25,,,NOUN
criterio,perspectiva_politica,cuestión,1,1,25,,,NOUN
criterio,perspectiva_politica,cálido,1,1,25,,,ADJ
criterio,perspectiva_politica,denuncia,1,1,25,,,NOUN
criterio,perspectiva_politica,desagradable,1,1,25,,,ADJ
criterio,perspectiva_politica,descanso,1,1,25,,,NOUN
criterio,perspectiva_politica,dios,1,1,25,,,PROPN
criterio,perspectiva_politica,directo,1,1,25,,,ADJ
criterio,perspectiva_politica,diversión,1,1,25,,,NOUN
criterio,perspectiva_politica,dólares,1,1,25,,,NOUN
criterio,perspectiva_politica,envuelto,1,1,25,,,ADJ
criterio,perspectiva_politica,español,1,1,25,,,NOUN
criterio,perspectiva_politica,especial,1,1,25,,,ADJ
criterio,perspectiva_politica,espectador,1,1,25,,,NOUN
criterio,perspectiva_politica,experiencia,1,1,25,,,NOUN
criterio,perspectiva_politica,exteriores,1,1,25,,,PROPN
criterio,perspectiva_politica,extraviado,1,1,25,,,ADJ
criterio,perspectiva_politica,falso,1,1,25,,,ADJ
criterio,perspectiva_politica,fanfest,1,1,25,,,NOUN
criterio,perspectiva_politica,fanfestival,1,1,25,,,ADJ
criterio,perspectiva_politica,felipe,1,1,25,,,PROPN
criterio,perspectiva_politica,feliz,1,1,25,,,ADJ
criterio,perspectiva_politica,fifawouldcup,1,1,25,,,PROPN
criterio,perspectiva_politica,foto,1,1,25,,,NOUN
criterio,perspectiva_politica,genial,1,1,25,,,ADJ
criterio,perspectiva_politica,golpe,1,1,25,,,NOUN
criterio,perspectiva_politica,grave,1,1,25,,,ADJ
criterio,perspectiva_politica,guardia,1,1,25,,,NOUN
criterio,perspectiva_politica,gubernamental,1,1,25,,,ADJ
criterio,perspectiva_politica,hidratación,1,1,25,,,NOUN
criterio,perspectiva_politica,historia,1,1,25,,,NOUN
criterio,perspectiva_politica,horario,1,1,25,,,NOUN
criterio,perspectiva_politica,horrible,1,1,25,,,ADJ
criterio,perspectiva_politica,hospitalidad,1,1,25,,,NOUN
criterio,perspectiva_politica,imponent,1,1,25,,,NOUN
criterio,perspectiva_politica,incidente,1,1,25,,,NOUN
criterio,perspectiva_politica,infusionado,1,1,25,,,ADJ
criterio,perspectiva_politica,inglaterra,1,1,25,,,PROPN
criterio,perspectiva_politica,internacional,1,1,25,,,PROPN
criterio,perspectiva_politica,japonés,1,1,25,,,ADJ
criterio,perspectiva_politica,joda,1,1,25,,,PROPN
criterio,perspectiva_politica,joder,1,1,25,,,PROPN
criterio,perspectiva_politica,justo,1,1,25,,,PROPN
criterio,perspectiva_politica,lcc,1,1,25,,,PROPN
criterio,perspectiva_politica,lista,1,1,25,,,NOUN
criterio,perspectiva_politica,loco,1,1,25,,,ADJ
criterio,perspectiva_politica,madrugada,1,1,25,,,NOUN
criterio,perspectiva_politica,material,1,1,25,,,NOUN
criterio,perspectiva_politica,mayor,1,1,25,,,ADJ
criterio,perspectiva_politica,mental,1,1,25,,,ADJ
criterio,perspectiva_politica,mercado,1,1,25,,,NOUN
criterio,perspectiva_politica,mercancía,1,1,25,,,NOUN
criterio,perspectiva_politica,metro,1,1,25,,,NOUN
criterio,perspectiva_politica,mierda,1,1,25,,,NOUN
criterio,perspectiva_politica,ministerio,1,1,25,,,PROPN
criterio,perspectiva_politica,mitad,1,1,25,,,NOUN
criterio,perspectiva_politica,mono,1,1,25,,,NOUN
criterio,perspectiva_politica,mostrador,1,1,25,,,NOUN
criterio,perspectiva_politica,mundo,1,1,25,,,NOUN
criterio,perspectiva_politica,método,1,1,25,,,NOUN
criterio,perspectiva_politica,música,1,1,25,,,NOUN
criterio,perspectiva_politica,negro,1,1,25,,,NOUN
criterio,perspectiva_politica,niño,1,1,25,,,NOUN
criterio,perspectiva_politica,noche,1,1,25,,,NOUN
criterio,perspectiva_politica,odio,1,1,25,,,PROPN
criterio,perspectiva_politica,online,1,1,25,,,ADJ
criterio,perspectiva_politica,onza,1,1,25,,,NOUN
criterio,perspectiva_politica,orden,1,1,25,,,NOUN
criterio,perspectiva_politica,peligro,1,1,25,,,NOUN
criterio,perspectiva_politica,pequeño,1,1,25,,,ADJ
criterio,perspectiva_politica,pistola,1,1,25,,,NOUN
criterio,perspectiva_politica,plus,1,1,25,,,NOUN
criterio,perspectiva_politica,pobre,1,1,25,,,ADJ
criterio,perspectiva_politica,porro,1,1,25,,,NOUN
criterio,perspectiva_politica,principio,1,1,25,,,NOUN
criterio,perspectiva_politica,prueba,1,1,25,,,NOUN
criterio,perspectiva_politica,pueblo,1,1,25,,,NOUN
criterio,perspectiva_politica,punta,1,1,25,,,NOUN
criterio,perspectiva_politica,punto,1,1,25,,,NOUN
criterio,perspectiva_politica,público,1,1,25,,,ADJ
criterio,perspectiva_politica,razonable,1,1,25,,,ADJ
criterio,perspectiva_politica,razón,1,1,25,,,NOUN
criterio,perspectiva_politica,reclamación,1,1,25,,,NOUN
criterio,perspectiva_politica,regateando,1,1,25,,,ADJ
criterio,perspectiva_politica,regreso,1,1,25,,,NOUN
criterio,perspectiva_politica,resumen,1,1,25,,,NOUN
criterio,perspectiva_politica,retirado,1,1,25,,,ADJ
criterio,perspectiva_politica,robado,1,1,25,,,ADJ
criterio,perspectiva_politica,robo,1,1,25,,,NOUN
criterio,perspectiva_politica,salud,1,1,25,,,NOUN
criterio,perspectiva_politica,selva,1,1,25,,,NOUN
criterio,perspectiva_politica,serio,1,1,25,,,NOUN
criterio,perspectiva_politica,sombra,1,1,25,,,NOUN
criterio,perspectiva_politica,supermercado,1,1,25,,,NOUN
criterio,perspectiva_politica,sur,1,1,25,,,NOUN
criterio,perspectiva_politica,tarifa,1,1,25,,,NOUN
criterio,perspectiva_politica,tarjeta,1,1,25,,,NOUN
criterio,perspectiva_politica,techo,1,1,25,,,NOUN
criterio,perspectiva_politica,teleférico,1,1,25,,,PROPN
criterio,perspectiva_politica,terminal,1,1,25,,,NOUN
criterio,perspectiva_politica,tijuana,1,1,25,,,PROPN
criterio,perspectiva_politica,tikal,1,1,25,,,PROPN
criterio,perspectiva_politica,torneo,1,1,25,,,NOUN
criterio,perspectiva_politica,tour,1,1,25,,,NOUN
criterio,perspectiva_politica,traducción,1,1,25,,,NOUN
criterio,perspectiva_politica,traslado,1,1,25,,,NOUN
criterio,perspectiva_politica,tren,1,1,25,,,NOUN
criterio,perspectiva_politica,tulum,1,1,25,,,PROPN
criterio,perspectiva_politica,túnez,1,1,25,,,PROPN
criterio,perspectiva_politica,unidos,1,1,25,,,PROPN
criterio,perspectiva_politica,vista,1,1,25,,,NOUN
criterio,perspectiva_politica,vivo,1,1,25,,,ADJ
criterio,perspectiva_politica,volumen,1,1,25,,,NOUN
criterio,perspectiva_politica,voluntario,1,1,25,,,NOUN
criterio,perspectiva_politica,víctima,1,1,25,,,NOUN
criterio,perspectiva_politica,ángeles,1,1,25,,,PROPN
criterio,perspectiva_politica,único,1,1,25,,,ADJ
criterio,violencia,méxico,19,16,25,,,PROPN
criterio,violencia,mexicano,6,5,25,,,NOUN
criterio,violencia,ciudad,5,4,25,,,PROPN
criterio,violencia,gente,5,4,25,,,NOUN
criterio,violencia,noche,5,4,25,,,NOUN
criterio,violencia,país,5,4,25,,,NOUN
criterio,violencia,cancún,4,4,25,,,PROPN
criterio,violencia,cuidado,4,4,25,,,NOUN
criterio,violencia,monterrey,4,3,25,,,PROPN
criterio,violencia,policía,4,3,25,,,NOUN
criterio,violencia,amigo,3,2,25,,,NOUN
criterio,violencia,dinero,3,3,25,,,NOUN
criterio,violencia,extranjero,3,3,25,,,NOUN
criterio,violencia,increíble,3,3,25,,,ADJ
criterio,violencia,jajaja,3,2,25,,,PROPN
criterio,violencia,mierda,3,3,25,,,NOUN
criterio,violencia,partido,3,3,25,,,NOUN
criterio,violencia,teléfono,3,2,25,,,NOUN
criterio,violencia,único,3,3,25,,,ADJ
criterio,violencia,amable,2,2,25,,,ADJ
criterio,violencia,año,2,2,25,,,NOUN
criterio,violencia,carterismo,2,2,25,,,NOUN
criterio,violencia,carterista,2,2,25,,,NOUN
criterio,violencia,chica,2,2,25,,,NOUN
criterio,violencia,compañero,2,2,25,,,NOUN
criterio,violencia,cárcel,2,2,25,,,NOUN
criterio,violencia,foto,2,2,25,,,NOUN
criterio,violencia,japonés,2,2,25,,,NOUN
criterio,violencia,nivel,2,1,25,,,NOUN
criterio,violencia,orden,2,2,25,,,NOUN
criterio,violencia,pequeño,2,2,25,,,ADJ
criterio,violencia,pesos,2,1,25,,,NOUN
criterio,violencia,problema,2,1,25,,,NOUN
criterio,violencia,próximo,2,1,25,,,ADJ
criterio,violencia,seguro,2,2,25,,,ADJ
criterio,violencia,semana,2,2,25,,,NOUN
criterio,violencia,serio,2,2,25,,,NOUN
criterio,violencia,siquiera,2,2,25,,,NOUN
criterio,violencia,viaje,2,2,25,,,NOUN
criterio,violencia,abierto,1,1,25,,,ADJ
criterio,violencia,acogedoro,1,1,25,,,ADJ
criterio,violencia,aeropuerto,1,1,25,,,NOUN
criterio,violencia,aficionado,1,1,25,,,NOUN
criterio,violencia,alerta,1,1,25,,,NOUN
criterio,violencia,alijo,1,1,25,,,NOUN
criterio,violencia,ambiente,1,1,25,,,NOUN
criterio,violencia,ametralladora,1,1,25,,,NOUN
criterio,violencia,asalto,1,1,25,,,NOUN
criterio,violencia,asuntos,1,1,25,,,PROPN
criterio,violencia,automático,1,1,25,,,ADJ
criterio,violencia,bote,1,1,25,,,NOUN
criterio,violencia,brazo,1,1,25,,,NOUN
criterio,violencia,cajero,1,1,25,,,NOUN
criterio,violencia,chat,1,1,25,,,NOUN
criterio,violencia,colgado,1,1,25,,,ADJ
criterio,violencia,comida,1,1,25,,,NOUN
criterio,violencia,comisaría,1,1,25,,,NOUN
criterio,violencia,comunicación,1,1,25,,,NOUN
criterio,violencia,considerable,1,1,25,,,ADJ
criterio,violencia,contándole,1,1,25,,,PROPN
criterio,violencia,corrupto,1,1,25,,,ADJ
criterio,violencia,cosa,1,1,25,,,NOUN
criterio,violencia,crédito,1,1,25,,,NOUN
criterio,violencia,cuerpo,1,1,25,,,NOUN
criterio,violencia,cuestión,1,1,25,,,NOUN
criterio,violencia,cálido,1,1,25,,,ADJ
criterio,violencia,deliciós,1,1,25,,,ADJ
criterio,violencia,denuncia,1,1,25,,,NOUN
criterio,violencia,desagradable,1,1,25,,,ADJ
criterio,violencia,desperdicio,1,1,25,,,NOUN
criterio,violencia,din,1,1,25,,,PROPN
criterio,violencia,dios,1,1,25,,,PROPN
criterio,violencia,directo,1,1,25,,,ADJ
criterio,violencia,diversión,1,1,25,,,NOUN
criterio,violencia,droga,1,1,25,,,NOUN
criterio,violencia,dustin,1,1,25,,,PROPN
criterio,violencia,dólares,1,1,25,,,NOUN
criterio,violencia,enemigo,1,1,25,,,NOUN
criterio,violencia,envuelto,1,1,25,,,ADJ
criterio,violencia,equipaje,1,1,25,,,NOUN
criterio,violencia,español,1,1,25,,,NOUN
criterio,violencia,especial,1,1,25,,,ADJ
criterio,violencia,experiencia,1,1,25,,,NOUN
criterio,violencia,exteriores,1,1,25,,,PROPN
criterio,violencia,extraviado,1,1,25,,,ADJ
criterio,violencia,falso,1,1,25,,,ADJ
criterio,violencia,felipe,1,1,25,,,PROPN
criterio,violencia,feliz,1,1,25,,,ADJ
criterio,violencia,follármelo,1,1,25,,,NOUN
criterio,violencia,golpe,1,1,25,,,NOUN
criterio,violencia,grave,1,1,25,,,ADJ
criterio,violencia,grupo,1,1,25,,,NOUN
criterio,violencia,guardia,1,1,25,,,NOUN
criterio,violencia,historia,1,1,25,,,NOUN
criterio,violencia,hombre,1,1,25,,,NOUN
criterio,violencia,hora,1,1,25,,,NOUN
criterio,violencia,horrible,1,1,25,,,ADJ
criterio,violencia,hospitalidad,1,1,25,,,NOUN
criterio,violencia,idea,1,1,25,,,NOUN
criterio,violencia,imponent,1,1,25,,,NOUN
criterio,violencia,impresión,1,1,25,,,NOUN
criterio,violencia,incidente,1,1,25,,,NOUN
criterio,violencia,inframundo,1,1,25,,,NOUN
criterio,violencia,inglaterra,1,1,25,,,PROPN
criterio,violencia,internacional,1,1,25,,,PROPN
criterio,violencia,jaula,1,1,25,,,NOUN
criterio,violencia,joda,1,1,25,,,PROPN
criterio,violencia,judicial,1,1,25,,,ADJ
criterio,violencia,justo,1,1,25,,,PROPN
criterio,violencia,lotta,1,1,25,,,PROPN
criterio,violencia,lugar,1,1,25,,,NOUN
criterio,violencia,madrugada,1,1,25,,,NOUN
criterio,violencia,maravilloso,1,1,25,,,ADJ
criterio,violencia,mejor,1,1,25,,,ADJ
criterio,violencia,mensaje,1,1,25,,,NOUN
criterio,violencia,mental,1,1,25,,,ADJ
criterio,violencia,mercado,1,1,25,,,NOUN
criterio,violencia,mexico,1,1,25,,,PROPN
criterio,violencia,miedo,1,1,25,,,NOUN
criterio,violencia,mierdero,1,1,25,,,NOUN
criterio,violencia,ministerio,1,1,25,,,PROPN
criterio,violencia,mitad,1,1,25,,,NOUN
criterio,violencia,mundo,1,1,25,,,NOUN
criterio,violencia,musculós,1,1,25,,,ADJ
criterio,violencia,negro,1,1,25,,,ADJ
criterio,violencia,neutralización,1,1,25,,,NOUN
criterio,violencia,nombre,1,1,25,,,NOUN
criterio,violencia,odio,1,1,25,,,PROPN
criterio,violencia,ofensivo,1,1,25,,,ADJ
criterio,violencia,ohhhhhhhh,1,1,25,,,PROPN
criterio,violencia,onza,1,1,25,,,NOUN
criterio,violencia,paseo,1,1,25,,,NOUN
criterio,violencia,peligro,1,1,25,,,NOUN
criterio,violencia,pene,1,1,25,,,NOUN
criterio,violencia,perfecto,1,1,25,,,ADJ
criterio,violencia,pistola,1,1,25,,,NOUN
criterio,violencia,placa,1,1,25,,,NOUN
criterio,violencia,principio,1,1,25,,,NOUN
criterio,violencia,prometida,1,1,25,,,NOUN
criterio,violencia,prueba,1,1,25,,,NOUN
criterio,violencia,pueblo,1,1,25,,,NOUN
criterio,violencia,punta,1,1,25,,,NOUN
criterio,violencia,público,1,1,25,,,ADJ
criterio,violencia,razonable,1,1,25,,,ADJ
criterio,violencia,razón,1,1,25,,,NOUN
criterio,violencia,reclamación,1,1,25,,,NOUN
criterio,violencia,regateando,1,1,25,,,ADJ
criterio,violencia,regreso,1,1,25,,,NOUN
criterio,violencia,rescate,1,1,25,,,NOUN
criterio,violencia,resumen,1,1,25,,,NOUN
criterio,violencia,retirado,1,1,25,,,ADJ
criterio,violencia,robado,1,1,25,,,ADJ
criterio,violencia,salud,1,1,25,,,NOUN
criterio,violencia,sexy,1,1,25,,,ADJ
criterio,violencia,simple,1,1,25,,,ADJ
criterio,violencia,sospechoso,1,1,25,,,NOUN
criterio,violencia,supermercado,1,1,25,,,NOUN
criterio,violencia,sur,1,1,25,,,NOUN
criterio,violencia,tarjeta,1,1,25,,,NOUN
criterio,violencia,tatuaje,1,1,25,,,NOUN
criterio,violencia,taxi,1,1,25,,,NOUN
criterio,violencia,tequila,1,1,25,,,PROPN
criterio,violencia,terrible,1,1,25,,,ADJ
criterio,violencia,texto,1,1,25,,,NOUN
criterio,violencia,tijuana,1,1,25,,,PROPN
criterio,violencia,tubo,1,1,25,,,NOUN
criterio,violencia,túnez,1,1,25,,,PROPN
criterio,violencia,unidos,1,1,25,,,PROPN
criterio,violencia,vestigio,1,1,25,,,NOUN
criterio,violencia,violador,1,1,25,,,NOUN
criterio,violencia,visible,1,1,25,,,ADJ
criterio,violencia,víctima,1,1,25,,,NOUN
criterio,violencia,zeb,1,1,25,,,PROPN
criterio,violencia,ángeles,1,1,25,,,PROPN
criterio_valencia,atmosfera__ambivalente,increíble,3,3,4,0.867,10.0,ADJ
criterio_valencia,atmosfera__ambivalente,méxico,2,2,4,-0.052,65.0,PROPN
criterio_valencia,atmosfera__ambivalente,país,2,2,4,0.639,8.0,NOUN
criterio_valencia,atmosfera__ambivalente,amable,1,1,4,0.45,4.0,ADJ
criterio_valencia,atmosfera__ambivalente,apoyo,1,1,4,,,NOUN
criterio_valencia,atmosfera__ambivalente,bochorno,1,1,4,,,NOUN
criterio_valencia,atmosfera__ambivalente,carterista,1,1,4,,,NOUN
criterio_valencia,atmosfera__ambivalente,cerro,1,1,4,,,PROPN
criterio_valencia,atmosfera__ambivalente,comida,1,1,4,0.45,4.0,NOUN
criterio_valencia,atmosfera__ambivalente,deliciós,1,1,4,,,ADJ
criterio_valencia,atmosfera__ambivalente,directo,1,1,4,,,ADJ
criterio_valencia,atmosfera__ambivalente,estadio,1,1,4,0.625,2.0,NOUN
criterio_valencia,atmosfera__ambivalente,feliz,1,1,4,0.523,3.0,ADJ
criterio_valencia,atmosfera__ambivalente,gente,1,1,4,0.169,13.0,NOUN
criterio_valencia,atmosfera__ambivalente,hora,1,1,4,0.253,9.0,NOUN
criterio_valencia,atmosfera__ambivalente,horrible,1,1,4,,,ADJ
criterio_valencia,atmosfera__ambivalente,impresionante,1,1,4,,,ADJ
criterio_valencia,atmosfera__ambivalente,japonés,1,1,4,0.625,2.0,NOUN
criterio_valencia,atmosfera__ambivalente,lugar,1,1,4,0.253,9.0,NOUN
criterio_valencia,atmosfera__ambivalente,mental,1,1,4,,,ADJ
criterio_valencia,atmosfera__ambivalente,monterrey,1,1,4,0.253,9.0,PROPN
criterio_valencia,atmosfera__ambivalente,noche,1,1,4,0.349,6.0,NOUN
criterio_valencia,atmosfera__ambivalente,pequeño,1,1,4,0.625,2.0,ADJ
criterio_valencia,atmosfera__ambivalente,pueblo,1,1,4,,,NOUN
criterio_valencia,atmosfera__ambivalente,restricción,1,1,4,,,NOUN
criterio_valencia,atmosfera__ambivalente,salud,1,1,4,,,NOUN
criterio_valencia,atmosfera__ambivalente,semana,1,1,4,0.228,10.0,NOUN
criterio_valencia,atmosfera__ambivalente,serio,1,1,4,0.45,4.0,NOUN
criterio_valencia,atmosfera__ambivalente,silla,1,1,4,,,PROPN
criterio_valencia,atmosfera__ambivalente,sur,1,1,4,,,NOUN
criterio_valencia,atmosfera__ambivalente,teléfono,1,1,4,0.625,2.0,NOUN
criterio_valencia,atmosfera__ambivalente,unidos,1,1,4,,,PROPN
criterio_valencia,atmosfera__negativo,méxico,21,17,38,-0.418,46.0,PROPN
criterio_valencia,atmosfera__negativo,mexicano,12,11,38,0.745,13.0,NOUN
criterio_valencia,atmosfera__negativo,ciudad,8,5,38,0.143,13.0,PROPN
criterio_valencia,atmosfera__negativo,gente,7,5,38,0.639,7.0,NOUN
criterio_valencia,atmosfera__negativo,partido,7,5,38,1.089,4.0,NOUN
criterio_valencia,atmosfera__negativo,extranjero,6,6,38,1.785,0.0,NOUN
criterio_valencia,atmosfera__negativo,inglaterra,5,3,38,1.101,2.0,PROPN
criterio_valencia,atmosfera__negativo,monterrey,5,4,38,0.538,5.0,PROPN
criterio_valencia,atmosfera__negativo,cuidado,4,4,38,1.455,0.0,NOUN
criterio_valencia,atmosfera__negativo,mierda,4,4,38,1.455,0.0,NOUN
criterio_valencia,atmosfera__negativo,amigo,3,2,38,-0.202,7.0,NOUN
criterio_valencia,atmosfera__negativo,cancún,3,3,38,0.415,3.0,PROPN
criterio_valencia,atmosfera__negativo,dinero,3,3,38,0.91,1.0,NOUN
criterio_valencia,atmosfera__negativo,hora,3,3,38,-0.202,7.0,NOUN
criterio_valencia,atmosfera__negativo,jajaja,3,2,38,1.259,0.0,PROPN
criterio_valencia,atmosfera__negativo,lugar,3,3,38,-0.202,7.0,NOUN
criterio_valencia,atmosfera__negativo,mundo,3,3,38,-0.524,10.0,NOUN
criterio_valencia,atmosfera__negativo,policía,3,2,38,0.91,1.0,NOUN
criterio_valencia,atmosfera__negativo,viaje,3,3,38,-0.202,7.0,NOUN
criterio_valencia,atmosfera__negativo,arroz,2,1,38,,,NOUN
criterio_valencia,atmosfera__negativo,barato,2,1,38,0.338,2.0,ADJ
criterio_valencia,atmosfera__negativo,callejero,2,1,38,,,ADJ
criterio_valencia,atmosfera__negativo,calor,2,1,38,0.624,1.0,NOUN
criterio_valencia,atmosfera__negativo,compañero,2,2,38,,,NOUN
criterio_valencia,atmosfera__negativo,cárcel,2,2,38,,,NOUN
criterio_valencia,atmosfera__negativo,dios,2,2,38,,,NOUN
criterio_valencia,atmosfera__negativo,dulce,2,1,38,,,ADJ
criterio_valencia,atmosfera__negativo,elote,2,1,38,,,NOUN
criterio_valencia,atmosfera__negativo,estafador,2,2,38,,,NOUN
criterio_valencia,atmosfera__negativo,genial,2,2,38,-0.346,6.0,ADJ
criterio_valencia,atmosfera__negativo,historia,2,2,38,,,PROPN
criterio_valencia,atmosfera__negativo,hombre,2,2,38,,,NOUN
criterio_valencia,atmosfera__negativo,inglés,2,2,38,0.624,1.0,NOUN
criterio_valencia,atmosfera__negativo,lleno,2,2,38,0.624,1.0,ADJ
criterio_valencia,atmosfera__negativo,maya,2,1,38,,,ADJ
criterio_valencia,atmosfera__negativo,mejor,2,2,38,0.338,2.0,ADJ
criterio_valencia,atmosfera__negativo,noche,2,2,38,-0.213,5.0,NOUN
criterio_valencia,atmosfera__negativo,odio,2,2,38,,,NOUN
criterio_valencia,atmosfera__negativo,orden,2,2,38,,,NOUN
criterio_valencia,atmosfera__negativo,país,2,2,38,-0.572,8.0,NOUN
criterio_valencia,atmosfera__negativo,pesos,2,1,38,,,NOUN
criterio_valencia,atmosfera__negativo,problema,2,1,38,,,NOUN
criterio_valencia,atmosfera__negativo,ruina,2,1,38,,,NOUN
criterio_valencia,atmosfera__negativo,seguro,2,2,38,0.624,1.0,ADJ
criterio_valencia,atmosfera__negativo,serio,2,2,38,0.118,3.0,NOUN
criterio_valencia,atmosfera__negativo,teléfono,2,1,38,0.624,1.0,NOUN
criterio_valencia,atmosfera__negativo,tercer,2,2,38,,,ADJ
criterio_valencia,atmosfera__negativo,vuelo,2,1,38,0.338,2.0,NOUN
criterio_valencia,atmosfera__negativo,único,2,2,38,0.624,1.0,ADJ
criterio_valencia,atmosfera__negativo,absoluto,1,1,38,,,NOUN
criterio_valencia,atmosfera__negativo,actitud,1,1,38,,,NOUN
criterio_valencia,atmosfera__negativo,actuación,1,1,38,,,NOUN
criterio_valencia,atmosfera__negativo,aeropuerto,1,1,38,-0.043,2.0,NOUN
criterio_valencia,atmosfera__negativo,aficionado,1,1,38,,,NOUN
criterio_valencia,atmosfera__negativo,agradable,1,1,38,,,ADJ
criterio_valencia,atmosfera__negativo,ajetreado,1,1,38,,,ADJ
criterio_valencia,atmosfera__negativo,alerta,1,1,38,,,NOUN
criterio_valencia,atmosfera__negativo,altitud,1,1,38,,,NOUN
criterio_valencia,atmosfera__negativo,ambiente,1,1,38,,,NOUN
criterio_valencia,atmosfera__negativo,americano,1,1,38,,,ADJ
criterio_valencia,atmosfera__negativo,ametralladora,1,1,38,,,NOUN
criterio_valencia,atmosfera__negativo,animal,1,1,38,,,NOUN
criterio_valencia,atmosfera__negativo,apartado,1,1,38,,,ADJ
criterio_valencia,atmosfera__negativo,asqueroso,1,1,38,,,ADJ
criterio_valencia,atmosfera__negativo,autobús,1,1,38,-0.243,3.0,NOUN
criterio_valencia,atmosfera__negativo,automático,1,1,38,,,ADJ
criterio_valencia,atmosfera__negativo,ave,1,1,38,,,NOUN
criterio_valencia,atmosfera__negativo,azteca,1,1,38,,,PROPN
criterio_valencia,atmosfera__negativo,año,1,1,38,,,NOUN
criterio_valencia,atmosfera__negativo,basset,1,1,38,,,PROPN
criterio_valencia,atmosfera__negativo,blog,1,1,38,,,NOUN
criterio_valencia,atmosfera__negativo,bochornoso,1,1,38,,,ADJ
criterio_valencia,atmosfera__negativo,boda,1,1,38,,,NOUN
criterio_valencia,atmosfera__negativo,bola,1,1,38,,,NOUN
criterio_valencia,atmosfera__negativo,bufanda,1,1,38,,,NOUN
criterio_valencia,atmosfera__negativo,cajero,1,1,38,,,NOUN
criterio_valencia,atmosfera__negativo,cantidad,1,1,38,,,NOUN
criterio_valencia,atmosfera__negativo,cao,1,1,38,,,NOUN
criterio_valencia,atmosfera__negativo,carterismo,1,1,38,,,NOUN
criterio_valencia,atmosfera__negativo,carterista,1,1,38,,,NOUN
criterio_valencia,atmosfera__negativo,casa,1,1,38,-0.243,3.0,NOUN
criterio_valencia,atmosfera__negativo,celebración,1,1,38,,,NOUN
criterio_valencia,atmosfera__negativo,chat,1,1,38,,,NOUN
criterio_valencia,atmosfera__negativo,civilización,1,1,38,,,NOUN
criterio_valencia,atmosfera__negativo,colorida,1,1,38,,,ADJ
criterio_valencia,atmosfera__negativo,comida,1,1,38,-0.402,4.0,NOUN
criterio_valencia,atmosfera__negativo,comisaría,1,1,38,,,NOUN
criterio_valencia,atmosfera__negativo,comunicación,1,1,38,,,NOUN
criterio_valencia,atmosfera__negativo,considerable,1,1,38,,,ADJ
criterio_valencia,atmosfera__negativo,contándole,1,1,38,,,PROPN
criterio_valencia,atmosfera__negativo,copa,1,1,38,-0.756,7.0,PROPN
criterio_valencia,atmosfera__negativo,corrupto,1,1,38,,,ADJ
criterio_valencia,atmosfera__negativo,crédito,1,1,38,,,NOUN
criterio_valencia,atmosfera__negativo,cuestión,1,1,38,,,NOUN
criterio_valencia,atmosfera__negativo,delicioso,1,1,38,,,ADJ
criterio_valencia,atmosfera__negativo,denuncia,1,1,38,,,NOUN
criterio_valencia,atmosfera__negativo,derecho,1,1,38,,,NOUN
criterio_valencia,atmosfera__negativo,desagradable,1,1,38,,,ADJ
criterio_valencia,atmosfera__negativo,desayuno,1,1,38,,,NOUN
criterio_valencia,atmosfera__negativo,destrocemo,1,1,38,,,NOUN
criterio_valencia,atmosfera__negativo,diferencia,1,1,38,,,NOUN
criterio_valencia,atmosfera__negativo,difícil,1,1,38,,,ADJ
criterio_valencia,atmosfera__negativo,directo,1,1,38,,,ADJ
criterio_valencia,atmosfera__negativo,dustin,1,1,38,,,PROPN
criterio_valencia,atmosfera__negativo,dólares,1,1,38,-0.043,2.0,NOUN
criterio_valencia,atmosfera__negativo,ecuador,1,1,38,,,PROPN
criterio_valencia,atmosfera__negativo,eleven,1,1,38,,,PROPN
criterio_valencia,atmosfera__negativo,emoji,1,1,38,,,NOUN
criterio_valencia,atmosfera__negativo,encimero,1,1,38,,,ADJ
criterio_valencia,atmosfera__negativo,envuelto,1,1,38,,,ADJ
criterio_valencia,atmosfera__negativo,equipaje,1,1,38,,,NOUN
criterio_valencia,atmosfera__negativo,equipo,1,1,38,,,NOUN
criterio_valencia,atmosfera__negativo,español,1,1,38,,,NOUN
criterio_valencia,atmosfera__negativo,especial,1,1,38,,,ADJ
criterio_valencia,atmosfera__negativo,experiencia,1,1,38,,,NOUN
criterio_valencia,atmosfera__negativo,extraviado,1,1,38,,,ADJ
criterio_valencia,atmosfera__negativo,falso,1,1,38,,,ADJ
criterio_valencia,atmosfera__negativo,fanfest,1,1,38,,,NOUN
criterio_valencia,atmosfera__negativo,fanfestival,1,1,38,,,ADJ
criterio_valencia,atmosfera__negativo,favorito,1,1,38,-0.536,5.0,ADJ
criterio_valencia,atmosfera__negativo,felipe,1,1,38,,,PROPN
criterio_valencia,atmosfera__negativo,fiesta,1,1,38,,,NOUN
criterio_valencia,atmosfera__negativo,fifawouldcup,1,1,38,,,PROPN
criterio_valencia,atmosfera__negativo,foto,1,1,38,-0.536,5.0,NOUN
criterio_valencia,atmosfera__negativo,fácil,1,1,38,,,ADJ
criterio_valencia,atmosfera__negativo,golpe,1,1,38,,,NOUN
criterio_valencia,atmosfera__negativo,gracias,1,1,38,,,NOUN
criterio_valencia,atmosfera__negativo,grave,1,1,38,,,ADJ
criterio_valencia,atmosfera__negativo,grupo,1,1,38,,,NOUN
criterio_valencia,atmosfera__negativo,guardia,1,1,38,,,NOUN
criterio_valencia,atmosfera__negativo,hambre,1,1,38,,,NOUN
criterio_valencia,atmosfera__negativo,hijo,1,1,38,,,NOUN
criterio_valencia,atmosfera__negativo,horario,1,1,38,,,NOUN
criterio_valencia,atmosfera__negativo,horrible,1,1,38,,,ADJ
criterio_valencia,atmosfera__negativo,hotel,1,1,38,,,NOUN
criterio_valencia,atmosfera__negativo,humano,1,1,38,,,ADJ
criterio_valencia,atmosfera__negativo,imbécil,1,1,38,,,NOUN
criterio_valencia,atmosfera__negativo,imponent,1,1,38,,,NOUN
criterio_valencia,atmosfera__negativo,impresión,1,1,38,,,NOUN
criterio_valencia,atmosfera__negativo,incidente,1,1,38,,,NOUN
criterio_valencia,atmosfera__negativo,infancia,1,1,38,,,NOUN
criterio_valencia,atmosfera__negativo,internacional,1,1,38,,,PROPN
criterio_valencia,atmosfera__negativo,italia,1,1,38,,,PROPN
criterio_valencia,atmosfera__negativo,jalapeño,1,1,38,,,NOUN
criterio_valencia,atmosfera__negativo,japonés,1,1,38,-0.043,2.0,ADJ
criterio_valencia,atmosfera__negativo,japón,1,1,38,-0.536,5.0,PROPN
criterio_valencia,atmosfera__negativo,joda,1,1,38,,,PROPN
criterio_valencia,atmosfera__negativo,joder,1,1,38,,,PROPN
criterio_valencia,atmosfera__negativo,judicial,1,1,38,,,ADJ
criterio_valencia,atmosfera__negativo,justo,1,1,38,,,PROPN
criterio_valencia,atmosfera__negativo,lcc,1,1,38,,,PROPN
criterio_valencia,atmosfera__negativo,loco,1,1,38,,,ADJ
criterio_valencia,atmosfera__negativo,lúgubre,1,1,38,,,PROPN
criterio_valencia,atmosfera__negativo,madrugada,1,1,38,,,NOUN
criterio_valencia,atmosfera__negativo,maldito,1,1,38,,,ADJ
criterio_valencia,atmosfera__negativo,malo,1,1,38,,,ADJ
criterio_valencia,atmosfera__negativo,mar,1,1,38,,,NOUN
criterio_valencia,atmosfera__negativo,marrón,1,1,38,,,ADJ
criterio_valencia,atmosfera__negativo,mayor,1,1,38,,,ADJ
criterio_valencia,atmosfera__negativo,mañana,1,1,38,-0.043,2.0,NOUN
criterio_valencia,atmosfera__negativo,mensaje,1,1,38,,,NOUN
criterio_valencia,atmosfera__negativo,mentalidad,1,1,38,,,NOUN
criterio_valencia,atmosfera__negativo,mercado,1,1,38,,,NOUN
criterio_valencia,atmosfera__negativo,mercancía,1,1,38,,,NOUN
criterio_valencia,atmosfera__negativo,metro,1,1,38,,,NOUN
criterio_valencia,atmosfera__negativo,mexico,1,1,38,-0.536,5.0,PROPN
criterio_valencia,atmosfera__negativo,microondas,1,1,38,,,NOUN
criterio_valencia,atmosfera__negativo,mierdero,1,1,38,,,NOUN
criterio_valencia,atmosfera__negativo,mike,1,1,38,,,PROPN
criterio_valencia,atmosfera__negativo,minuto,1,1,38,,,NOUN
criterio_valencia,atmosfera__negativo,mitad,1,1,38,,,NOUN
criterio_valencia,atmosfera__negativo,momento,1,1,38,-0.243,3.0,NOUN
criterio_valencia,atmosfera__negativo,mono,1,1,38,,,NOUN
criterio_valencia,atmosfera__negativo,mostrador,1,1,38,,,NOUN
criterio_valencia,atmosfera__negativo,multitud,1,1,38,,,NOUN
criterio_valencia,atmosfera__negativo,música,1,1,38,,,NOUN
criterio_valencia,atmosfera__negativo,negro,1,1,38,,,ADJ
criterio_valencia,atmosfera__negativo,nivel,1,1,38,-0.043,2.0,NOUN
criterio_valencia,atmosfera__negativo,ofensivo,1,1,38,,,ADJ
criterio_valencia,atmosfera__negativo,ojalá,1,1,38,,,ADJ
criterio_valencia,atmosfera__negativo,ojo,1,1,38,,,NOUN
criterio_valencia,atmosfera__negativo,online,1,1,38,,,ADJ
criterio_valencia,atmosfera__negativo,patio,1,1,38,,,NOUN
criterio_valencia,atmosfera__negativo,pistola,1,1,38,,,NOUN
criterio_valencia,atmosfera__negativo,placa,1,1,38,,,NOUN
criterio_valencia,atmosfera__negativo,plus,1,1,38,,,NOUN
criterio_valencia,atmosfera__negativo,plátano,1,1,38,,,ADJ
criterio_valencia,atmosfera__negativo,pobre,1,1,38,,,ADJ
criterio_valencia,atmosfera__negativo,posterior,1,1,38,,,ADJ
criterio_valencia,atmosfera__negativo,precio,1,1,38,,,NOUN
criterio_valencia,atmosfera__negativo,primavera,1,1,38,,,NOUN
criterio_valencia,atmosfera__negativo,principio,1,1,38,,,NOUN
criterio_valencia,atmosfera__negativo,prueba,1,1,38,,,NOUN
criterio_valencia,atmosfera__negativo,punta,1,1,38,,,NOUN
criterio_valencia,atmosfera__negativo,punto,1,1,38,,,NOUN
criterio_valencia,atmosfera__negativo,puta,1,1,38,,,NOUN
criterio_valencia,atmosfera__negativo,puto,1,1,38,,,ADJ
criterio_valencia,atmosfera__negativo,público,1,1,38,,,ADJ
criterio_valencia,atmosfera__negativo,qatar,1,1,38,,,PROPN
criterio_valencia,atmosfera__negativo,rata,1,1,38,,,NOUN
criterio_valencia,atmosfera__negativo,razonable,1,1,38,,,ADJ
criterio_valencia,atmosfera__negativo,razón,1,1,38,,,NOUN
criterio_valencia,atmosfera__negativo,realidad,1,1,38,,,NOUN
criterio_valencia,atmosfera__negativo,recipe,1,1,38,,,PROPN
criterio_valencia,atmosfera__negativo,reclamación,1,1,38,,,NOUN
criterio_valencia,atmosfera__negativo,regateando,1,1,38,,,ADJ
criterio_valencia,atmosfera__negativo,regreso,1,1,38,,,NOUN
criterio_valencia,atmosfera__negativo,reloj,1,1,38,,,NOUN
criterio_valencia,atmosfera__negativo,resumen,1,1,38,,,NOUN
criterio_valencia,atmosfera__negativo,retirado,1,1,38,,,ADJ
criterio_valencia,atmosfera__negativo,robado,1,1,38,,,ADJ
criterio_valencia,atmosfera__negativo,robo,1,1,38,,,NOUN
criterio_valencia,atmosfera__negativo,sato,1,1,38,,,PROPN
criterio_valencia,atmosfera__negativo,selva,1,1,38,,,NOUN
criterio_valencia,atmosfera__negativo,semana,1,1,38,-1.02,10.0,NOUN
criterio_valencia,atmosfera__negativo,seven,1,1,38,,,PROPN
criterio_valencia,atmosfera__negativo,silencioso,1,1,38,,,ADJ
criterio_valencia,atmosfera__negativo,simple,1,1,38,,,ADJ
criterio_valencia,atmosfera__negativo,simpático,1,1,38,,,ADJ
criterio_valencia,atmosfera__negativo,sombra,1,1,38,,,NOUN
criterio_valencia,atmosfera__negativo,sospechoso,1,1,38,,,NOUN
criterio_valencia,atmosfera__negativo,sueño,1,1,38,-0.043,2.0,NOUN
criterio_valencia,atmosfera__negativo,supermercado,1,1,38,,,NOUN
criterio_valencia,atmosfera__negativo,sábana,1,1,38,,,NOUN
criterio_valencia,atmosfera__negativo,súper,1,1,38,,,ADJ
criterio_valencia,atmosfera__negativo,tarifa,1,1,38,,,NOUN
criterio_valencia,atmosfera__negativo,tarjeta,1,1,38,,,NOUN
criterio_valencia,atmosfera__negativo,taxi,1,1,38,-0.243,3.0,NOUN
criterio_valencia,atmosfera__negativo,techo,1,1,38,,,NOUN
criterio_valencia,atmosfera__negativo,terrible,1,1,38,,,ADJ
criterio_valencia,atmosfera__negativo,texto,1,1,38,,,NOUN
criterio_valencia,atmosfera__negativo,tijuana,1,1,38,,,PROPN
criterio_valencia,atmosfera__negativo,tikal,1,1,38,,,PROPN
criterio_valencia,atmosfera__negativo,todopoderoso,1,1,38,,,ADJ
criterio_valencia,atmosfera__negativo,torneo,1,1,38,,,NOUN
criterio_valencia,atmosfera__negativo,tour,1,1,38,,,NOUN
criterio_valencia,atmosfera__negativo,trasero,1,1,38,,,ADJ
criterio_valencia,atmosfera__negativo,tren,1,1,38,,,NOUN
criterio_valencia,atmosfera__negativo,uber,1,1,38,,,PROPN
criterio_valencia,atmosfera__negativo,vacación,1,1,38,-0.243,3.0,NOUN
criterio_valencia,atmosfera__negativo,vegetarian,1,1,38,,,PROPN
criterio_valencia,atmosfera__negativo,verano,1,1,38,,,NOUN
criterio_valencia,atmosfera__negativo,vergonzoso,1,1,38,,,ADJ
criterio_valencia,atmosfera__negativo,victoria,1,1,38,,,NOUN
criterio_valencia,atmosfera__negativo,vinimo,1,1,38,,,NOUN
criterio_valencia,atmosfera__negativo,vivo,1,1,38,,,ADJ
criterio_valencia,atmosfera__negativo,volumen,1,1,38,,,NOUN
criterio_valencia,atmosfera__negativo,víctima,1,1,38,,,NOUN
criterio_valencia,atmosfera__negativo,yogur,1,1,38,,,NOUN
criterio_valencia,atmosfera__negativo,ángeles,1,1,38,,,PROPN
criterio_valencia,atmosfera__positivo,méxico,44,38,62,0.467,23.0,PROPN
criterio_valencia,atmosfera__positivo,ciudad,13,11,62,0.046,8.0,PROPN
criterio_valencia,atmosfera__positivo,mexicano,13,11,62,-0.537,12.0,ADJ
criterio_valencia,atmosfera__positivo,increíble,10,10,62,0.669,3.0,ADJ
criterio_valencia,atmosfera__positivo,mundo,10,9,62,0.669,3.0,PROPN
criterio_valencia,atmosfera__positivo,semana,9,8,62,0.803,2.0,NOUN
criterio_valencia,atmosfera__positivo,amigo,7,6,62,0.33,3.0,NOUN
criterio_valencia,atmosfera__positivo,copa,7,6,62,0.868,1.0,PROPN
criterio_valencia,atmosfera__positivo,viaje,7,6,62,0.33,3.0,NOUN
criterio_valencia,atmosfera__positivo,genial,6,6,62,0.459,2.0,ADJ
criterio_valencia,atmosfera__positivo,gente,6,6,62,-0.798,8.0,NOUN
criterio_valencia,atmosfera__positivo,hora,6,4,62,-0.039,4.0,NOUN
criterio_valencia,atmosfera__positivo,lugar,6,6,62,-0.039,4.0,NOUN
criterio_valencia,atmosfera__positivo,país,6,5,62,-0.039,4.0,NOUN
criterio_valencia,atmosfera__positivo,vacation,6,6,62,1.097,0.0,PROPN
criterio_valencia,atmosfera__positivo,cdmx,5,4,62,1.0,0.0,PROPN
criterio_valencia,atmosfera__positivo,favorito,5,5,62,0.633,1.0,ADJ
criterio_valencia,atmosfera__positivo,foto,5,4,62,0.633,1.0,NOUN
criterio_valencia,atmosfera__positivo,japón,5,4,62,0.633,1.0,PROPN
criterio_valencia,atmosfera__positivo,luna,5,3,62,1.0,0.0,NOUN
criterio_valencia,atmosfera__positivo,mexico,5,5,62,0.633,1.0,PROPN
criterio_valencia,atmosfera__positivo,amable,4,4,62,0.491,1.0,ADJ
criterio_valencia,atmosfera__positivo,cantina,4,2,62,0.894,0.0,NOUN
criterio_valencia,atmosfera__positivo,maravilloso,4,4,62,0.894,0.0,ADJ
criterio_valencia,atmosfera__positivo,monterrey,4,4,62,-0.776,6.0,PROPN
criterio_valencia,atmosfera__positivo,noche,4,3,62,-0.121,3.0,NOUN
criterio_valencia,atmosfera__positivo,partido,4,4,62,-0.954,7.0,NOUN
criterio_valencia,atmosfera__positivo,playa,4,4,62,0.894,0.0,PROPN
criterio_valencia,atmosfera__positivo,próximo,4,3,62,0.894,0.0,ADJ
criterio_valencia,atmosfera__positivo,autobús,3,2,62,0.324,1.0,NOUN
criterio_valencia,atmosfera__positivo,bar,3,3,62,0.773,0.0,NOUN
criterio_valencia,atmosfera__positivo,cambio,3,1,62,0.773,0.0,NOUN
criterio_valencia,atmosfera__positivo,cancún,3,3,62,-0.315,3.0,PROPN
criterio_valencia,atmosfera__positivo,casa,3,3,62,0.324,1.0,NOUN
criterio_valencia,atmosfera__positivo,comida,3,3,62,-0.028,2.0,NOUN
criterio_valencia,atmosfera__positivo,cosa,3,3,62,0.773,0.0,NOUN
criterio_valencia,atmosfera__positivo,despedida,3,2,62,0.773,0.0,NOUN
criterio_valencia,atmosfera__positivo,fabuloso,3,2,62,0.773,0.0,ADJ
criterio_valencia,atmosfera__positivo,feliz,3,3,62,0.324,1.0,ADJ
criterio_valencia,atmosfera__positivo,hospitalidad,3,3,62,0.773,0.0,NOUN
criterio_valencia,atmosfera__positivo,miel,3,2,62,0.773,0.0,NOUN
criterio_valencia,atmosfera__positivo,momento,3,3,62,0.324,1.0,NOUN
criterio_valencia,atmosfera__positivo,playadelcarmen,3,3,62,0.773,0.0,NOUN
criterio_valencia,atmosfera__positivo,puerto,3,2,62,0.773,0.0,PROPN
criterio_valencia,atmosfera__positivo,sol,3,3,62,0.773,0.0,NOUN
criterio_valencia,atmosfera__positivo,taco,3,2,62,0.773,0.0,NOUN
criterio_valencia,atmosfera__positivo,taxi,3,2,62,0.324,1.0,NOUN
criterio_valencia,atmosfera__positivo,tiempo,3,3,62,0.773,0.0,NOUN
criterio_valencia,atmosfera__positivo,vacación,3,3,62,0.324,1.0,NOUN
criterio_valencia,atmosfera__positivo,vida,3,3,62,0.773,0.0,NOUN
criterio_valencia,atmosfera__positivo,vuelta,3,3,62,0.773,0.0,NOUN
criterio_valencia,atmosfera__positivo,york,3,3,62,0.773,0.0,PROPN
criterio_valencia,atmosfera__positivo,adivina,2,2,62,,,NOUN
criterio_valencia,atmosfera__positivo,aeropuerto,2,1,62,0.113,1.0,NOUN
criterio_valencia,atmosfera__positivo,amabilidad,2,2,62,,,NOUN
criterio_valencia,atmosfera__positivo,américa,2,2,62,,,PROPN
criterio_valencia,atmosfera__positivo,aventura,2,2,62,,,NOUN
criterio_valencia,atmosfera__positivo,barato,2,2,62,-0.257,2.0,ADJ
criterio_valencia,atmosfera__positivo,camino,2,2,62,,,NOUN
criterio_valencia,atmosfera__positivo,camiseta,2,2,62,,,NOUN
criterio_valencia,atmosfera__positivo,carmen,2,2,62,,,PROPN
criterio_valencia,atmosfera__positivo,carpeta,2,2,62,,,NOUN
criterio_valencia,atmosfera__positivo,cerveza,2,2,62,,,PROPN
criterio_valencia,atmosfera__positivo,chica,2,2,62,,,NOUN
criterio_valencia,atmosfera__positivo,colgado,2,2,62,,,ADJ
criterio_valencia,atmosfera__positivo,cuerpo,2,2,62,,,NOUN
criterio_valencia,atmosfera__positivo,cumpleaños,2,2,62,,,NOUN
criterio_valencia,atmosfera__positivo,diego,2,1,62,,,PROPN
criterio_valencia,atmosfera__positivo,diversión,2,2,62,,,NOUN
criterio_valencia,atmosfera__positivo,divertido,2,2,62,,,ADJ
criterio_valencia,atmosfera__positivo,dólares,2,1,62,0.113,1.0,NOUN
criterio_valencia,atmosfera__positivo,emocionado,2,2,62,,,ADJ
criterio_valencia,atmosfera__positivo,entorno,2,1,62,,,NOUN
criterio_valencia,atmosfera__positivo,estadio,2,2,62,0.113,1.0,NOUN
criterio_valencia,atmosfera__positivo,gracia,2,2,62,,,NOUN
criterio_valencia,atmosfera__positivo,gratuito,2,1,62,,,ADJ
criterio_valencia,atmosfera__positivo,gringo,2,2,62,,,PROPN
criterio_valencia,atmosfera__positivo,hermoso,2,2,62,,,ADJ
criterio_valencia,atmosfera__positivo,idea,2,2,62,,,NOUN
criterio_valencia,atmosfera__positivo,impactant,2,2,62,,,ADJ
criterio_valencia,atmosfera__positivo,incluido,2,2,62,,,ADJ
criterio_valencia,atmosfera__positivo,inglaterra,2,2,62,-0.994,5.0,PROPN
criterio_valencia,atmosfera__positivo,jaja,2,2,62,,,PROPN
criterio_valencia,atmosfera__positivo,joven,2,1,62,,,NOUN
criterio_valencia,atmosfera__positivo,junto,2,2,62,,,ADJ
criterio_valencia,atmosfera__positivo,libre,2,2,62,,,ADJ
criterio_valencia,atmosfera__positivo,mañana,2,2,62,0.113,1.0,NOUN
criterio_valencia,atmosfera__positivo,mejor,2,2,62,-0.257,2.0,ADJ
criterio_valencia,atmosfera__positivo,mes,2,2,62,,,NOUN
criterio_valencia,atmosfera__positivo,mundial,2,2,62,,,PROPN
criterio_valencia,atmosfera__positivo,mágico,2,2,62,,,PROPN
criterio_valencia,atmosfera__positivo,nivel,2,1,62,0.113,1.0,NOUN
criterio_valencia,atmosfera__positivo,noticia,2,2,62,,,NOUN
criterio_valencia,atmosfera__positivo,paseo,2,2,62,,,NOUN
criterio_valencia,atmosfera__positivo,pequeño,2,2,62,0.113,1.0,ADJ
criterio_valencia,atmosfera__positivo,persona,2,2,62,,,NOUN
criterio_valencia,atmosfera__positivo,quesadilla,2,1,62,,,NOUN
criterio_valencia,atmosfera__positivo,recuerdo,2,2,62,,,NOUN
criterio_valencia,atmosfera__positivo,resort,2,2,62,,,NOUN
criterio_valencia,atmosfera__positivo,serio,2,2,62,-0.546,3.0,ADJ
criterio_valencia,atmosfera__positivo,soltero,2,2,62,,,NOUN
criterio_valencia,atmosfera__positivo,sueño,2,2,62,0.113,1.0,NOUN
criterio_valencia,atmosfera__positivo,tulum,2,2,62,,,PROPN
criterio_valencia,atmosfera__positivo,túnez,2,2,62,,,PROPN
criterio_valencia,atmosfera__positivo,vallarta,2,1,62,,,PROPN
criterio_valencia,atmosfera__positivo,viva,2,2,62,,,PROPN
criterio_valencia,atmosfera__positivo,vuelo,2,1,62,-0.257,2.0,NOUN
criterio_valencia,atmosfera__positivo,abierto,1,1,62,,,ADJ
criterio_valencia,atmosfera__positivo,absoluto,1,1,62,,,NOUN
criterio_valencia,atmosfera__positivo,acento,1,1,62,,,NOUN
criterio_valencia,atmosfera__positivo,acogedor,1,1,62,,,ADJ
criterio_valencia,atmosfera__positivo,acogedoro,1,1,62,,,ADJ
criterio_valencia,atmosfera__positivo,activado,1,1,62,,,ADJ
criterio_valencia,atmosfera__positivo,agradecido,1,1,62,,,ADJ
criterio_valencia,atmosfera__positivo,aifa,1,1,62,,,PROPN
criterio_valencia,atmosfera__positivo,airbnb,1,1,62,,,PROPN
criterio_valencia,atmosfera__positivo,aire,1,1,62,,,NOUN
criterio_valencia,atmosfera__positivo,alcance,1,1,62,,,NOUN
criterio_valencia,atmosfera__positivo,alcohol,1,1,62,,,NOUN
criterio_valencia,atmosfera__positivo,alegría,1,1,62,,,NOUN
criterio_valencia,atmosfera__positivo,ambiente,1,1,62,,,NOUN
criterio_valencia,atmosfera__positivo,amigabl,1,1,62,,,ADJ
criterio_valencia,atmosfera__positivo,amigos,1,1,62,,,PROPN
criterio_valencia,atmosfera__positivo,amistad,1,1,62,,,NOUN
criterio_valencia,atmosfera__positivo,amistoso,1,1,62,,,ADJ
criterio_valencia,atmosfera__positivo,anfitrión,1,1,62,,,NOUN
criterio_valencia,atmosfera__positivo,aplicación,1,1,62,,,NOUN
criterio_valencia,atmosfera__positivo,apoyo,1,1,62,,,NOUN
criterio_valencia,atmosfera__positivo,artes,1,1,62,,,PROPN
criterio_valencia,atmosfera__positivo,asalto,1,1,62,,,NOUN
criterio_valencia,atmosfera__positivo,asiento,1,1,62,,,NOUN
criterio_valencia,atmosfera__positivo,asuntos,1,1,62,,,PROPN
criterio_valencia,atmosfera__positivo,atlanta,1,1,62,,,PROPN
criterio_valencia,atmosfera__positivo,auténtico,1,1,62,,,ADJ
criterio_valencia,atmosfera__positivo,avión,1,1,62,,,NOUN
criterio_valencia,atmosfera__positivo,azteca,1,1,62,,,PROPN
criterio_valencia,atmosfera__positivo,año,1,1,62,,,NOUN
criterio_valencia,atmosfera__positivo,bailarín,1,1,62,,,NOUN
criterio_valencia,atmosfera__positivo,ballén,1,1,62,,,ADJ
criterio_valencia,atmosfera__positivo,bellas,1,1,62,,,PROPN
criterio_valencia,atmosfera__positivo,bienvenida,1,1,62,,,NOUN
criterio_valencia,atmosfera__positivo,blog,1,1,62,,,NOUN
criterio_valencia,atmosfera__positivo,bocado,1,1,62,,,NOUN
criterio_valencia,atmosfera__positivo,bote,1,1,62,,,NOUN
criterio_valencia,atmosfera__positivo,boy,1,1,62,,,PROPN
criterio_valencia,atmosfera__positivo,brazo,1,1,62,,,NOUN
criterio_valencia,atmosfera__positivo,broma,1,1,62,,,NOUN
criterio_valencia,atmosfera__positivo,buceo,1,1,62,,,NOUN
criterio_valencia,atmosfera__positivo,cabo,1,1,62,,,PROPN
criterio_valencia,atmosfera__positivo,calor,1,1,62,-0.555,2.0,NOUN
criterio_valencia,atmosfera__positivo,capacidad,1,1,62,,,NOUN
criterio_valencia,atmosfera__positivo,caro,1,1,62,,,ADJ
criterio_valencia,atmosfera__positivo,carterismo,1,1,62,,,NOUN
criterio_valencia,atmosfera__positivo,centro,1,1,62,,,NOUN
criterio_valencia,atmosfera__positivo,cercano,1,1,62,,,ADJ
criterio_valencia,atmosfera__positivo,clase,1,1,62,,,NOUN
criterio_valencia,atmosfera__positivo,cobro,1,1,62,,,NOUN
criterio_valencia,atmosfera__positivo,cochecito,1,1,62,,,NOUN
criterio_valencia,atmosfera__positivo,colega,1,1,62,,,NOUN
criterio_valencia,atmosfera__positivo,comparación,1,1,62,,,NOUN
criterio_valencia,atmosfera__positivo,competición,1,1,62,,,NOUN
criterio_valencia,atmosfera__positivo,contrario,1,1,62,,,ADJ
criterio_valencia,atmosfera__positivo,covid,1,1,62,,,PROPN
criterio_valencia,atmosfera__positivo,cromo,1,1,62,,,NOUN
criterio_valencia,atmosfera__positivo,cuatrimoto,1,1,62,,,NOUN
criterio_valencia,atmosfera__positivo,cuerda,1,1,62,,,NOUN
criterio_valencia,atmosfera__positivo,cálido,1,1,62,,,ADJ
criterio_valencia,atmosfera__positivo,cóctel,1,1,62,,,NOUN
criterio_valencia,atmosfera__positivo,cómodo,1,1,62,,,PROPN
criterio_valencia,atmosfera__positivo,dallas,1,1,62,,,PROPN
criterio_valencia,atmosfera__positivo,das,1,1,62,,,PROPN
criterio_valencia,atmosfera__positivo,desfase,1,1,62,,,NOUN
criterio_valencia,atmosfera__positivo,desperdicio,1,1,62,,,NOUN
criterio_valencia,atmosfera__positivo,devastador,1,1,62,,,ADJ
criterio_valencia,atmosfera__positivo,dinero,1,1,62,-0.83,3.0,NOUN
criterio_valencia,atmosfera__positivo,divisa,1,1,62,,,NOUN
criterio_valencia,atmosfera__positivo,droga,1,1,62,,,NOUN
criterio_valencia,atmosfera__positivo,duermo,1,1,62,,,PROPN
criterio_valencia,atmosfera__positivo,duro,1,1,62,,,ADJ
criterio_valencia,atmosfera__positivo,edificio,1,1,62,,,NOUN
criterio_valencia,atmosfera__positivo,equipaje,1,1,62,,,NOUN
criterio_valencia,atmosfera__positivo,español,1,1,62,,,NOUN
criterio_valencia,atmosfera__positivo,estafa,1,1,62,,,NOUN
criterio_valencia,atmosfera__positivo,excesivo,1,1,62,,,ADJ
criterio_valencia,atmosfera__positivo,experiencia,1,1,62,,,NOUN
criterio_valencia,atmosfera__positivo,exteriores,1,1,62,,,PROPN
criterio_valencia,atmosfera__positivo,extra,1,1,62,,,ADJ
criterio_valencia,atmosfera__positivo,famoso,1,1,62,,,ADJ
criterio_valencia,atmosfera__positivo,fan,1,1,62,,,PROPN
criterio_valencia,atmosfera__positivo,fascinante,1,1,62,,,ADJ
criterio_valencia,atmosfera__positivo,fest,1,1,62,,,PROPN
criterio_valencia,atmosfera__positivo,fifa,1,1,62,,,PROPN
criterio_valencia,atmosfera__positivo,francisco,1,1,62,,,PROPN
criterio_valencia,atmosfera__positivo,fraude,1,1,62,,,NOUN
criterio_valencia,atmosfera__positivo,fresco,1,1,62,,,ADJ
criterio_valencia,atmosfera__positivo,futuro,1,1,62,,,NOUN
criterio_valencia,atmosfera__positivo,fútbol,1,1,62,,,NOUN
criterio_valencia,atmosfera__positivo,gana,1,1,62,,,NOUN
criterio_valencia,atmosfera__positivo,general,1,1,62,,,NOUN
criterio_valencia,atmosfera__positivo,good,1,1,62,,,PROPN
criterio_valencia,atmosfera__positivo,gracioso,1,1,62,,,ADJ
criterio_valencia,atmosfera__positivo,granizo,1,1,62,,,ADJ
criterio_valencia,atmosfera__positivo,guadalajara,1,1,62,,,PROPN
criterio_valencia,atmosfera__positivo,guatemala,1,1,62,,,PROPN
criterio_valencia,atmosfera__positivo,helado,1,1,62,,,ADJ
criterio_valencia,atmosfera__positivo,hermana,1,1,62,,,NOUN
criterio_valencia,atmosfera__positivo,hermano,1,1,62,,,NOUN
criterio_valencia,atmosfera__positivo,hijo,1,1,62,,,NOUN
criterio_valencia,atmosfera__positivo,honor,1,1,62,,,NOUN
criterio_valencia,atmosfera__positivo,horario,1,1,62,,,NOUN
criterio_valencia,atmosfera__positivo,hotel,1,1,62,,,NOUN
criterio_valencia,atmosfera__positivo,ida,1,1,62,,,NOUN
criterio_valencia,atmosfera__positivo,imagen,1,1,62,,,NOUN
criterio_valencia,atmosfera__positivo,imperfección,1,1,62,,,NOUN
criterio_valencia,atmosfera__positivo,impresionante,1,1,62,,,ADJ
criterio_valencia,atmosfera__positivo,improviso,1,1,62,,,NOUN
criterio_valencia,atmosfera__positivo,inflado,1,1,62,,,ADJ
criterio_valencia,atmosfera__positivo,inglés,1,1,62,-0.555,2.0,NOUN
criterio_valencia,atmosfera__positivo,inolvidable,1,1,62,,,ADJ
criterio_valencia,atmosfera__positivo,intenso,1,1,62,,,ADJ
criterio_valencia,atmosfera__positivo,inútil,1,1,62,,,ADJ
criterio_valencia,atmosfera__positivo,izakayas,1,1,62,,,NOUN
criterio_valencia,atmosfera__positivo,japonés,1,1,62,-0.555,2.0,ADJ
criterio_valencia,atmosfera__positivo,lancha,1,1,62,,,NOUN
criterio_valencia,atmosfera__positivo,latina,1,1,62,,,PROPN
criterio_valencia,atmosfera__positivo,legendario,1,1,62,,,ADJ
criterio_valencia,atmosfera__positivo,lindo,1,1,62,,,ADJ
criterio_valencia,atmosfera__positivo,llamado,1,1,62,,,ADJ
criterio_valencia,atmosfera__positivo,lleno,1,1,62,-0.555,2.0,ADJ
criterio_valencia,atmosfera__positivo,loco,1,1,62,,,ADJ
criterio_valencia,atmosfera__positivo,lucha,1,1,62,,,NOUN
criterio_valencia,atmosfera__positivo,maldito,1,1,62,,,ADJ
criterio_valencia,atmosfera__positivo,mano,1,1,62,,,NOUN
criterio_valencia,atmosfera__positivo,mar,1,1,62,,,NOUN
criterio_valencia,atmosfera__positivo,maravilla,1,1,62,,,NOUN
criterio_valencia,atmosfera__positivo,marido,1,1,62,,,NOUN
criterio_valencia,atmosfera__positivo,mayordomo,1,1,62,,,NOUN
criterio_valencia,atmosfera__positivo,mex,1,1,62,,,PROPN
criterio_valencia,atmosfera__positivo,mexicocity,1,1,62,,,PROPN
criterio_valencia,atmosfera__positivo,miedo,1,1,62,,,NOUN
criterio_valencia,atmosfera__positivo,ministerio,1,1,62,,,PROPN
criterio_valencia,atmosfera__positivo,minjeongie,1,1,62,,,PROPN
criterio_valencia,atmosfera__positivo,mirada,1,1,62,,,NOUN
criterio_valencia,atmosfera__positivo,moral,1,1,62,,,NOUN
criterio_valencia,atmosfera__positivo,morelos,1,1,62,,,PROPN
criterio_valencia,atmosfera__positivo,motivo,1,1,62,,,NOUN
criterio_valencia,atmosfera__positivo,muchísimas,1,1,62,,,ADJ
criterio_valencia,atmosfera__positivo,muelle,1,1,62,,,NOUN
criterio_valencia,atmosfera__positivo,nado,1,1,62,,,ADJ
criterio_valencia,atmosfera__positivo,nadé,1,1,62,,,PROPN
criterio_valencia,atmosfera__positivo,niño,1,1,62,,,NOUN
criterio_valencia,atmosfera__positivo,normal,1,1,62,,,ADJ
criterio_valencia,atmosfera__positivo,norte,1,1,62,,,NOUN
criterio_valencia,atmosfera__positivo,novia,1,1,62,,,NOUN
criterio_valencia,atmosfera__positivo,novio,1,1,62,,,NOUN
criterio_valencia,atmosfera__positivo,nórdico,1,1,62,,,ADJ
criterio_valencia,atmosfera__positivo,oaxaca,1,1,62,,,PROPN
criterio_valencia,atmosfera__positivo,océano,1,1,62,,,NOUN
criterio_valencia,atmosfera__positivo,oficial,1,1,62,,,ADJ
criterio_valencia,atmosfera__positivo,oficina,1,1,62,,,NOUN
criterio_valencia,atmosfera__positivo,ohhhhhhhh,1,1,62,,,PROPN
criterio_valencia,atmosfera__positivo,padrino,1,1,62,,,NOUN
criterio_valencia,atmosfera__positivo,palacio,1,1,62,,,PROPN
criterio_valencia,atmosfera__positivo,palmera,1,1,62,,,NOUN
criterio_valencia,atmosfera__positivo,paraguas,1,1,62,,,NOUN
criterio_valencia,atmosfera__positivo,pared,1,1,62,,,NOUN
criterio_valencia,atmosfera__positivo,pase,1,1,62,,,NOUN
criterio_valencia,atmosfera__positivo,pasión,1,1,62,,,NOUN
criterio_valencia,atmosfera__positivo,peligro,1,1,62,,,NOUN
criterio_valencia,atmosfera__positivo,pensamiento,1,1,62,,,NOUN
criterio_valencia,atmosfera__positivo,perfecto,1,1,62,,,ADJ
criterio_valencia,atmosfera__positivo,picazón,1,1,62,,,NOUN
criterio_valencia,atmosfera__positivo,pirámid,1,1,62,,,NOUN
criterio_valencia,atmosfera__positivo,policía,1,1,62,-0.83,3.0,NOUN
criterio_valencia,atmosfera__positivo,portugal,1,1,62,,,PROPN
criterio_valencia,atmosfera__positivo,pospuse,1,1,62,,,NOUN
criterio_valencia,atmosfera__positivo,praga,1,1,62,,,PROPN
criterio_valencia,atmosfera__positivo,precio,1,1,62,,,NOUN
criterio_valencia,atmosfera__positivo,precioso,1,1,62,,,ADJ
criterio_valencia,atmosfera__positivo,prensa,1,1,62,,,NOUN
criterio_valencia,atmosfera__positivo,prometida,1,1,62,,,NOUN
criterio_valencia,atmosfera__positivo,prometido,1,1,62,,,ADJ
criterio_valencia,atmosfera__positivo,publicación,1,1,62,,,NOUN
criterio_valencia,atmosfera__positivo,pueblo,1,1,62,,,NOUN
criterio_valencia,atmosfera__positivo,punto,1,1,62,,,NOUN
criterio_valencia,atmosfera__positivo,queja,1,1,62,,,NOUN
criterio_valencia,atmosfera__positivo,queso,1,1,62,,,NOUN
criterio_valencia,atmosfera__positivo,rara,1,1,62,,,ADJ
criterio_valencia,atmosfera__positivo,razón,1,1,62,,,NOUN
criterio_valencia,atmosfera__positivo,realidad,1,1,62,,,NOUN
criterio_valencia,atmosfera__positivo,recipe,1,1,62,,,PROPN
criterio_valencia,atmosfera__positivo,redondo,1,1,62,,,ADJ
criterio_valencia,atmosfera__positivo,reunión,1,1,62,,,NOUN
criterio_valencia,atmosfera__positivo,ropa,1,1,62,,,NOUN
criterio_valencia,atmosfera__positivo,rápido,1,1,62,,,ADJ
criterio_valencia,atmosfera__positivo,san,1,1,62,,,PROPN
criterio_valencia,atmosfera__positivo,seguro,1,1,62,-0.555,2.0,ADJ
criterio_valencia,atmosfera__positivo,septiembre,1,1,62,,,NOUN
criterio_valencia,atmosfera__positivo,servicio,1,1,62,,,NOUN
criterio_valencia,atmosfera__positivo,señor,1,1,62,,,NOUN
criterio_valencia,atmosfera__positivo,simple,1,1,62,,,ADJ
criterio_valencia,atmosfera__positivo,snorkel,1,1,62,,,NOUN
criterio_valencia,atmosfera__positivo,soltera,1,1,62,,,NOUN
criterio_valencia,atmosfera__positivo,sudáfrica,1,1,62,,,PROPN
criterio_valencia,atmosfera__positivo,suerte,1,1,62,,,NOUN
criterio_valencia,atmosfera__positivo,sueños,1,1,62,,,PROPN
criterio_valencia,atmosfera__positivo,súper,1,1,62,,,ADJ
criterio_valencia,atmosfera__positivo,tacos,1,1,62,,,PROPN
criterio_valencia,atmosfera__positivo,tarifa,1,1,62,,,NOUN
criterio_valencia,atmosfera__positivo,teotihuacán,1,1,62,,,PROPN
criterio_valencia,atmosfera__positivo,tequila,1,1,62,,,PROPN
criterio_valencia,atmosfera__positivo,terminal,1,1,62,,,NOUN
criterio_valencia,atmosfera__positivo,threds,1,1,62,,,PROPN
criterio_valencia,atmosfera__positivo,tiburón,1,1,62,,,NOUN
criterio_valencia,atmosfera__positivo,tierra,1,1,62,,,NOUN
criterio_valencia,atmosfera__positivo,tipo,1,1,62,,,NOUN
criterio_valencia,atmosfera__positivo,torneo,1,1,62,,,NOUN
criterio_valencia,atmosfera__positivo,toronto,1,1,62,,,PROPN
criterio_valencia,atmosfera__positivo,trabajo,1,1,62,,,NOUN
criterio_valencia,atmosfera__positivo,traducción,1,1,62,,,NOUN
criterio_valencia,atmosfera__positivo,trampa,1,1,62,,,NOUN
criterio_valencia,atmosfera__positivo,tranmere,1,1,62,,,PROPN
criterio_valencia,atmosfera__positivo,tranquilo,1,1,62,,,ADJ
criterio_valencia,atmosfera__positivo,traslado,1,1,62,,,NOUN
criterio_valencia,atmosfera__positivo,truco,1,1,62,,,NOUN
criterio_valencia,atmosfera__positivo,turista,1,1,62,,,NOUN
criterio_valencia,atmosfera__positivo,turístico,1,1,62,,,ADJ
criterio_valencia,atmosfera__positivo,uber,1,1,62,,,PROPN
criterio_valencia,atmosfera__positivo,ugh,1,1,62,,,PROPN
criterio_valencia,atmosfera__positivo,vacavibes,1,1,62,,,PROPN
criterio_valencia,atmosfera__positivo,vecino,1,1,62,,,ADJ
criterio_valencia,atmosfera__positivo,vegetarian,1,1,62,,,PROPN
criterio_valencia,atmosfera__positivo,verano,1,1,62,,,NOUN
criterio_valencia,atmosfera__positivo,video,1,1,62,,,NOUN
criterio_valencia,atmosfera__positivo,viernes,1,1,62,,,NOUN
criterio_valencia,atmosfera__positivo,vivamexico,1,1,62,,,PROPN
criterio_valencia,atmosfera__positivo,vivaméxico,1,1,62,,,PROPN
criterio_valencia,atmosfera__positivo,voluntario,1,1,62,,,NOUN
criterio_valencia,atmosfera__positivo,vomitivo,1,1,62,,,ADJ
criterio_valencia,atmosfera__positivo,wow,1,1,62,,,PROPN
criterio_valencia,atmosfera__positivo,zona,1,1,62,,,NOUN
criterio_valencia,atmosfera__positivo,único,1,1,62,-0.555,2.0,ADJ
criterio_valencia,imagen_cultural__ambivalente,méxico,7,6,20,-0.363,25.0,PROPN
criterio_valencia,imagen_cultural__ambivalente,monterrey,5,5,20,1.002,4.0,PROPN
criterio_valencia,imagen_cultural__ambivalente,taco,5,4,20,1.002,4.0,NOUN
criterio_valencia,imagen_cultural__ambivalente,tacos,4,1,20,1.361,1.0,PROPN
criterio_valencia,imagen_cultural__ambivalente,cantina,3,1,20,1.105,1.0,NOUN
criterio_valencia,imagen_cultural__ambivalente,comida,3,3,20,0.489,4.0,NOUN
criterio_valencia,imagen_cultural__ambivalente,ensalada,3,2,20,1.42,0.0,PROPN
criterio_valencia,imagen_cultural__ambivalente,hamburguesas,3,1,20,1.42,0.0,PROPN
criterio_valencia,imagen_cultural__ambivalente,queso,3,2,20,0.005,8.0,NOUN
criterio_valencia,imagen_cultural__ambivalente,verano,3,2,20,1.105,1.0,PROPN
criterio_valencia,imagen_cultural__ambivalente,azteca,2,2,20,0.338,3.0,PROPN
criterio_valencia,imagen_cultural__ambivalente,carne,2,2,20,,,NOUN
criterio_valencia,imagen_cultural__ambivalente,gente,2,2,20,-0.267,8.0,NOUN
criterio_valencia,imagen_cultural__ambivalente,guacamole,2,2,20,0.794,1.0,PROPN
criterio_valencia,imagen_cultural__ambivalente,historia,2,1,20,,,PROPN
criterio_valencia,imagen_cultural__ambivalente,jalapeño,2,2,20,0.535,2.0,NOUN
criterio_valencia,imagen_cultural__ambivalente,noche,2,2,20,0.338,3.0,PROPN
criterio_valencia,imagen_cultural__ambivalente,picado,2,2,20,,,ADJ
criterio_valencia,imagen_cultural__ambivalente,pirámide,2,1,20,,,PROPN
criterio_valencia,imagen_cultural__ambivalente,recipes,2,2,20,0.535,2.0,NOUN
criterio_valencia,imagen_cultural__ambivalente,salsa,2,1,20,0.535,2.0,NOUN
criterio_valencia,imagen_cultural__ambivalente,snacks,2,1,20,,,PROPN
criterio_valencia,imagen_cultural__ambivalente,tater,2,2,20,,,PROPN
criterio_valencia,imagen_cultural__ambivalente,tour,2,2,20,0.794,1.0,NOUN
criterio_valencia,imagen_cultural__ambivalente,vegetarian,2,2,20,0.045,5.0,PROPN
criterio_valencia,imagen_cultural__ambivalente,viaje,2,2,20,0.535,2.0,NOUN
criterio_valencia,imagen_cultural__ambivalente,aguacate,1,1,20,,,NOUN
criterio_valencia,imagen_cultural__ambivalente,alimento,1,1,20,,,NOUN
criterio_valencia,imagen_cultural__ambivalente,altibajo,1,1,20,,,NOUN
criterio_valencia,imagen_cultural__ambivalente,amable,1,1,20,0.126,2.0,ADJ
criterio_valencia,imagen_cultural__ambivalente,amigo,1,1,20,,,NOUN
criterio_valencia,imagen_cultural__ambivalente,américa,1,1,20,,,PROPN
criterio_valencia,imagen_cultural__ambivalente,anfitrión,1,1,20,,,NOUN
criterio_valencia,imagen_cultural__ambivalente,asador,1,1,20,,,NOUN
criterio_valencia,imagen_cultural__ambivalente,ataque,1,1,20,,,NOUN
criterio_valencia,imagen_cultural__ambivalente,autopista,1,1,20,,,NOUN
criterio_valencia,imagen_cultural__ambivalente,año,1,1,20,,,NOUN
criterio_valencia,imagen_cultural__ambivalente,bandeja,1,1,20,,,NOUN
criterio_valencia,imagen_cultural__ambivalente,barco,1,1,20,,,NOUN
criterio_valencia,imagen_cultural__ambivalente,bellmare,1,1,20,,,PROPN
criterio_valencia,imagen_cultural__ambivalente,bienvenida,1,1,20,,,NOUN
criterio_valencia,imagen_cultural__ambivalente,blanco,1,1,20,,,ADJ
criterio_valencia,imagen_cultural__ambivalente,blue,1,1,20,,,PROPN
criterio_valencia,imagen_cultural__ambivalente,bochorno,1,1,20,,,NOUN
criterio_valencia,imagen_cultural__ambivalente,borroso,1,1,20,,,ADJ
criterio_valencia,imagen_cultural__ambivalente,boursin,1,1,20,,,PROPN
criterio_valencia,imagen_cultural__ambivalente,brasileño,1,1,20,,,ADJ
criterio_valencia,imagen_cultural__ambivalente,buenacomido,1,1,20,,,ADJ
criterio_valencia,imagen_cultural__ambivalente,callejero,1,1,20,0.126,2.0,ADJ
criterio_valencia,imagen_cultural__ambivalente,campechano,1,1,20,,,PROPN
criterio_valencia,imagen_cultural__ambivalente,canal,1,1,20,,,NOUN
criterio_valencia,imagen_cultural__ambivalente,cargado,1,1,20,,,ADJ
criterio_valencia,imagen_cultural__ambivalente,cauli,1,1,20,,,PROPN
criterio_valencia,imagen_cultural__ambivalente,cena,1,1,20,,,NOUN
criterio_valencia,imagen_cultural__ambivalente,cerdo,1,1,20,,,NOUN
criterio_valencia,imagen_cultural__ambivalente,cerro,1,1,20,,,PROPN
criterio_valencia,imagen_cultural__ambivalente,cerveza,1,1,20,0.126,2.0,NOUN
criterio_valencia,imagen_cultural__ambivalente,cheesy,1,1,20,,,PROPN
criterio_valencia,imagen_cultural__ambivalente,chipotle,1,1,20,,,PROPN
criterio_valencia,imagen_cultural__ambivalente,chupito,1,1,20,,,NOUN
criterio_valencia,imagen_cultural__ambivalente,ciudad,1,1,20,-0.708,10.0,PROPN
criterio_valencia,imagen_cultural__ambivalente,colega,1,1,20,,,NOUN
criterio_valencia,imagen_cultural__ambivalente,color,1,1,20,,,NOUN
criterio_valencia,imagen_cultural__ambivalente,crostini,1,1,20,,,PROPN
criterio_valencia,imagen_cultural__ambivalente,cruzo,1,1,20,,,PROPN
criterio_valencia,imagen_cultural__ambivalente,cumpleaños,1,1,20,,,NOUN
criterio_valencia,imagen_cultural__ambivalente,césar,1,1,20,,,PROPN
criterio_valencia,imagen_cultural__ambivalente,dedo,1,1,20,,,NOUN
criterio_valencia,imagen_cultural__ambivalente,deliciós,1,1,20,,,ADJ
criterio_valencia,imagen_cultural__ambivalente,directo,1,1,20,,,ADJ
criterio_valencia,imagen_cultural__ambivalente,dison,1,1,20,,,PROPN
criterio_valencia,imagen_cultural__ambivalente,don,1,1,20,,,PROPN
criterio_valencia,imagen_cultural__ambivalente,edad,1,1,20,,,NOUN
criterio_valencia,imagen_cultural__ambivalente,elote,1,1,20,-0.05,3.0,PROPN
criterio_valencia,imagen_cultural__ambivalente,endiablado,1,1,20,,,ADJ
criterio_valencia,imagen_cultural__ambivalente,ensaladas,1,1,20,,,PROPN
criterio_valencia,imagen_cultural__ambivalente,españa,1,1,20,,,PROPN
criterio_valencia,imagen_cultural__ambivalente,espera,1,1,20,,,NOUN
criterio_valencia,imagen_cultural__ambivalente,estadio,1,1,20,-0.05,3.0,NOUN
criterio_valencia,imagen_cultural__ambivalente,estadounidense,1,1,20,,,NOUN
criterio_valencia,imagen_cultural__ambivalente,exposición,1,1,20,,,NOUN
criterio_valencia,imagen_cultural__ambivalente,foto,1,1,20,-0.05,3.0,NOUN
criterio_valencia,imagen_cultural__ambivalente,frijol,1,1,20,0.126,2.0,NOUN
criterio_valencia,imagen_cultural__ambivalente,fútbol,1,1,20,0.126,2.0,NOUN
criterio_valencia,imagen_cultural__ambivalente,general,1,1,20,,,NOUN
criterio_valencia,imagen_cultural__ambivalente,griego,1,1,20,,,ADJ
criterio_valencia,imagen_cultural__ambivalente,guaco,1,1,20,,,PROPN
criterio_valencia,imagen_cultural__ambivalente,hard,1,1,20,,,PROPN
criterio_valencia,imagen_cultural__ambivalente,helado,1,1,20,,,NOUN
criterio_valencia,imagen_cultural__ambivalente,hija,1,1,20,,,NOUN
criterio_valencia,imagen_cultural__ambivalente,hotel,1,1,20,,,NOUN
criterio_valencia,imagen_cultural__ambivalente,huevos,1,1,20,,,PROPN
criterio_valencia,imagen_cultural__ambivalente,imperio,1,1,20,,,PROPN
criterio_valencia,imagen_cultural__ambivalente,impresionante,1,1,20,,,ADJ
criterio_valencia,imagen_cultural__ambivalente,incluido,1,1,20,,,ADJ
criterio_valencia,imagen_cultural__ambivalente,increíble,1,1,20,-0.771,11.0,ADJ
criterio_valencia,imagen_cultural__ambivalente,izakayas,1,1,20,,,NOUN
criterio_valencia,imagen_cultural__ambivalente,jalapeno,1,1,20,,,PROPN
criterio_valencia,imagen_cultural__ambivalente,japonés,1,1,20,,,NOUN
criterio_valencia,imagen_cultural__ambivalente,japón,1,1,20,0.126,2.0,PROPN
criterio_valencia,imagen_cultural__ambivalente,jardín,1,1,20,,,PROPN
criterio_valencia,imagen_cultural__ambivalente,joven,1,1,20,0.126,2.0,ADJ
criterio_valencia,imagen_cultural__ambivalente,julio,1,1,20,,,PROPN
criterio_valencia,imagen_cultural__ambivalente,laboral,1,1,20,,,ADJ
criterio_valencia,imagen_cultural__ambivalente,latina,1,1,20,,,PROPN
criterio_valencia,imagen_cultural__ambivalente,latino,1,1,20,,,ADJ
criterio_valencia,imagen_cultural__ambivalente,lentil,1,1,20,,,PROPN
criterio_valencia,imagen_cultural__ambivalente,lima,1,1,20,,,PROPN
criterio_valencia,imagen_cultural__ambivalente,llamado,1,1,20,,,ADJ
criterio_valencia,imagen_cultural__ambivalente,lleno,1,1,20,,,ADJ
criterio_valencia,imagen_cultural__ambivalente,luna,1,1,20,-0.188,4.0,PROPN
criterio_valencia,imagen_cultural__ambivalente,machacada,1,1,20,,,ADJ
criterio_valencia,imagen_cultural__ambivalente,manteca,1,1,20,,,NOUN
criterio_valencia,imagen_cultural__ambivalente,mexicano,1,1,20,-0.771,11.0,ADJ
criterio_valencia,imagen_cultural__ambivalente,millón,1,1,20,,,NOUN
criterio_valencia,imagen_cultural__ambivalente,moral,1,1,20,,,NOUN
criterio_valencia,imagen_cultural__ambivalente,morelos,1,1,20,,,PROPN
criterio_valencia,imagen_cultural__ambivalente,motivo,1,1,20,,,NOUN
criterio_valencia,imagen_cultural__ambivalente,museo,1,1,20,,,PROPN
criterio_valencia,imagen_cultural__ambivalente,música,1,1,20,,,NOUN
criterio_valencia,imagen_cultural__ambivalente,nachos,1,1,20,,,PROPN
criterio_valencia,imagen_cultural__ambivalente,novio,1,1,20,,,NOUN
criterio_valencia,imagen_cultural__ambivalente,paint,1,1,20,,,PROPN
criterio_valencia,imagen_cultural__ambivalente,papas,1,1,20,,,PROPN
criterio_valencia,imagen_cultural__ambivalente,pareja,1,1,20,,,NOUN
criterio_valencia,imagen_cultural__ambivalente,partido,1,1,20,,,NOUN
criterio_valencia,imagen_cultural__ambivalente,país,1,1,20,-0.302,5.0,NOUN
criterio_valencia,imagen_cultural__ambivalente,persona,1,1,20,,,NOUN
criterio_valencia,imagen_cultural__ambivalente,pesto,1,1,20,,,NOUN
criterio_valencia,imagen_cultural__ambivalente,playa,1,1,20,0.126,2.0,NOUN
criterio_valencia,imagen_cultural__ambivalente,población,1,1,20,,,NOUN
criterio_valencia,imagen_cultural__ambivalente,ponte,1,1,20,,,PROPN
criterio_valencia,imagen_cultural__ambivalente,promedio,1,1,20,,,NOUN
criterio_valencia,imagen_cultural__ambivalente,puerto,1,1,20,,,PROPN
criterio_valencia,imagen_cultural__ambivalente,quesadillas,1,1,20,,,PROPN
criterio_valencia,imagen_cultural__ambivalente,ranch,1,1,20,,,PROPN
criterio_valencia,imagen_cultural__ambivalente,receta,1,1,20,,,NOUN
criterio_valencia,imagen_cultural__ambivalente,reciente,1,1,20,,,ADJ
criterio_valencia,imagen_cultural__ambivalente,resort,1,1,20,,,NOUN
criterio_valencia,imagen_cultural__ambivalente,restaurante,1,1,20,,,NOUN
criterio_valencia,imagen_cultural__ambivalente,restricción,1,1,20,,,NOUN
criterio_valencia,imagen_cultural__ambivalente,ruinas,1,1,20,,,PROPN
criterio_valencia,imagen_cultural__ambivalente,salchicha,1,1,20,,,NOUN
criterio_valencia,imagen_cultural__ambivalente,sandía,1,1,20,,,PROPN
criterio_valencia,imagen_cultural__ambivalente,semana,1,1,20,-0.302,5.0,NOUN
criterio_valencia,imagen_cultural__ambivalente,serio,1,1,20,,,NOUN
criterio_valencia,imagen_cultural__ambivalente,sexy,1,1,20,,,PROPN
criterio_valencia,imagen_cultural__ambivalente,silla,1,1,20,,,PROPN
criterio_valencia,imagen_cultural__ambivalente,sol,1,1,20,-0.05,3.0,PROPN
criterio_valencia,imagen_cultural__ambivalente,summer,1,1,20,,,PROPN
criterio_valencia,imagen_cultural__ambivalente,tacotuesday,1,1,20,,,PROPN
criterio_valencia,imagen_cultural__ambivalente,teotihuacan,1,1,20,,,PROPN
criterio_valencia,imagen_cultural__ambivalente,teotihuacán,1,1,20,0.126,2.0,PROPN
criterio_valencia,imagen_cultural__ambivalente,texas,1,1,20,,,PROPN
criterio_valencia,imagen_cultural__ambivalente,the,1,1,20,,,PROPN
criterio_valencia,imagen_cultural__ambivalente,tokio,1,1,20,,,PROPN
criterio_valencia,imagen_cultural__ambivalente,tomate,1,1,20,,,NOUN
criterio_valencia,imagen_cultural__ambivalente,triturado,1,1,20,,,PROPN
criterio_valencia,imagen_cultural__ambivalente,tulum,1,1,20,,,PROPN
criterio_valencia,imagen_cultural__ambivalente,vegetariano,1,1,20,,,NOUN
criterio_valencia,imagen_cultural__ambivalente,veraniega,1,1,20,,,PROPN
criterio_valencia,imagen_cultural__ambivalente,vivo,1,1,20,,,ADJ
criterio_valencia,imagen_cultural__ambivalente,world,1,1,20,,,PROPN
criterio_valencia,imagen_cultural__ambivalente,ángeles,1,1,20,,,PROPN
criterio_valencia,imagen_cultural__negativo,méxico,6,6,10,0.103,26.0,PROPN
criterio_valencia,imagen_cultural__negativo,extranjero,4,4,10,1.866,0.0,NOUN
criterio_valencia,imagen_cultural__negativo,gente,4,3,10,0.858,6.0,NOUN
criterio_valencia,imagen_cultural__negativo,mexicano,4,4,10,0.668,8.0,NOUN
criterio_valencia,imagen_cultural__negativo,callejero,2,1,10,0.998,1.0,ADJ
criterio_valencia,imagen_cultural__negativo,elote,2,1,10,0.772,2.0,NOUN
criterio_valencia,imagen_cultural__negativo,estafador,2,2,10,,,NOUN
criterio_valencia,imagen_cultural__negativo,hora,2,2,10,0.772,2.0,NOUN
criterio_valencia,imagen_cultural__negativo,inglaterra,2,1,10,0.603,3.0,PROPN
criterio_valencia,imagen_cultural__negativo,maya,2,1,10,,,ADJ
criterio_valencia,imagen_cultural__negativo,mundial,2,1,10,0.998,1.0,PROPN
criterio_valencia,imagen_cultural__negativo,país,2,2,10,0.468,4.0,NOUN
criterio_valencia,imagen_cultural__negativo,podcast,2,1,10,,,NOUN
criterio_valencia,imagen_cultural__negativo,ruina,2,1,10,,,NOUN
criterio_valencia,imagen_cultural__negativo,absoluto,1,1,10,,,NOUN
criterio_valencia,imagen_cultural__negativo,actitud,1,1,10,,,NOUN
criterio_valencia,imagen_cultural__negativo,agradable,1,1,10,,,ADJ
criterio_valencia,imagen_cultural__negativo,altitud,1,1,10,,,NOUN
criterio_valencia,imagen_cultural__negativo,americano,1,1,10,,,ADJ
criterio_valencia,imagen_cultural__negativo,animal,1,1,10,,,NOUN
criterio_valencia,imagen_cultural__negativo,asqueroso,1,1,10,,,ADJ
criterio_valencia,imagen_cultural__negativo,ave,1,1,10,,,NOUN
criterio_valencia,imagen_cultural__negativo,azteca,1,1,10,0.073,4.0,PROPN
criterio_valencia,imagen_cultural__negativo,basset,1,1,10,,,PROPN
criterio_valencia,imagen_cultural__negativo,blog,1,1,10,0.33,2.0,NOUN
criterio_valencia,imagen_cultural__negativo,bufanda,1,1,10,,,NOUN
criterio_valencia,imagen_cultural__negativo,cancún,1,1,10,,,PROPN
criterio_valencia,imagen_cultural__negativo,cantidad,1,1,10,,,NOUN
criterio_valencia,imagen_cultural__negativo,carterista,1,1,10,,,NOUN
criterio_valencia,imagen_cultural__negativo,ciudad,1,1,10,-0.325,10.0,PROPN
criterio_valencia,imagen_cultural__negativo,civilización,1,1,10,,,NOUN
criterio_valencia,imagen_cultural__negativo,colorida,1,1,10,,,ADJ
criterio_valencia,imagen_cultural__negativo,concentrado,1,1,10,,,ADJ
criterio_valencia,imagen_cultural__negativo,contenido,1,1,10,,,NOUN
criterio_valencia,imagen_cultural__negativo,creación,1,1,10,,,NOUN
criterio_valencia,imagen_cultural__negativo,delicioso,1,1,10,,,ADJ
criterio_valencia,imagen_cultural__negativo,destrocemo,1,1,10,,,NOUN
criterio_valencia,imagen_cultural__negativo,diferencia,1,1,10,,,NOUN
criterio_valencia,imagen_cultural__negativo,emoji,1,1,10,,,NOUN
criterio_valencia,imagen_cultural__negativo,fanfest,1,1,10,,,NOUN
criterio_valencia,imagen_cultural__negativo,fanfestival,1,1,10,,,ADJ
criterio_valencia,imagen_cultural__negativo,favorito,1,1,10,0.184,3.0,ADJ
criterio_valencia,imagen_cultural__negativo,feliz,1,1,10,0.33,2.0,ADJ
criterio_valencia,imagen_cultural__negativo,fifawouldcup,1,1,10,,,PROPN
criterio_valencia,imagen_cultural__negativo,fraude,1,1,10,,,NOUN
criterio_valencia,imagen_cultural__negativo,fácil,1,1,10,,,ADJ
criterio_valencia,imagen_cultural__negativo,genial,1,1,10,0.33,2.0,ADJ
criterio_valencia,imagen_cultural__negativo,grupo,1,1,10,,,NOUN
criterio_valencia,imagen_cultural__negativo,hombre,1,1,10,,,NOUN
criterio_valencia,imagen_cultural__negativo,horrible,1,1,10,,,ADJ
criterio_valencia,imagen_cultural__negativo,impresión,1,1,10,,,NOUN
criterio_valencia,imagen_cultural__negativo,increíble,1,1,10,-0.372,11.0,ADJ
criterio_valencia,imagen_cultural__negativo,infancia,1,1,10,,,NOUN
criterio_valencia,imagen_cultural__negativo,inglés,1,1,10,,,ADJ
criterio_valencia,imagen_cultural__negativo,jalapeño,1,1,10,0.184,3.0,NOUN
criterio_valencia,imagen_cultural__negativo,joda,1,1,10,,,PROPN
criterio_valencia,imagen_cultural__negativo,lleno,1,1,10,,,ADJ
criterio_valencia,imagen_cultural__negativo,lugar,1,1,10,-0.161,7.0,NOUN
criterio_valencia,imagen_cultural__negativo,malo,1,1,10,,,ADJ
criterio_valencia,imagen_cultural__negativo,mar,1,1,10,,,NOUN
criterio_valencia,imagen_cultural__negativo,mayor,1,1,10,,,ADJ
criterio_valencia,imagen_cultural__negativo,mejor,1,1,10,0.33,2.0,ADJ
criterio_valencia,imagen_cultural__negativo,mental,1,1,10,,,ADJ
criterio_valencia,imagen_cultural__negativo,mercancía,1,1,10,,,NOUN
criterio_valencia,imagen_cultural__negativo,mes,1,1,10,,,NOUN
criterio_valencia,imagen_cultural__negativo,mexico,1,1,10,-0.018,5.0,PROPN
criterio_valencia,imagen_cultural__negativo,mierda,1,1,10,,,NOUN
criterio_valencia,imagen_cultural__negativo,mierdero,1,1,10,,,NOUN
criterio_valencia,imagen_cultural__negativo,mike,1,1,10,,,PROPN
criterio_valencia,imagen_cultural__negativo,mono,1,1,10,,,NOUN
criterio_valencia,imagen_cultural__negativo,monterrey,1,1,10,-0.221,8.0,PROPN
criterio_valencia,imagen_cultural__negativo,multitud,1,1,10,,,NOUN
criterio_valencia,imagen_cultural__negativo,música,1,1,10,,,NOUN
criterio_valencia,imagen_cultural__negativo,nivel,1,1,10,,,NOUN
criterio_valencia,imagen_cultural__negativo,nómado,1,1,10,,,ADJ
criterio_valencia,imagen_cultural__negativo,ojalá,1,1,10,,,ADJ
criterio_valencia,imagen_cultural__negativo,partido,1,1,10,,,NOUN
criterio_valencia,imagen_cultural__negativo,pequeño,1,1,10,0.33,2.0,ADJ
criterio_valencia,imagen_cultural__negativo,pila,1,1,10,,,NOUN
criterio_valencia,imagen_cultural__negativo,pistola,1,1,10,,,NOUN
criterio_valencia,imagen_cultural__negativo,plus,1,1,10,,,NOUN
criterio_valencia,imagen_cultural__negativo,pobre,1,1,10,,,ADJ
criterio_valencia,imagen_cultural__negativo,pueblo,1,1,10,,,NOUN
criterio_valencia,imagen_cultural__negativo,punta,1,1,10,,,NOUN
criterio_valencia,imagen_cultural__negativo,punto,1,1,10,,,NOUN
criterio_valencia,imagen_cultural__negativo,realidad,1,1,10,,,NOUN
criterio_valencia,imagen_cultural__negativo,recipe,1,1,10,0.33,2.0,PROPN
criterio_valencia,imagen_cultural__negativo,reto,1,1,10,,,NOUN
criterio_valencia,imagen_cultural__negativo,robo,1,1,10,,,NOUN
criterio_valencia,imagen_cultural__negativo,salud,1,1,10,,,NOUN
criterio_valencia,imagen_cultural__negativo,selva,1,1,10,,,NOUN
criterio_valencia,imagen_cultural__negativo,semana,1,1,10,-0.018,5.0,NOUN
criterio_valencia,imagen_cultural__negativo,silencioso,1,1,10,,,ADJ
criterio_valencia,imagen_cultural__negativo,simpático,1,1,10,,,ADJ
criterio_valencia,imagen_cultural__negativo,sombra,1,1,10,,,NOUN
criterio_valencia,imagen_cultural__negativo,sueño,1,1,10,,,NOUN
criterio_valencia,imagen_cultural__negativo,sur,1,1,10,,,NOUN
criterio_valencia,imagen_cultural__negativo,súper,1,1,10,,,ADJ
criterio_valencia,imagen_cultural__negativo,taiwán,1,1,10,,,PROPN
criterio_valencia,imagen_cultural__negativo,tarifa,1,1,10,,,NOUN
criterio_valencia,imagen_cultural__negativo,teléfono,1,1,10,,,NOUN
criterio_valencia,imagen_cultural__negativo,tikal,1,1,10,,,PROPN
criterio_valencia,imagen_cultural__negativo,torneo,1,1,10,,,NOUN
criterio_valencia,imagen_cultural__negativo,tour,1,1,10,0.33,2.0,NOUN
criterio_valencia,imagen_cultural__negativo,unidos,1,1,10,,,PROPN
criterio_valencia,imagen_cultural__negativo,vegetarian,1,1,10,-0.094,6.0,PROPN
criterio_valencia,imagen_cultural__negativo,volumen,1,1,10,,,NOUN
criterio_valencia,imagen_cultural__negativo,vuelta,1,1,10,0.184,3.0,NOUN
criterio_valencia,imagen_cultural__negativo,único,1,1,10,,,ADJ
criterio_valencia,imagen_cultural__positivo,méxico,19,16,41,0.258,13.0,PROPN
criterio_valencia,imagen_cultural__positivo,increíble,10,10,41,1.121,2.0,ADJ
criterio_valencia,imagen_cultural__positivo,ciudad,9,7,41,1.014,2.0,PROPN
criterio_valencia,imagen_cultural__positivo,queso,8,6,41,0.665,3.0,NOUN
criterio_valencia,imagen_cultural__positivo,lugar,7,7,41,1.045,1.0,NOUN
criterio_valencia,imagen_cultural__positivo,mexicano,7,6,41,0.112,5.0,ADJ
criterio_valencia,imagen_cultural__positivo,mexico,5,5,41,0.787,1.0,PROPN
criterio_valencia,imagen_cultural__positivo,vacation,5,5,41,1.137,0.0,PROPN
criterio_valencia,imagen_cultural__positivo,cdmx,4,3,41,1.015,0.0,PROPN
criterio_valencia,imagen_cultural__positivo,comida,4,4,41,0.048,3.0,NOUN
criterio_valencia,imagen_cultural__positivo,gente,4,4,41,-0.576,6.0,NOUN
criterio_valencia,imagen_cultural__positivo,luna,4,2,41,0.632,1.0,PROPN
criterio_valencia,imagen_cultural__positivo,maravilloso,4,4,41,1.015,0.0,ADJ
criterio_valencia,imagen_cultural__positivo,mundo,4,4,41,1.015,0.0,PROPN
criterio_valencia,imagen_cultural__positivo,quesadilla,4,2,41,1.015,0.0,NOUN
criterio_valencia,imagen_cultural__positivo,semana,4,4,41,0.316,2.0,NOUN
criterio_valencia,imagen_cultural__positivo,taco,4,3,41,-0.39,5.0,NOUN
criterio_valencia,imagen_cultural__positivo,vegetarian,4,4,41,0.048,3.0,PROPN
criterio_valencia,imagen_cultural__positivo,estadio,3,2,41,0.45,1.0,NOUN
criterio_valencia,imagen_cultural__positivo,fabuloso,3,2,41,0.878,0.0,ADJ
criterio_valencia,imagen_cultural__positivo,favorito,3,3,41,0.45,1.0,ADJ
criterio_valencia,imagen_cultural__positivo,foto,3,2,41,0.45,1.0,NOUN
criterio_valencia,imagen_cultural__positivo,inglaterra,3,3,41,0.115,2.0,PROPN
criterio_valencia,imagen_cultural__positivo,monterrey,3,3,41,-0.778,6.0,PROPN
criterio_valencia,imagen_cultural__positivo,noche,3,2,41,0.115,2.0,NOUN
criterio_valencia,imagen_cultural__positivo,oaxaca,3,3,41,0.878,0.0,PROPN
criterio_valencia,imagen_cultural__positivo,país,3,2,41,-0.159,3.0,NOUN
criterio_valencia,imagen_cultural__positivo,playadelcarmen,3,3,41,0.878,0.0,NOUN
criterio_valencia,imagen_cultural__positivo,sol,3,3,41,0.45,1.0,NOUN
criterio_valencia,imagen_cultural__positivo,vuelta,3,3,41,0.45,1.0,NOUN
criterio_valencia,imagen_cultural__positivo,amable,2,2,41,0.222,1.0,ADJ
criterio_valencia,imagen_cultural__positivo,azteca,2,2,41,-0.405,3.0,PROPN
criterio_valencia,imagen_cultural__positivo,blog,2,2,41,0.222,1.0,NOUN
criterio_valencia,imagen_cultural__positivo,bonito,2,2,41,,,ADJ
criterio_valencia,imagen_cultural__positivo,cabo,2,2,41,,,PROPN
criterio_valencia,imagen_cultural__positivo,carmen,2,2,41,,,PROPN
criterio_valencia,imagen_cultural__positivo,cerveza,2,2,41,0.222,1.0,PROPN
criterio_valencia,imagen_cultural__positivo,cheetos,2,1,41,,,PROPN
criterio_valencia,imagen_cultural__positivo,colgado,2,2,41,,,ADJ
criterio_valencia,imagen_cultural__positivo,copa,2,2,41,,,PROPN
criterio_valencia,imagen_cultural__positivo,corn,2,1,41,,,PROPN
criterio_valencia,imagen_cultural__positivo,cosa,2,2,41,,,NOUN
criterio_valencia,imagen_cultural__positivo,cuerpo,2,2,41,,,NOUN
criterio_valencia,imagen_cultural__positivo,diego,2,1,41,,,PROPN
criterio_valencia,imagen_cultural__positivo,dólares,2,1,41,,,NOUN
criterio_valencia,imagen_cultural__positivo,feliz,2,2,41,0.222,1.0,ADJ
criterio_valencia,imagen_cultural__positivo,frijol,2,2,41,0.222,1.0,PROPN
criterio_valencia,imagen_cultural__positivo,fútbol,2,2,41,0.222,1.0,NOUN
criterio_valencia,imagen_cultural__positivo,genial,2,2,41,0.222,1.0,ADJ
criterio_valencia,imagen_cultural__positivo,hermoso,2,2,41,,,ADJ
criterio_valencia,imagen_cultural__positivo,hora,2,2,41,-0.13,2.0,NOUN
criterio_valencia,imagen_cultural__positivo,idea,2,2,41,,,NOUN
criterio_valencia,imagen_cultural__positivo,japón,2,1,41,0.222,1.0,PROPN
criterio_valencia,imagen_cultural__positivo,joven,2,1,41,0.222,1.0,NOUN
criterio_valencia,imagen_cultural__positivo,libre,2,2,41,,,ADJ
criterio_valencia,imagen_cultural__positivo,mejor,2,2,41,0.222,1.0,ADJ
criterio_valencia,imagen_cultural__positivo,mercado,2,1,41,,,NOUN
criterio_valencia,imagen_cultural__positivo,miel,2,1,41,,,NOUN
criterio_valencia,imagen_cultural__positivo,momento,2,2,41,,,NOUN
criterio_valencia,imagen_cultural__positivo,paseo,2,2,41,,,NOUN
criterio_valencia,imagen_cultural__positivo,pequeño,2,2,41,0.222,1.0,ADJ
criterio_valencia,imagen_cultural__positivo,playa,2,2,41,0.222,1.0,PROPN
criterio_valencia,imagen_cultural__positivo,recipe,2,2,41,0.222,1.0,PROPN
criterio_valencia,imagen_cultural__positivo,recipes,2,2,41,-0.13,2.0,NOUN
criterio_valencia,imagen_cultural__positivo,refrito,2,2,41,,,PROPN
criterio_valencia,imagen_cultural__positivo,salsa,2,2,41,-0.13,2.0,NOUN
criterio_valencia,imagen_cultural__positivo,san,2,2,41,,,PROPN
criterio_valencia,imagen_cultural__positivo,street,2,1,41,,,PROPN
criterio_valencia,imagen_cultural__positivo,teotihuacán,2,2,41,0.222,1.0,PROPN
criterio_valencia,imagen_cultural__positivo,tiempo,2,2,41,,,NOUN
criterio_valencia,imagen_cultural__positivo,tortilla,2,2,41,,,NOUN
criterio_valencia,imagen_cultural__positivo,tostada,2,1,41,,,ADJ
criterio_valencia,imagen_cultural__positivo,vacación,2,2,41,,,NOUN
criterio_valencia,imagen_cultural__positivo,viaje,2,2,41,-0.13,2.0,NOUN
criterio_valencia,imagen_cultural__positivo,viva,2,2,41,,,PROPN
criterio_valencia,imagen_cultural__positivo,york,2,2,41,,,PROPN
criterio_valencia,imagen_cultural__positivo,abierto,1,1,41,,,ADJ
criterio_valencia,imagen_cultural__positivo,acogedor,1,1,41,,,ADJ
criterio_valencia,imagen_cultural__positivo,acogedoro,1,1,41,,,ADJ
criterio_valencia,imagen_cultural__positivo,aderezo,1,1,41,,,NOUN
criterio_valencia,imagen_cultural__positivo,air,1,1,41,,,PROPN
criterio_valencia,imagen_cultural__positivo,alcance,1,1,41,,,NOUN
criterio_valencia,imagen_cultural__positivo,alegría,1,1,41,,,NOUN
criterio_valencia,imagen_cultural__positivo,allende,1,1,41,,,PROPN
criterio_valencia,imagen_cultural__positivo,amabilidad,1,1,41,,,NOUN
criterio_valencia,imagen_cultural__positivo,ambiente,1,1,41,,,NOUN
criterio_valencia,imagen_cultural__positivo,amigo,1,1,41,,,NOUN
criterio_valencia,imagen_cultural__positivo,arracherra,1,1,41,,,PROPN
criterio_valencia,imagen_cultural__positivo,artes,1,1,41,,,PROPN
criterio_valencia,imagen_cultural__positivo,auténtico,1,1,41,,,ADJ
criterio_valencia,imagen_cultural__positivo,aventura,1,1,41,,,NOUN
criterio_valencia,imagen_cultural__positivo,ballén,1,1,41,,,ADJ
criterio_valencia,imagen_cultural__positivo,bar,1,1,41,,,NOUN
criterio_valencia,imagen_cultural__positivo,bellas,1,1,41,,,PROPN
criterio_valencia,imagen_cultural__positivo,blanco,1,1,41,,,ADJ
criterio_valencia,imagen_cultural__positivo,bocado,1,1,41,,,NOUN
criterio_valencia,imagen_cultural__positivo,bote,1,1,41,,,NOUN
criterio_valencia,imagen_cultural__positivo,bowl,1,1,41,,,PROPN
criterio_valencia,imagen_cultural__positivo,boy,1,1,41,,,PROPN
criterio_valencia,imagen_cultural__positivo,brazo,1,1,41,,,NOUN
criterio_valencia,imagen_cultural__positivo,buceo,1,1,41,,,NOUN
criterio_valencia,imagen_cultural__positivo,burrito,1,1,41,,,PROPN
criterio_valencia,imagen_cultural__positivo,cacerola,1,1,41,,,PROPN
criterio_valencia,imagen_cultural__positivo,café,1,1,41,,,NOUN
criterio_valencia,imagen_cultural__positivo,camiseta,1,1,41,,,NOUN
criterio_valencia,imagen_cultural__positivo,campo,1,1,41,,,NOUN
criterio_valencia,imagen_cultural__positivo,cancún,1,1,41,,,PROPN
criterio_valencia,imagen_cultural__positivo,cantina,1,1,41,-0.705,3.0,NOUN
criterio_valencia,imagen_cultural__positivo,casa,1,1,41,,,NOUN
criterio_valencia,imagen_cultural__positivo,centro,1,1,41,,,NOUN
criterio_valencia,imagen_cultural__positivo,cercano,1,1,41,,,ADJ
criterio_valencia,imagen_cultural__positivo,city,1,1,41,,,PROPN
criterio_valencia,imagen_cultural__positivo,clase,1,1,41,,,NOUN
criterio_valencia,imagen_cultural__positivo,cobs,1,1,41,,,PROPN
criterio_valencia,imagen_cultural__positivo,colorida,1,1,41,,,ADJ
criterio_valencia,imagen_cultural__positivo,compañía,1,1,41,,,NOUN
criterio_valencia,imagen_cultural__positivo,covid,1,1,41,,,PROPN
criterio_valencia,imagen_cultural__positivo,cremoso,1,1,41,,,ADJ
criterio_valencia,imagen_cultural__positivo,cromo,1,1,41,,,NOUN
criterio_valencia,imagen_cultural__positivo,crujient,1,1,41,,,ADJ
criterio_valencia,imagen_cultural__positivo,cuatrimoto,1,1,41,,,NOUN
criterio_valencia,imagen_cultural__positivo,cubierto,1,1,41,,,ADJ
criterio_valencia,imagen_cultural__positivo,cuidado,1,1,41,,,NOUN
criterio_valencia,imagen_cultural__positivo,cóctel,1,1,41,,,NOUN
criterio_valencia,imagen_cultural__positivo,darke,1,1,41,,,PROPN
criterio_valencia,imagen_cultural__positivo,das,1,1,41,,,PROPN
criterio_valencia,imagen_cultural__positivo,deliciosa,1,1,41,,,ADJ
criterio_valencia,imagen_cultural__positivo,despedida,1,1,41,,,NOUN
criterio_valencia,imagen_cultural__positivo,desperdicio,1,1,41,,,NOUN
criterio_valencia,imagen_cultural__positivo,diario,1,1,41,,,NOUN
criterio_valencia,imagen_cultural__positivo,diente,1,1,41,,,NOUN
criterio_valencia,imagen_cultural__positivo,dip,1,1,41,,,PROPN
criterio_valencia,imagen_cultural__positivo,diversión,1,1,41,,,NOUN
criterio_valencia,imagen_cultural__positivo,divertido,1,1,41,,,ADJ
criterio_valencia,imagen_cultural__positivo,drippy,1,1,41,,,PROPN
criterio_valencia,imagen_cultural__positivo,droga,1,1,41,,,NOUN
criterio_valencia,imagen_cultural__positivo,edificio,1,1,41,,,NOUN
criterio_valencia,imagen_cultural__positivo,elote,1,1,41,-0.705,3.0,NOUN
criterio_valencia,imagen_cultural__positivo,elotes,1,1,41,,,PROPN
criterio_valencia,imagen_cultural__positivo,enchilada,1,1,41,,,ADJ
criterio_valencia,imagen_cultural__positivo,equivalente,1,1,41,,,NOUN
criterio_valencia,imagen_cultural__positivo,experiencia,1,1,41,,,NOUN
criterio_valencia,imagen_cultural__positivo,extra,1,1,41,,,ADJ
criterio_valencia,imagen_cultural__positivo,familiar,1,1,41,,,ADJ
criterio_valencia,imagen_cultural__positivo,famoso,1,1,41,,,ADJ
criterio_valencia,imagen_cultural__positivo,fifa,1,1,41,,,PROPN
criterio_valencia,imagen_cultural__positivo,francisco,1,1,41,,,PROPN
criterio_valencia,imagen_cultural__positivo,fryer,1,1,41,,,PROPN
criterio_valencia,imagen_cultural__positivo,futuro,1,1,41,,,NOUN
criterio_valencia,imagen_cultural__positivo,gana,1,1,41,,,NOUN
criterio_valencia,imagen_cultural__positivo,good,1,1,41,,,PROPN
criterio_valencia,imagen_cultural__positivo,gringo,1,1,41,,,PROPN
criterio_valencia,imagen_cultural__positivo,guacamole,1,1,41,-0.445,2.0,NOUN
criterio_valencia,imagen_cultural__positivo,guarnición,1,1,41,,,NOUN
criterio_valencia,imagen_cultural__positivo,helado,1,1,41,,,ADJ
criterio_valencia,imagen_cultural__positivo,hermano,1,1,41,,,NOUN
criterio_valencia,imagen_cultural__positivo,himno,1,1,41,,,NOUN
criterio_valencia,imagen_cultural__positivo,honor,1,1,41,,,NOUN
criterio_valencia,imagen_cultural__positivo,hot,1,1,41,,,PROPN
criterio_valencia,imagen_cultural__positivo,ida,1,1,41,,,NOUN
criterio_valencia,imagen_cultural__positivo,imagen,1,1,41,,,NOUN
criterio_valencia,imagen_cultural__positivo,imperfección,1,1,41,,,NOUN
criterio_valencia,imagen_cultural__positivo,impresionante,1,1,41,,,ADJ
criterio_valencia,imagen_cultural__positivo,improviso,1,1,41,,,NOUN
criterio_valencia,imagen_cultural__positivo,inolvidable,1,1,41,,,ADJ
criterio_valencia,imagen_cultural__positivo,intenso,1,1,41,,,ADJ
criterio_valencia,imagen_cultural__positivo,jalapeno,1,1,41,,,PROPN
criterio_valencia,imagen_cultural__positivo,jalapeño,1,1,41,-0.705,3.0,PROPN
criterio_valencia,imagen_cultural__positivo,joder,1,1,41,,,PROPN
criterio_valencia,imagen_cultural__positivo,junto,1,1,41,,,ADJ
criterio_valencia,imagen_cultural__positivo,lancha,1,1,41,,,NOUN
criterio_valencia,imagen_cultural__positivo,legendario,1,1,41,,,ADJ
criterio_valencia,imagen_cultural__positivo,lenteja,1,1,41,,,NOUN
criterio_valencia,imagen_cultural__positivo,lindo,1,1,41,,,ADJ
criterio_valencia,imagen_cultural__positivo,lista,1,1,41,,,NOUN
criterio_valencia,imagen_cultural__positivo,lucha,1,1,41,,,NOUN
criterio_valencia,imagen_cultural__positivo,mangos,1,1,41,,,PROPN
criterio_valencia,imagen_cultural__positivo,mar,1,1,41,,,NOUN
criterio_valencia,imagen_cultural__positivo,martes,1,1,41,,,NOUN
criterio_valencia,imagen_cultural__positivo,material,1,1,41,,,NOUN
criterio_valencia,imagen_cultural__positivo,matutino,1,1,41,,,ADJ
criterio_valencia,imagen_cultural__positivo,mayordomo,1,1,41,,,NOUN
criterio_valencia,imagen_cultural__positivo,maíz,1,1,41,,,PROPN
criterio_valencia,imagen_cultural__positivo,mañana,1,1,41,,,NOUN
criterio_valencia,imagen_cultural__positivo,mex,1,1,41,,,PROPN
criterio_valencia,imagen_cultural__positivo,mexicocity,1,1,41,,,PROPN
criterio_valencia,imagen_cultural__positivo,miedo,1,1,41,,,NOUN
criterio_valencia,imagen_cultural__positivo,miguel,1,1,41,,,PROPN
criterio_valencia,imagen_cultural__positivo,minjeongie,1,1,41,,,PROPN
criterio_valencia,imagen_cultural__positivo,mirada,1,1,41,,,NOUN
criterio_valencia,imagen_cultural__positivo,montaña,1,1,41,,,NOUN
criterio_valencia,imagen_cultural__positivo,muelle,1,1,41,,,NOUN
criterio_valencia,imagen_cultural__positivo,mundial,1,1,41,-0.445,2.0,NOUN
criterio_valencia,imagen_cultural__positivo,mágico,1,1,41,,,ADJ
criterio_valencia,imagen_cultural__positivo,máximo,1,1,41,,,ADJ
criterio_valencia,imagen_cultural__positivo,nacional,1,1,41,,,ADJ
criterio_valencia,imagen_cultural__positivo,nadé,1,1,41,,,PROPN
criterio_valencia,imagen_cultural__positivo,oficial,1,1,41,,,ADJ
criterio_valencia,imagen_cultural__positivo,oficina,1,1,41,,,NOUN
criterio_valencia,imagen_cultural__positivo,ohhhhhhhh,1,1,41,,,PROPN
criterio_valencia,imagen_cultural__positivo,ojo,1,1,41,,,NOUN
criterio_valencia,imagen_cultural__positivo,padrino,1,1,41,,,NOUN
criterio_valencia,imagen_cultural__positivo,palacio,1,1,41,,,PROPN
criterio_valencia,imagen_cultural__positivo,papaya,1,1,41,,,PROPN
criterio_valencia,imagen_cultural__positivo,parche,1,1,41,,,NOUN
criterio_valencia,imagen_cultural__positivo,pared,1,1,41,,,NOUN
criterio_valencia,imagen_cultural__positivo,pasión,1,1,41,,,NOUN
criterio_valencia,imagen_cultural__positivo,pensamiento,1,1,41,,,NOUN
criterio_valencia,imagen_cultural__positivo,perfecto,1,1,41,,,ADJ
criterio_valencia,imagen_cultural__positivo,piel,1,1,41,,,NOUN
criterio_valencia,imagen_cultural__positivo,pirámid,1,1,41,,,NOUN
criterio_valencia,imagen_cultural__positivo,portugal,1,1,41,,,PROPN
criterio_valencia,imagen_cultural__positivo,pozolero,1,1,41,,,PROPN
criterio_valencia,imagen_cultural__positivo,praga,1,1,41,,,PROPN
criterio_valencia,imagen_cultural__positivo,precioso,1,1,41,,,ADJ
criterio_valencia,imagen_cultural__positivo,preparado,1,1,41,,,ADJ
criterio_valencia,imagen_cultural__positivo,próximo,1,1,41,,,ADJ
criterio_valencia,imagen_cultural__positivo,publicación,1,1,41,,,NOUN
criterio_valencia,imagen_cultural__positivo,queja,1,1,41,,,NOUN
criterio_valencia,imagen_cultural__positivo,quesadillas,1,1,41,,,PROPN
criterio_valencia,imagen_cultural__positivo,rara,1,1,41,,,ADJ
criterio_valencia,imagen_cultural__positivo,receta,1,1,41,,,NOUN
criterio_valencia,imagen_cultural__positivo,recuerdo,1,1,41,,,NOUN
criterio_valencia,imagen_cultural__positivo,rellena,1,1,41,,,NOUN
criterio_valencia,imagen_cultural__positivo,resort,1,1,41,,,NOUN
criterio_valencia,imagen_cultural__positivo,resto,1,1,41,,,NOUN
criterio_valencia,imagen_cultural__positivo,rutina,1,1,41,,,NOUN
criterio_valencia,imagen_cultural__positivo,rápido,1,1,41,,,ADJ
criterio_valencia,imagen_cultural__positivo,sabor,1,1,41,,,NOUN
criterio_valencia,imagen_cultural__positivo,salchicha,1,1,41,,,NOUN
criterio_valencia,imagen_cultural__positivo,sazonada,1,1,41,,,ADJ
criterio_valencia,imagen_cultural__positivo,seguro,1,1,41,,,ADJ
criterio_valencia,imagen_cultural__positivo,septiembre,1,1,41,,,NOUN
criterio_valencia,imagen_cultural__positivo,servicio,1,1,41,,,NOUN
criterio_valencia,imagen_cultural__positivo,snorkel,1,1,41,,,NOUN
criterio_valencia,imagen_cultural__positivo,soltero,1,1,41,,,NOUN
criterio_valencia,imagen_cultural__positivo,sorpresa,1,1,41,,,NOUN
criterio_valencia,imagen_cultural__positivo,stadium,1,1,41,,,PROPN
criterio_valencia,imagen_cultural__positivo,streetcorn,1,1,41,,,PROPN
criterio_valencia,imagen_cultural__positivo,suerte,1,1,41,,,NOUN
criterio_valencia,imagen_cultural__positivo,sueño,1,1,41,,,NOUN
criterio_valencia,imagen_cultural__positivo,súper,1,1,41,,,ADJ
criterio_valencia,imagen_cultural__positivo,tacos,1,1,41,-0.917,4.0,PROPN
criterio_valencia,imagen_cultural__positivo,tarifa,1,1,41,,,NOUN
criterio_valencia,imagen_cultural__positivo,taxi,1,1,41,,,NOUN
criterio_valencia,imagen_cultural__positivo,taza,1,1,41,,,NOUN
criterio_valencia,imagen_cultural__positivo,tbt,1,1,41,,,PROPN
criterio_valencia,imagen_cultural__positivo,teleférico,1,1,41,,,PROPN
criterio_valencia,imagen_cultural__positivo,tequila,1,1,41,,,PROPN
criterio_valencia,imagen_cultural__positivo,the,1,1,41,,,PROPN
criterio_valencia,imagen_cultural__positivo,tiburón,1,1,41,,,NOUN
criterio_valencia,imagen_cultural__positivo,tierra,1,1,41,,,NOUN
criterio_valencia,imagen_cultural__positivo,tranmere,1,1,41,,,PROPN
criterio_valencia,imagen_cultural__positivo,tsunsan,1,1,41,,,PROPN
criterio_valencia,imagen_cultural__positivo,tulum,1,1,41,,,PROPN
criterio_valencia,imagen_cultural__positivo,turista,1,1,41,,,NOUN
criterio_valencia,imagen_cultural__positivo,ugh,1,1,41,,,PROPN
criterio_valencia,imagen_cultural__positivo,vacavibes,1,1,41,,,PROPN
criterio_valencia,imagen_cultural__positivo,verano,1,1,41,-0.705,3.0,NOUN
criterio_valencia,imagen_cultural__positivo,video,1,1,41,,,NOUN
criterio_valencia,imagen_cultural__positivo,viernes,1,1,41,,,NOUN
criterio_valencia,imagen_cultural__positivo,vista,1,1,41,,,NOUN
criterio_valencia,imagen_cultural__positivo,vivamexico,1,1,41,,,PROPN
criterio_valencia,imagen_cultural__positivo,vomitivo,1,1,41,,,ADJ
criterio_valencia,imagen_cultural__positivo,vídeo,1,1,41,,,NOUN
criterio_valencia,imagen_cultural__positivo,yonna,1,1,41,,,PROPN
criterio_valencia,perspectiva_politica__negativo,méxico,17,15,21,0.95,0.0,PROPN
criterio_valencia,perspectiva_politica__negativo,ciudad,8,5,21,0.267,1.0,PROPN
criterio_valencia,perspectiva_politica__negativo,cuidado,4,4,21,0.44,0.0,NOUN
criterio_valencia,perspectiva_politica__negativo,hora,4,4,21,0.44,0.0,NOUN
criterio_valencia,perspectiva_politica__negativo,monterrey,4,3,21,-0.441,2.0,PROPN
criterio_valencia,perspectiva_politica__negativo,amigo,3,2,21,0.38,0.0,NOUN
criterio_valencia,perspectiva_politica__negativo,extranjero,3,3,21,0.38,0.0,NOUN
criterio_valencia,perspectiva_politica__negativo,jajaja,3,2,21,0.38,0.0,PROPN
criterio_valencia,perspectiva_politica__negativo,lugar,3,3,21,0.38,0.0,NOUN
criterio_valencia,perspectiva_politica__negativo,mexicano,3,3,21,-0.158,1.0,ADJ
criterio_valencia,perspectiva_politica__negativo,partido,3,3,21,-0.158,1.0,NOUN
criterio_valencia,perspectiva_politica__negativo,país,3,3,21,0.38,0.0,NOUN
criterio_valencia,perspectiva_politica__negativo,policía,3,2,21,-0.158,1.0,NOUN
criterio_valencia,perspectiva_politica__negativo,teléfono,3,2,21,0.38,0.0,NOUN
criterio_valencia,perspectiva_politica__negativo,viaje,3,3,21,0.38,0.0,NOUN
criterio_valencia,perspectiva_politica__negativo,aeropuerto,2,2,21,-0.752,2.0,NOUN
criterio_valencia,perspectiva_politica__negativo,carterista,2,2,21,,,NOUN
criterio_valencia,perspectiva_politica__negativo,compañero,2,2,21,,,NOUN
criterio_valencia,perspectiva_politica__negativo,cárcel,2,2,21,,,NOUN
criterio_valencia,perspectiva_politica__negativo,dinero,2,2,21,,,NOUN
criterio_valencia,perspectiva_politica__negativo,equipaje,2,2,21,-0.308,1.0,NOUN
criterio_valencia,perspectiva_politica__negativo,lleno,2,2,21,,,ADJ
criterio_valencia,perspectiva_politica__negativo,maya,2,1,21,,,ADJ
criterio_valencia,perspectiva_politica__negativo,pesos,2,1,21,,,NOUN
criterio_valencia,perspectiva_politica__negativo,problema,2,1,21,,,NOUN
criterio_valencia,perspectiva_politica__negativo,ruina,2,1,21,,,NOUN
criterio_valencia,perspectiva_politica__negativo,seguro,2,2,21,,,ADJ
criterio_valencia,perspectiva_politica__negativo,semana,2,2,21,,,NOUN
criterio_valencia,perspectiva_politica__negativo,siquiera,2,2,21,,,NOUN
criterio_valencia,perspectiva_politica__negativo,vapeador,2,1,21,,,NOUN
criterio_valencia,perspectiva_politica__negativo,absoluto,1,1,21,,,NOUN
criterio_valencia,perspectiva_politica__negativo,aficionado,1,1,21,,,NOUN
criterio_valencia,perspectiva_politica__negativo,agua,1,1,21,,,NOUN
criterio_valencia,perspectiva_politica__negativo,ajetreado,1,1,21,,,ADJ
criterio_valencia,perspectiva_politica__negativo,alerta,1,1,21,,,NOUN
criterio_valencia,perspectiva_politica__negativo,alijo,1,1,21,,,NOUN
criterio_valencia,perspectiva_politica__negativo,ambiente,1,1,21,,,NOUN
criterio_valencia,perspectiva_politica__negativo,ametralladora,1,1,21,,,NOUN
criterio_valencia,perspectiva_politica__negativo,animal,1,1,21,,,NOUN
criterio_valencia,perspectiva_politica__negativo,autobús,1,1,21,-0.981,2.0,NOUN
criterio_valencia,perspectiva_politica__negativo,automático,1,1,21,,,ADJ
criterio_valencia,perspectiva_politica__negativo,ave,1,1,21,,,NOUN
criterio_valencia,perspectiva_politica__negativo,bolsillo,1,1,21,,,NOUN
criterio_valencia,perspectiva_politica__negativo,botella,1,1,21,,,NOUN
criterio_valencia,perspectiva_politica__negativo,bufanda,1,1,21,,,NOUN
criterio_valencia,perspectiva_politica__negativo,burocracia,1,1,21,,,NOUN
criterio_valencia,perspectiva_politica__negativo,cajero,1,1,21,,,NOUN
criterio_valencia,perspectiva_politica__negativo,campo,1,1,21,,,NOUN
criterio_valencia,perspectiva_politica__negativo,cancún,1,1,21,,,PROPN
criterio_valencia,perspectiva_politica__negativo,cantidad,1,1,21,,,NOUN
criterio_valencia,perspectiva_politica__negativo,cao,1,1,21,,,NOUN
criterio_valencia,perspectiva_politica__negativo,carterismo,1,1,21,,,NOUN
criterio_valencia,perspectiva_politica__negativo,civilización,1,1,21,,,NOUN
criterio_valencia,perspectiva_politica__negativo,colorida,1,1,21,,,ADJ
criterio_valencia,perspectiva_politica__negativo,comisaría,1,1,21,,,NOUN
criterio_valencia,perspectiva_politica__negativo,compresa,1,1,21,,,NOUN
criterio_valencia,perspectiva_politica__negativo,considerable,1,1,21,,,ADJ
criterio_valencia,perspectiva_politica__negativo,corrupto,1,1,21,,,ADJ
criterio_valencia,perspectiva_politica__negativo,crédito,1,1,21,,,NOUN
criterio_valencia,perspectiva_politica__negativo,cuestión,1,1,21,,,NOUN
criterio_valencia,perspectiva_politica__negativo,denuncia,1,1,21,,,NOUN
criterio_valencia,perspectiva_politica__negativo,desagradable,1,1,21,,,ADJ
criterio_valencia,perspectiva_politica__negativo,descanso,1,1,21,,,NOUN
criterio_valencia,perspectiva_politica__negativo,dios,1,1,21,,,PROPN
criterio_valencia,perspectiva_politica__negativo,directo,1,1,21,,,ADJ
criterio_valencia,perspectiva_politica__negativo,dólares,1,1,21,,,NOUN
criterio_valencia,perspectiva_politica__negativo,envuelto,1,1,21,,,ADJ
criterio_valencia,perspectiva_politica__negativo,español,1,1,21,,,NOUN
criterio_valencia,perspectiva_politica__negativo,especial,1,1,21,,,ADJ
criterio_valencia,perspectiva_politica__negativo,espectador,1,1,21,,,NOUN
criterio_valencia,perspectiva_politica__negativo,estadio,1,1,21,,,NOUN
criterio_valencia,perspectiva_politica__negativo,experiencia,1,1,21,,,NOUN
criterio_valencia,perspectiva_politica__negativo,extraviado,1,1,21,,,ADJ
criterio_valencia,perspectiva_politica__negativo,falso,1,1,21,,,ADJ
criterio_valencia,perspectiva_politica__negativo,fanfest,1,1,21,,,NOUN
criterio_valencia,perspectiva_politica__negativo,fanfestival,1,1,21,,,ADJ
criterio_valencia,perspectiva_politica__negativo,felipe,1,1,21,,,PROPN
criterio_valencia,perspectiva_politica__negativo,feliz,1,1,21,,,ADJ
criterio_valencia,perspectiva_politica__negativo,fifawouldcup,1,1,21,,,PROPN
criterio_valencia,perspectiva_politica__negativo,genial,1,1,21,,,ADJ
criterio_valencia,perspectiva_politica__negativo,golpe,1,1,21,,,NOUN
criterio_valencia,perspectiva_politica__negativo,grave,1,1,21,,,ADJ
criterio_valencia,perspectiva_politica__negativo,guardia,1,1,21,,,NOUN
criterio_valencia,perspectiva_politica__negativo,gubernamental,1,1,21,,,ADJ
criterio_valencia,perspectiva_politica__negativo,hidratación,1,1,21,,,NOUN
criterio_valencia,perspectiva_politica__negativo,historia,1,1,21,,,NOUN
criterio_valencia,perspectiva_politica__negativo,horario,1,1,21,,,NOUN
criterio_valencia,perspectiva_politica__negativo,horrible,1,1,21,,,ADJ
criterio_valencia,perspectiva_politica__negativo,imponent,1,1,21,,,NOUN
criterio_valencia,perspectiva_politica__negativo,incidente,1,1,21,,,NOUN
criterio_valencia,perspectiva_politica__negativo,increíble,1,1,21,,,ADJ
criterio_valencia,perspectiva_politica__negativo,infusionado,1,1,21,,,ADJ
criterio_valencia,perspectiva_politica__negativo,internacional,1,1,21,,,PROPN
criterio_valencia,perspectiva_politica__negativo,japonés,1,1,21,,,ADJ
criterio_valencia,perspectiva_politica__negativo,joda,1,1,21,,,PROPN
criterio_valencia,perspectiva_politica__negativo,justo,1,1,21,,,PROPN
criterio_valencia,perspectiva_politica__negativo,lcc,1,1,21,,,PROPN
criterio_valencia,perspectiva_politica__negativo,loco,1,1,21,,,ADJ
criterio_valencia,perspectiva_politica__negativo,madrugada,1,1,21,,,NOUN
criterio_valencia,perspectiva_politica__negativo,mayor,1,1,21,,,ADJ
criterio_valencia,perspectiva_politica__negativo,mental,1,1,21,,,ADJ
criterio_valencia,perspectiva_politica__negativo,mercado,1,1,21,,,NOUN
criterio_valencia,perspectiva_politica__negativo,mercancía,1,1,21,,,NOUN
criterio_valencia,perspectiva_politica__negativo,metro,1,1,21,,,NOUN
criterio_valencia,perspectiva_politica__negativo,mierda,1,1,21,,,NOUN
criterio_valencia,perspectiva_politica__negativo,mitad,1,1,21,,,NOUN
criterio_valencia,perspectiva_politica__negativo,mono,1,1,21,,,NOUN
criterio_valencia,perspectiva_politica__negativo,mostrador,1,1,21,,,NOUN
criterio_valencia,perspectiva_politica__negativo,método,1,1,21,,,NOUN
criterio_valencia,perspectiva_politica__negativo,música,1,1,21,,,NOUN
criterio_valencia,perspectiva_politica__negativo,negro,1,1,21,,,NOUN
criterio_valencia,perspectiva_politica__negativo,noche,1,1,21,,,NOUN
criterio_valencia,perspectiva_politica__negativo,odio,1,1,21,,,PROPN
criterio_valencia,perspectiva_politica__negativo,online,1,1,21,,,ADJ
criterio_valencia,perspectiva_politica__negativo,onza,1,1,21,,,NOUN
criterio_valencia,perspectiva_politica__negativo,orden,1,1,21,,,NOUN
criterio_valencia,perspectiva_politica__negativo,pequeño,1,1,21,,,ADJ
criterio_valencia,perspectiva_politica__negativo,pistola,1,1,21,,,NOUN
criterio_valencia,perspectiva_politica__negativo,plus,1,1,21,,,NOUN
criterio_valencia,perspectiva_politica__negativo,pobre,1,1,21,,,ADJ
criterio_valencia,perspectiva_politica__negativo,porro,1,1,21,,,NOUN
criterio_valencia,perspectiva_politica__negativo,principio,1,1,21,,,NOUN
criterio_valencia,perspectiva_politica__negativo,prueba,1,1,21,,,NOUN
criterio_valencia,perspectiva_politica__negativo,pueblo,1,1,21,,,NOUN
criterio_valencia,perspectiva_politica__negativo,punta,1,1,21,,,NOUN
criterio_valencia,perspectiva_politica__negativo,punto,1,1,21,,,NOUN
criterio_valencia,perspectiva_politica__negativo,público,1,1,21,,,ADJ
criterio_valencia,perspectiva_politica__negativo,razonable,1,1,21,,,ADJ
criterio_valencia,perspectiva_politica__negativo,razón,1,1,21,,,NOUN
criterio_valencia,perspectiva_politica__negativo,reclamación,1,1,21,,,NOUN
criterio_valencia,perspectiva_politica__negativo,regateando,1,1,21,,,ADJ
criterio_valencia,perspectiva_politica__negativo,regreso,1,1,21,,,NOUN
criterio_valencia,perspectiva_politica__negativo,resumen,1,1,21,,,NOUN
criterio_valencia,perspectiva_politica__negativo,retirado,1,1,21,,,ADJ
criterio_valencia,perspectiva_politica__negativo,robado,1,1,21,,,ADJ
criterio_valencia,perspectiva_politica__negativo,robo,1,1,21,,,NOUN
criterio_valencia,perspectiva_politica__negativo,salud,1,1,21,,,NOUN
criterio_valencia,perspectiva_politica__negativo,selva,1,1,21,,,NOUN
criterio_valencia,perspectiva_politica__negativo,serio,1,1,21,,,NOUN
criterio_valencia,perspectiva_politica__negativo,sombra,1,1,21,,,NOUN
criterio_valencia,perspectiva_politica__negativo,supermercado,1,1,21,,,NOUN
criterio_valencia,perspectiva_politica__negativo,sur,1,1,21,,,NOUN
criterio_valencia,perspectiva_politica__negativo,tarifa,1,1,21,,,NOUN
criterio_valencia,perspectiva_politica__negativo,tarjeta,1,1,21,,,NOUN
criterio_valencia,perspectiva_politica__negativo,taxi,1,1,21,-0.981,2.0,NOUN
criterio_valencia,perspectiva_politica__negativo,techo,1,1,21,,,NOUN
criterio_valencia,perspectiva_politica__negativo,tijuana,1,1,21,,,PROPN
criterio_valencia,perspectiva_politica__negativo,tikal,1,1,21,,,PROPN
criterio_valencia,perspectiva_politica__negativo,torneo,1,1,21,,,NOUN
criterio_valencia,perspectiva_politica__negativo,tour,1,1,21,,,NOUN
criterio_valencia,perspectiva_politica__negativo,tren,1,1,21,,,NOUN
criterio_valencia,perspectiva_politica__negativo,tulum,1,1,21,,,PROPN
criterio_valencia,perspectiva_politica__negativo,uber,1,1,21,,,PROPN
criterio_valencia,perspectiva_politica__negativo,unidos,1,1,21,,,PROPN
criterio_valencia,perspectiva_politica__negativo,vivo,1,1,21,,,ADJ
criterio_valencia,perspectiva_politica__negativo,volumen,1,1,21,,,NOUN
criterio_valencia,perspectiva_politica__negativo,víctima,1,1,21,,,NOUN
criterio_valencia,perspectiva_politica__negativo,ángeles,1,1,21,,,PROPN
criterio_valencia,perspectiva_politica__negativo,único,1,1,21,,,ADJ
criterio_valencia,perspectiva_politica__positivo,aeropuerto,2,1,4,0.752,2.0,NOUN
criterio_valencia,perspectiva_politica__positivo,autobús,2,1,4,0.981,1.0,NOUN
criterio_valencia,perspectiva_politica__positivo,cosa,2,2,4,,,NOUN
criterio_valencia,perspectiva_politica__positivo,gratuito,2,1,4,,,ADJ
criterio_valencia,perspectiva_politica__positivo,monterrey,2,2,4,0.441,4.0,PROPN
criterio_valencia,perspectiva_politica__positivo,nivel,2,1,4,,,NOUN
criterio_valencia,perspectiva_politica__positivo,taxi,2,1,4,0.981,1.0,NOUN
criterio_valencia,perspectiva_politica__positivo,aplicación,1,1,4,,,NOUN
criterio_valencia,perspectiva_politica__positivo,asalto,1,1,4,,,NOUN
criterio_valencia,perspectiva_politica__positivo,asuntos,1,1,4,,,PROPN
criterio_valencia,perspectiva_politica__positivo,azteca,1,1,4,,,PROPN
criterio_valencia,perspectiva_politica__positivo,barato,1,1,4,,,ADJ
criterio_valencia,perspectiva_politica__positivo,bonito,1,1,4,,,ADJ
criterio_valencia,perspectiva_politica__positivo,camino,1,1,4,,,NOUN
criterio_valencia,perspectiva_politica__positivo,caro,1,1,4,,,ADJ
criterio_valencia,perspectiva_politica__positivo,carterismo,1,1,4,,,NOUN
criterio_valencia,perspectiva_politica__positivo,ciudad,1,1,4,-0.267,8.0,NOUN
criterio_valencia,perspectiva_politica__positivo,cálido,1,1,4,,,ADJ
criterio_valencia,perspectiva_politica__positivo,diversión,1,1,4,,,NOUN
criterio_valencia,perspectiva_politica__positivo,equipaje,1,1,4,0.308,2.0,NOUN
criterio_valencia,perspectiva_politica__positivo,estadio,1,1,4,,,NOUN
criterio_valencia,perspectiva_politica__positivo,exteriores,1,1,4,,,PROPN
criterio_valencia,perspectiva_politica__positivo,foto,1,1,4,,,NOUN
criterio_valencia,perspectiva_politica__positivo,hospitalidad,1,1,4,,,NOUN
criterio_valencia,perspectiva_politica__positivo,increíble,1,1,4,,,ADJ
criterio_valencia,perspectiva_politica__positivo,inglaterra,1,1,4,,,PROPN
criterio_valencia,perspectiva_politica__positivo,joder,1,1,4,,,PROPN
criterio_valencia,perspectiva_politica__positivo,lista,1,1,4,,,NOUN
criterio_valencia,perspectiva_politica__positivo,material,1,1,4,,,NOUN
criterio_valencia,perspectiva_politica__positivo,mexicano,1,1,4,0.158,3.0,NOUN
criterio_valencia,perspectiva_politica__positivo,ministerio,1,1,4,,,PROPN
criterio_valencia,perspectiva_politica__positivo,mundo,1,1,4,,,NOUN
criterio_valencia,perspectiva_politica__positivo,niño,1,1,4,,,NOUN
criterio_valencia,perspectiva_politica__positivo,partido,1,1,4,0.158,3.0,NOUN
criterio_valencia,perspectiva_politica__positivo,peligro,1,1,4,,,NOUN
criterio_valencia,perspectiva_politica__positivo,policía,1,1,4,0.158,3.0,NOUN
criterio_valencia,perspectiva_politica__positivo,teleférico,1,1,4,,,PROPN
criterio_valencia,perspectiva_politica__positivo,terminal,1,1,4,,,NOUN
criterio_valencia,perspectiva_politica__positivo,traducción,1,1,4,,,NOUN
criterio_valencia,perspectiva_politica__positivo,traslado,1,1,4,,,NOUN
criterio_valencia,perspectiva_politica__positivo,túnez,1,1,4,,,PROPN
criterio_valencia,perspectiva_politica__positivo,uber,1,1,4,,,PROPN
criterio_valencia,perspectiva_politica__positivo,vista,1,1,4,,,NOUN
criterio_valencia,perspectiva_politica__positivo,voluntario,1,1,4,,,NOUN
grupo,calificado,méxico,72,62,144,7.125,34.0,PROPN
grupo,calificado,mexicano,28,25,144,4.928,6.0,ADJ
grupo,calificado,ciudad,22,17,144,3.271,21.0,PROPN
grupo,calificado,increíble,17,17,144,1.549,52.0,ADJ
grupo,calificado,gente,15,13,144,0.861,75.0,NOUN
grupo,calificado,monterrey,15,14,144,2.719,14.0,PROPN
grupo,calificado,mundo,14,13,144,0.798,72.0,PROPN
grupo,calificado,lugar,12,12,144,1.291,37.0,NOUN
grupo,calificado,partido,12,10,144,0.568,72.0,NOUN
grupo,calificado,semana,12,11,144,0.716,63.0,NOUN
grupo,calificado,viaje,12,11,144,1.182,41.0,NOUN
grupo,calificado,hora,11,9,144,0.717,56.0,NOUN
grupo,calificado,queso,11,8,144,1.58,24.0,NOUN
grupo,calificado,amigo,10,8,144,0.974,38.0,NOUN
grupo,calificado,país,10,9,144,1.172,31.0,NOUN
grupo,calificado,genial,9,9,144,0.777,40.0,ADJ
grupo,calificado,taco,9,7,144,2.421,5.0,NOUN
grupo,calificado,comida,8,8,144,2.119,6.0,NOUN
grupo,calificado,copa,8,7,144,0.825,32.0,PROPN
grupo,calificado,inglaterra,8,6,144,1.041,25.0,PROPN
grupo,calificado,noche,8,7,144,0.943,28.0,NOUN
grupo,calificado,cancún,7,7,144,1.727,8.0,PROPN
grupo,calificado,estadio,7,6,144,1.382,13.0,NOUN
grupo,calificado,favorito,7,7,144,0.898,24.0,ADJ
grupo,calificado,foto,7,6,144,0.394,44.0,NOUN
grupo,calificado,japón,7,6,144,0.969,22.0,PROPN
grupo,calificado,mexico,7,7,144,2.385,2.0,PROPN
grupo,calificado,vegetarian,7,7,144,0.54,37.0,PROPN
grupo,calificado,azteca,6,6,144,2.164,2.0,PROPN
grupo,calificado,extranjero,6,6,144,1.425,9.0,NOUN
grupo,calificado,luna,6,4,144,1.354,10.0,PROPN
grupo,calificado,próximo,6,4,144,0.932,18.0,ADJ
grupo,calificado,vacation,6,6,144,2.505,0.0,PROPN
grupo,calificado,amable,5,5,144,1.644,4.0,ADJ
grupo,calificado,casa,5,5,144,-0.102,57.0,NOUN
grupo,calificado,cdmx,5,4,144,2.287,0.0,PROPN
grupo,calificado,cosa,5,5,144,-0.259,70.0,NOUN
grupo,calificado,cuidado,5,5,144,1.773,3.0,NOUN
grupo,calificado,maravilloso,5,5,144,1.187,9.0,ADJ
grupo,calificado,mierda,5,5,144,0.235,36.0,NOUN
grupo,calificado,playa,5,5,144,1.261,8.0,PROPN
grupo,calificado,serio,5,5,144,1.001,12.0,NOUN
grupo,calificado,tacos,5,2,144,2.287,0.0,PROPN
grupo,calificado,tulum,5,5,144,1.532,5.0,PROPN
grupo,calificado,vacación,5,5,144,1.058,11.0,NOUN
grupo,calificado,verano,5,4,144,0.652,20.0,NOUN
grupo,calificado,aeropuerto,4,3,144,0.87,10.0,NOUN
grupo,calificado,autobús,4,3,144,1.37,4.0,NOUN
grupo,calificado,año,4,4,144,-0.447,76.0,NOUN
grupo,calificado,barato,4,3,144,1.498,3.0,ADJ
grupo,calificado,cantina,4,2,144,1.649,2.0,NOUN
grupo,calificado,chica,4,4,144,0.163,31.0,NOUN
grupo,calificado,dinero,4,4,144,0.206,29.0,NOUN
grupo,calificado,elote,4,3,144,1.83,1.0,NOUN
grupo,calificado,feliz,4,4,144,0.509,18.0,ADJ
grupo,calificado,historia,4,3,144,0.184,30.0,PROPN
grupo,calificado,jalapeño,4,4,144,1.078,7.0,NOUN
grupo,calificado,lleno,4,4,144,0.76,12.0,ADJ
grupo,calificado,mañana,4,4,144,0.666,14.0,NOUN
grupo,calificado,mejor,4,4,144,0.583,16.0,ADJ
grupo,calificado,momento,4,4,144,0.228,28.0,NOUN
grupo,calificado,mundial,4,3,144,0.509,18.0,PROPN
grupo,calificado,pequeño,4,4,144,0.301,25.0,ADJ
grupo,calificado,policía,4,3,144,2.045,0.0,NOUN
grupo,calificado,quesadilla,4,2,144,1.83,1.0,NOUN
grupo,calificado,recipes,4,4,144,0.354,23.0,NOUN
grupo,calificado,salsa,4,3,144,1.498,3.0,NOUN
grupo,calificado,sol,4,4,144,1.163,6.0,NOUN
grupo,calificado,taxi,4,3,144,2.045,0.0,NOUN
grupo,calificado,vuelo,4,2,144,0.583,16.0,NOUN
grupo,calificado,vuelta,4,4,144,0.711,13.0,NOUN
grupo,calificado,único,4,4,144,0.666,14.0,ADJ
grupo,calificado,bar,3,3,144,0.867,6.0,NOUN
grupo,calificado,blog,3,3,144,0.421,14.0,NOUN
grupo,calificado,callejero,3,2,144,1.529,1.0,ADJ
grupo,calificado,calor,3,2,144,0.461,13.0,NOUN
grupo,calificado,cambio,3,1,144,0.72,8.0,NOUN
grupo,calificado,cerveza,3,3,144,0.957,5.0,NOUN
grupo,calificado,despedida,3,2,144,1.186,3.0,NOUN
grupo,calificado,dólares,3,2,144,0.225,20.0,NOUN
grupo,calificado,ensalada,3,2,144,-0.093,35.0,PROPN
grupo,calificado,equipaje,3,3,144,0.957,5.0,NOUN
grupo,calificado,fabuloso,3,2,144,1.529,1.0,ADJ
grupo,calificado,frijol,3,3,144,1.529,1.0,NOUN
grupo,calificado,fútbol,3,3,144,0.123,24.0,NOUN
grupo,calificado,guacamole,3,3,144,1.529,1.0,PROPN
grupo,calificado,hamburguesas,3,1,144,1.186,3.0,PROPN
grupo,calificado,hospitalidad,3,3,144,1.771,0.0,NOUN
grupo,calificado,hotel,3,3,144,0.383,15.0,NOUN
grupo,calificado,inglés,3,3,144,0.225,20.0,NOUN
grupo,calificado,jajaja,3,2,144,0.602,10.0,PROPN
grupo,calificado,japonés,3,3,144,0.383,15.0,ADJ
grupo,calificado,joven,3,2,144,0.421,14.0,NOUN
grupo,calificado,mercado,3,2,144,0.283,18.0,NOUN
grupo,calificado,mes,3,3,144,0.1,25.0,NOUN
grupo,calificado,miel,3,2,144,0.867,6.0,NOUN
grupo,calificado,nivel,3,2,144,0.658,9.0,NOUN
grupo,calificado,oaxaca,3,3,144,1.771,0.0,PROPN
grupo,calificado,persona,3,3,144,-0.616,81.0,NOUN
grupo,calificado,playadelcarmen,3,3,144,1.771,0.0,NOUN
grupo,calificado,puerto,3,2,144,1.529,1.0,PROPN
grupo,calificado,recipe,3,3,144,0.72,8.0,PROPN
grupo,calificado,resort,3,3,144,0.602,10.0,NOUN
grupo,calificado,seguro,3,3,144,0.283,18.0,ADJ
grupo,calificado,siquiera,3,3,144,0.348,16.0,NOUN
grupo,calificado,sueño,3,3,144,0.658,9.0,NOUN
grupo,calificado,teléfono,3,2,144,1.186,3.0,NOUN
grupo,calificado,teotihuacán,3,3,144,1.771,0.0,PROPN
grupo,calificado,tiempo,3,3,144,-0.555,74.0,NOUN
grupo,calificado,tour,3,3,144,1.338,2.0,NOUN
grupo,calificado,vida,3,3,144,-0.305,50.0,NOUN
grupo,calificado,york,3,3,144,0.315,17.0,PROPN
grupo,calificado,absoluto,2,2,144,0.36,9.0,NOUN
grupo,calificado,adivina,2,2,144,,,NOUN
grupo,calificado,amabilidad,2,2,144,,,NOUN
grupo,calificado,ambiente,2,2,144,0.822,3.0,NOUN
grupo,calificado,américa,2,2,144,0.161,14.0,PROPN
grupo,calificado,apoyo,2,2,144,0.537,6.0,NOUN
grupo,calificado,arroz,2,1,144,0.968,2.0,NOUN
grupo,calificado,aventura,2,2,144,1.166,1.0,NOUN
grupo,calificado,blanco,2,2,144,0.161,14.0,ADJ
grupo,calificado,bonito,2,2,144,0.708,4.0,ADJ
grupo,calificado,cabo,2,2,144,0.313,10.0,PROPN
grupo,calificado,camino,2,2,144,0.1,16.0,NOUN
grupo,calificado,camiseta,2,2,144,0.36,9.0,NOUN
grupo,calificado,campo,2,2,144,0.537,6.0,NOUN
grupo,calificado,carmen,2,2,144,1.166,1.0,PROPN
grupo,calificado,carne,2,2,144,0.412,8.0,NOUN
grupo,calificado,carpeta,2,2,144,,,NOUN
grupo,calificado,carterismo,2,2,144,,,NOUN
grupo,calificado,carterista,2,2,144,1.166,1.0,NOUN
grupo,calificado,cheetos,2,1,144,,,PROPN
grupo,calificado,colega,2,2,144,-0.471,51.0,NOUN
grupo,calificado,colgado,2,2,144,1.166,1.0,ADJ
grupo,calificado,colorida,2,2,144,,,ADJ
grupo,calificado,compañero,2,2,144,0.537,6.0,NOUN
grupo,calificado,corn,2,1,144,0.968,2.0,PROPN
grupo,calificado,cuerpo,2,2,144,0.708,4.0,NOUN
grupo,calificado,cumpleaños,2,2,144,0.27,11.0,NOUN
grupo,calificado,cárcel,2,2,144,1.166,1.0,NOUN
grupo,calificado,diego,2,1,144,0.822,3.0,PROPN
grupo,calificado,dios,2,2,144,-0.127,26.0,NOUN
grupo,calificado,directo,2,2,144,0.161,14.0,ADJ
grupo,calificado,diversión,2,2,144,0.968,2.0,NOUN
grupo,calificado,divertido,2,2,144,0.072,17.0,ADJ
grupo,calificado,dulce,2,1,144,0.47,7.0,ADJ
grupo,calificado,emocionado,2,2,144,0.27,11.0,ADJ
grupo,calificado,entorno,2,1,144,1.166,1.0,NOUN
grupo,calificado,español,2,2,144,1.166,1.0,NOUN
grupo,calificado,estafador,2,2,144,0.968,2.0,NOUN
grupo,calificado,experiencia,2,2,144,0.36,9.0,NOUN
grupo,calificado,fraude,2,2,144,,,NOUN
grupo,calificado,gracia,2,2,144,-0.213,31.0,NOUN
grupo,calificado,gratuito,2,1,144,,,ADJ
grupo,calificado,gringo,2,2,144,,,PROPN
grupo,calificado,helado,2,2,144,0.822,3.0,ADJ
grupo,calificado,hermoso,2,2,144,0.072,17.0,ADJ
grupo,calificado,hijo,2,2,144,0.072,17.0,NOUN
grupo,calificado,hombre,2,2,144,-0.481,52.0,NOUN
grupo,calificado,horario,2,2,144,0.822,3.0,NOUN
grupo,calificado,horrible,2,2,144,0.47,7.0,ADJ
grupo,calificado,idea,2,2,144,-0.003,20.0,NOUN
grupo,calificado,impactant,2,2,144,,,ADJ
grupo,calificado,impresionante,2,2,144,0.708,4.0,ADJ
grupo,calificado,incluido,2,2,144,0.615,5.0,ADJ
grupo,calificado,jaja,2,2,144,0.313,10.0,PROPN
grupo,calificado,jalapeno,2,2,144,1.166,1.0,PROPN
grupo,calificado,joder,2,2,144,-0.026,21.0,PROPN
grupo,calificado,junto,2,2,144,0.195,13.0,ADJ
grupo,calificado,libre,2,2,144,0.231,12.0,ADJ
grupo,calificado,loco,2,2,144,0.13,15.0,ADJ
grupo,calificado,maldito,2,2,144,0.822,3.0,ADJ
grupo,calificado,mar,2,2,144,0.822,3.0,NOUN
grupo,calificado,maya,2,1,144,1.166,1.0,ADJ
grupo,calificado,mágico,2,2,144,1.166,1.0,PROPN
grupo,calificado,música,2,2,144,0.412,8.0,NOUN
grupo,calificado,negro,2,2,144,0.161,14.0,NOUN
grupo,calificado,noticia,2,2,144,0.822,3.0,NOUN
grupo,calificado,odio,2,2,144,0.231,12.0,NOUN
grupo,calificado,ojo,2,2,144,0.708,4.0,NOUN
grupo,calificado,orden,2,2,144,0.968,2.0,NOUN
grupo,calificado,paseo,2,2,144,0.968,2.0,NOUN
grupo,calificado,perfecto,2,2,144,0.231,12.0,ADJ
grupo,calificado,pesos,2,1,144,,,NOUN
grupo,calificado,picado,2,2,144,0.968,2.0,ADJ
grupo,calificado,pirámide,2,1,144,,,PROPN
grupo,calificado,podcast,2,1,144,1.166,1.0,NOUN
grupo,calificado,precio,2,2,144,-0.003,20.0,NOUN
grupo,calificado,problema,2,1,144,-0.127,26.0,NOUN
grupo,calificado,prometida,2,2,144,0.968,2.0,NOUN
grupo,calificado,pueblo,2,2,144,0.47,7.0,NOUN
grupo,calificado,punto,2,2,144,-0.003,20.0,NOUN
grupo,calificado,quesadillas,2,2,144,,,PROPN
grupo,calificado,razón,2,2,144,-0.003,20.0,NOUN
grupo,calificado,realidad,2,2,144,0.27,11.0,NOUN
grupo,calificado,receta,2,2,144,0.615,5.0,NOUN
grupo,calificado,recuerdo,2,2,144,0.968,2.0,NOUN
grupo,calificado,refrito,2,2,144,,,PROPN
grupo,calificado,ruina,2,1,144,,,NOUN
grupo,calificado,salchicha,2,2,144,0.708,4.0,NOUN
grupo,calificado,san,2,2,144,0.537,6.0,PROPN
grupo,calificado,sexy,2,2,144,0.412,8.0,PROPN
grupo,calificado,simple,2,2,144,0.47,7.0,ADJ
grupo,calificado,snacks,2,1,144,0.968,2.0,PROPN
grupo,calificado,soltero,2,2,144,0.708,4.0,NOUN
grupo,calificado,street,2,1,144,1.166,1.0,PROPN
grupo,calificado,súper,2,2,144,0.47,7.0,ADJ
grupo,calificado,tarifa,2,2,144,1.166,1.0,NOUN
grupo,calificado,tater,2,2,144,0.968,2.0,PROPN
grupo,calificado,tercer,2,2,144,1.166,1.0,ADJ
grupo,calificado,the,2,2,144,-0.274,35.0,PROPN
grupo,calificado,torneo,2,2,144,0.36,9.0,NOUN
grupo,calificado,tortilla,2,2,144,,,NOUN
grupo,calificado,tostada,2,1,144,0.708,4.0,ADJ
grupo,calificado,túnez,2,2,144,0.313,10.0,PROPN
grupo,calificado,uber,2,2,144,1.166,1.0,PROPN
grupo,calificado,vallarta,2,1,144,1.166,1.0,PROPN
grupo,calificado,vapeador,2,1,144,,,NOUN
grupo,calificado,viva,2,2,144,,,PROPN
grupo,calificado,vivo,2,2,144,0.231,12.0,ADJ
grupo,calificado,ángeles,2,2,144,0.708,4.0,PROPN
grupo,calificado,abierto,1,1,144,0.071,8.0,ADJ
grupo,calificado,acento,1,1,144,,,NOUN
grupo,calificado,acogedor,1,1,144,,,ADJ
grupo,calificado,acogedoro,1,1,144,,,ADJ
grupo,calificado,actitud,1,1,144,,,NOUN
grupo,calificado,activado,1,1,144,,,ADJ
grupo,calificado,actuación,1,1,144,0.163,6.0,NOUN
grupo,calificado,aderezo,1,1,144,,,NOUN
grupo,calificado,aficionado,1,1,144,-0.162,16.0,NOUN
grupo,calificado,agradable,1,1,144,0.221,5.0,ADJ
grupo,calificado,agradecido,1,1,144,0.163,6.0,ADJ
grupo,calificado,agua,1,1,144,0.071,8.0,NOUN
grupo,calificado,aguacate,1,1,144,0.501,2.0,NOUN
grupo,calificado,aifa,1,1,144,,,PROPN
grupo,calificado,air,1,1,144,0.501,2.0,PROPN
grupo,calificado,airbnb,1,1,144,0.501,2.0,PROPN
grupo,calificado,aire,1,1,144,0.163,6.0,NOUN
grupo,calificado,ajetreado,1,1,144,,,ADJ
grupo,calificado,alcance,1,1,144,0.501,2.0,NOUN
grupo,calificado,alcohol,1,1,144,0.38,3.0,NOUN
grupo,calificado,alegría,1,1,144,0.163,6.0,NOUN
grupo,calificado,alerta,1,1,144,0.501,2.0,NOUN
grupo,calificado,alijo,1,1,144,,,NOUN
grupo,calificado,alimento,1,1,144,,,NOUN
grupo,calificado,allende,1,1,144,,,PROPN
grupo,calificado,altibajo,1,1,144,,,NOUN
grupo,calificado,altitud,1,1,144,,,NOUN
grupo,calificado,americano,1,1,144,0.38,3.0,ADJ
grupo,calificado,ametralladora,1,1,144,,,NOUN
grupo,calificado,amigabl,1,1,144,,,ADJ
grupo,calificado,amigos,1,1,144,,,PROPN
grupo,calificado,amistad,1,1,144,,,NOUN
grupo,calificado,amistoso,1,1,144,,,ADJ
grupo,calificado,anfitrión,1,1,144,,,NOUN
grupo,calificado,animal,1,1,144,,,NOUN
grupo,calificado,apartado,1,1,144,,,ADJ
grupo,calificado,aplicación,1,1,144,-0.276,22.0,NOUN
grupo,calificado,arracherra,1,1,144,,,PROPN
grupo,calificado,artes,1,1,144,,,PROPN
grupo,calificado,asador,1,1,144,,,NOUN
grupo,calificado,asalto,1,1,144,,,NOUN
grupo,calificado,asiento,1,1,144,0.221,5.0,NOUN
grupo,calificado,asqueroso,1,1,144,,,ADJ
grupo,calificado,asuntos,1,1,144,,,PROPN
grupo,calificado,ataque,1,1,144,0.501,2.0,NOUN
grupo,calificado,atlanta,1,1,144,0.163,6.0,PROPN
grupo,calificado,automático,1,1,144,,,ADJ
grupo,calificado,autopista,1,1,144,,,NOUN
grupo,calificado,auténtico,1,1,144,,,ADJ
grupo,calificado,ave,1,1,144,,,NOUN
grupo,calificado,avión,1,1,144,-0.034,11.0,NOUN
grupo,calificado,bailarín,1,1,144,,,NOUN
grupo,calificado,ballén,1,1,144,,,ADJ
grupo,calificado,bandeja,1,1,144,0.221,5.0,NOUN
grupo,calificado,barco,1,1,144,0.38,3.0,NOUN
grupo,calificado,basset,1,1,144,,,PROPN
grupo,calificado,bellas,1,1,144,,,PROPN
grupo,calificado,bellmare,1,1,144,0.163,6.0,PROPN
grupo,calificado,bienvenida,1,1,144,0.291,4.0,NOUN
grupo,calificado,blue,1,1,144,0.38,3.0,PROPN
grupo,calificado,bocado,1,1,144,,,NOUN
grupo,calificado,bochorno,1,1,144,,,NOUN
grupo,calificado,bochornoso,1,1,144,,,ADJ
grupo,calificado,boda,1,1,144,-0.002,10.0,NOUN
grupo,calificado,bola,1,1,144,,,NOUN
grupo,calificado,bolsillo,1,1,144,0.291,4.0,NOUN
grupo,calificado,borroso,1,1,144,,,ADJ
grupo,calificado,bote,1,1,144,,,NOUN
grupo,calificado,botella,1,1,144,0.221,5.0,NOUN
grupo,calificado,boursin,1,1,144,0.38,3.0,PROPN
grupo,calificado,bowl,1,1,144,,,PROPN
grupo,calificado,boy,1,1,144,0.501,2.0,PROPN
grupo,calificado,brasileño,1,1,144,,,ADJ
grupo,calificado,brazo,1,1,144,0.291,4.0,NOUN
grupo,calificado,broma,1,1,144,0.221,5.0,NOUN
grupo,calificado,buceo,1,1,144,,,NOUN
grupo,calificado,buenacomido,1,1,144,,,ADJ
grupo,calificado,bufanda,1,1,144,,,NOUN
grupo,calificado,burocracia,1,1,144,,,NOUN
grupo,calificado,burrito,1,1,144,0.501,2.0,PROPN
grupo,calificado,cacerola,1,1,144,,,PROPN
grupo,calificado,café,1,1,144,0.291,4.0,NOUN
grupo,calificado,cajero,1,1,144,,,NOUN
grupo,calificado,campechano,1,1,144,,,PROPN
grupo,calificado,canal,1,1,144,0.501,2.0,NOUN
grupo,calificado,cantidad,1,1,144,0.071,8.0,NOUN
grupo,calificado,cao,1,1,144,,,NOUN
grupo,calificado,capacidad,1,1,144,0.501,2.0,NOUN
grupo,calificado,cargado,1,1,144,0.163,6.0,ADJ
grupo,calificado,caro,1,1,144,0.501,2.0,ADJ
grupo,calificado,cauli,1,1,144,,,PROPN
grupo,calificado,celebración,1,1,144,,,NOUN
grupo,calificado,cena,1,1,144,0.163,6.0,NOUN
grupo,calificado,centro,1,1,144,0.032,9.0,NOUN
grupo,calificado,cercano,1,1,144,0.501,2.0,ADJ
grupo,calificado,cerdo,1,1,144,,,NOUN
grupo,calificado,cerro,1,1,144,,,PROPN
grupo,calificado,chat,1,1,144,0.38,3.0,NOUN
grupo,calificado,cheesy,1,1,144,0.501,2.0,PROPN
grupo,calificado,chipotle,1,1,144,0.291,4.0,PROPN
grupo,calificado,chupito,1,1,144,,,NOUN
grupo,calificado,city,1,1,144,,,PROPN
grupo,calificado,civilización,1,1,144,0.38,3.0,NOUN
grupo,calificado,clase,1,1,144,-0.309,24.0,NOUN
grupo,calificado,cobro,1,1,144,,,NOUN
grupo,calificado,cobs,1,1,144,,,PROPN
grupo,calificado,cochecito,1,1,144,,,NOUN
grupo,calificado,color,1,1,144,0.501,2.0,NOUN
grupo,calificado,comisaría,1,1,144,,,NOUN
grupo,calificado,comparación,1,1,144,0.221,5.0,NOUN
grupo,calificado,compañía,1,1,144,0.221,5.0,NOUN
grupo,calificado,competición,1,1,144,,,NOUN
grupo,calificado,compresa,1,1,144,,,NOUN
grupo,calificado,comunicación,1,1,144,0.163,6.0,NOUN
grupo,calificado,concentrado,1,1,144,0.501,2.0,ADJ
grupo,calificado,considerable,1,1,144,,,ADJ
grupo,calificado,contenido,1,1,144,0.032,9.0,NOUN
grupo,calificado,contrario,1,1,144,0.114,7.0,ADJ
grupo,calificado,contándole,1,1,144,,,PROPN
grupo,calificado,corrupto,1,1,144,,,ADJ
grupo,calificado,covid,1,1,144,0.221,5.0,PROPN
grupo,calificado,creación,1,1,144,0.38,3.0,NOUN
grupo,calificado,cremoso,1,1,144,0.38,3.0,ADJ
grupo,calificado,cromo,1,1,144,,,NOUN
grupo,calificado,crostini,1,1,144,0.501,2.0,PROPN
grupo,calificado,crujient,1,1,144,0.501,2.0,ADJ
grupo,calificado,cruzo,1,1,144,,,PROPN
grupo,calificado,crédito,1,1,144,0.163,6.0,NOUN
grupo,calificado,cuatrimoto,1,1,144,,,NOUN
grupo,calificado,cubierto,1,1,144,0.221,5.0,ADJ
grupo,calificado,cuerda,1,1,144,,,NOUN
grupo,calificado,cuestión,1,1,144,,,NOUN
grupo,calificado,cálido,1,1,144,,,ADJ
grupo,calificado,césar,1,1,144,,,PROPN
grupo,calificado,cóctel,1,1,144,0.38,3.0,NOUN
grupo,calificado,cómodo,1,1,144,0.38,3.0,PROPN
grupo,calificado,dallas,1,1,144,-0.002,10.0,PROPN
grupo,calificado,darke,1,1,144,,,PROPN
grupo,calificado,das,1,1,144,,,PROPN
grupo,calificado,dedo,1,1,144,0.501,2.0,NOUN
grupo,calificado,deliciosa,1,1,144,0.501,2.0,ADJ
grupo,calificado,delicioso,1,1,144,0.114,7.0,ADJ
grupo,calificado,deliciós,1,1,144,,,ADJ
grupo,calificado,denuncia,1,1,144,,,NOUN
grupo,calificado,derecho,1,1,144,0.291,4.0,NOUN
grupo,calificado,desagradable,1,1,144,,,ADJ
grupo,calificado,desayuno,1,1,144,-0.203,18.0,NOUN
grupo,calificado,descanso,1,1,144,0.291,4.0,NOUN
grupo,calificado,desfase,1,1,144,,,NOUN
grupo,calificado,desperdicio,1,1,144,,,NOUN
grupo,calificado,destrocemo,1,1,144,,,NOUN
grupo,calificado,devastador,1,1,144,,,ADJ
grupo,calificado,diario,1,1,144,0.38,3.0,NOUN
grupo,calificado,diente,1,1,144,,,NOUN
grupo,calificado,diferencia,1,1,144,-0.063,12.0,NOUN
grupo,calificado,difícil,1,1,144,-0.034,11.0,ADJ
grupo,calificado,din,1,1,144,0.291,4.0,PROPN
grupo,calificado,dip,1,1,144,0.501,2.0,PROPN
grupo,calificado,dison,1,1,144,,,PROPN
grupo,calificado,divisa,1,1,144,,,NOUN
grupo,calificado,don,1,1,144,,,PROPN
grupo,calificado,drippy,1,1,144,,,PROPN
grupo,calificado,droga,1,1,144,,,NOUN
grupo,calificado,duermo,1,1,144,,,PROPN
grupo,calificado,duro,1,1,144,0.114,7.0,ADJ
grupo,calificado,dustin,1,1,144,,,PROPN
grupo,calificado,ecuador,1,1,144,,,PROPN
grupo,calificado,edad,1,1,144,0.071,8.0,NOUN
grupo,calificado,edificio,1,1,144,0.291,4.0,NOUN
grupo,calificado,eleven,1,1,144,,,PROPN
grupo,calificado,elotes,1,1,144,,,PROPN
grupo,calificado,emoji,1,1,144,,,NOUN
grupo,calificado,enchilada,1,1,144,,,ADJ
grupo,calificado,encimero,1,1,144,,,ADJ
grupo,calificado,endiablado,1,1,144,0.501,2.0,ADJ
grupo,calificado,enemigo,1,1,144,0.501,2.0,NOUN
grupo,calificado,ensaladas,1,1,144,,,PROPN
grupo,calificado,envuelto,1,1,144,,,ADJ
grupo,calificado,equipo,1,1,144,-0.354,27.0,NOUN
grupo,calificado,equivalente,1,1,144,,,NOUN
grupo,calificado,españa,1,1,144,-0.002,10.0,PROPN
grupo,calificado,especial,1,1,144,0.163,6.0,ADJ
grupo,calificado,espectador,1,1,144,0.501,2.0,NOUN
grupo,calificado,espera,1,1,144,0.163,6.0,NOUN
grupo,calificado,estadounidense,1,1,144,0.221,5.0,NOUN
grupo,calificado,estafa,1,1,144,,,NOUN
grupo,calificado,excesivo,1,1,144,,,ADJ
grupo,calificado,exposición,1,1,144,0.38,3.0,NOUN
grupo,calificado,exteriores,1,1,144,,,PROPN
grupo,calificado,extra,1,1,144,0.114,7.0,ADJ
grupo,calificado,extraviado,1,1,144,,,ADJ
grupo,calificado,falso,1,1,144,0.38,3.0,ADJ
grupo,calificado,familiar,1,1,144,0.291,4.0,ADJ
grupo,calificado,famoso,1,1,144,,,ADJ
grupo,calificado,fan,1,1,144,-0.115,14.0,PROPN
grupo,calificado,fanfest,1,1,144,,,NOUN
grupo,calificado,fanfestival,1,1,144,,,ADJ
grupo,calificado,fascinante,1,1,144,,,ADJ
grupo,calificado,felipe,1,1,144,,,PROPN
grupo,calificado,fest,1,1,144,,,PROPN
grupo,calificado,fiesta,1,1,144,-0.09,13.0,NOUN
grupo,calificado,fifa,1,1,144,0.163,6.0,PROPN
grupo,calificado,fifawouldcup,1,1,144,,,PROPN
grupo,calificado,follármelo,1,1,144,,,NOUN
grupo,calificado,francisco,1,1,144,,,PROPN
grupo,calificado,fresco,1,1,144,0.38,3.0,ADJ
grupo,calificado,fryer,1,1,144,,,PROPN
grupo,calificado,futuro,1,1,144,-0.034,11.0,NOUN
grupo,calificado,fácil,1,1,144,-0.09,13.0,ADJ
grupo,calificado,gana,1,1,144,-0.002,10.0,NOUN
grupo,calificado,general,1,1,144,-0.002,10.0,NOUN
grupo,calificado,golpe,1,1,144,,,NOUN
grupo,calificado,good,1,1,144,,,PROPN
grupo,calificado,gracias,1,1,144,-0.115,14.0,NOUN
grupo,calificado,gracioso,1,1,144,0.221,5.0,ADJ
grupo,calificado,granizo,1,1,144,,,ADJ
grupo,calificado,grave,1,1,144,0.501,2.0,ADJ
grupo,calificado,griego,1,1,144,0.291,4.0,ADJ
grupo,calificado,grupo,1,1,144,-0.002,10.0,NOUN
grupo,calificado,guaco,1,1,144,,,PROPN
grupo,calificado,guadalajara,1,1,144,,,PROPN
grupo,calificado,guardia,1,1,144,,,NOUN
grupo,calificado,guarnición,1,1,144,,,NOUN
grupo,calificado,guatemala,1,1,144,,,PROPN
grupo,calificado,gubernamental,1,1,144,,,ADJ
grupo,calificado,hambre,1,1,144,,,NOUN
grupo,calificado,hard,1,1,144,,,PROPN
grupo,calificado,hermana,1,1,144,0.221,5.0,NOUN
grupo,calificado,hermano,1,1,144,-0.354,27.0,NOUN
grupo,calificado,hidratación,1,1,144,,,NOUN
grupo,calificado,hija,1,1,144,-0.034,11.0,NOUN
grupo,calificado,himno,1,1,144,,,NOUN
grupo,calificado,honor,1,1,144,,,NOUN
grupo,calificado,hot,1,1,144,0.38,3.0,PROPN
grupo,calificado,huevos,1,1,144,0.163,6.0,PROPN
grupo,calificado,humano,1,1,144,-0.115,14.0,ADJ
grupo,calificado,ida,1,1,144,,,NOUN
grupo,calificado,imagen,1,1,144,-0.034,11.0,NOUN
grupo,calificado,imbécil,1,1,144,0.38,3.0,NOUN
grupo,calificado,imperfección,1,1,144,,,NOUN
grupo,calificado,imperio,1,1,144,0.291,4.0,PROPN
grupo,calificado,imponent,1,1,144,,,NOUN
grupo,calificado,impresión,1,1,144,0.291,4.0,NOUN
grupo,calificado,improviso,1,1,144,,,NOUN
grupo,calificado,incidente,1,1,144,,,NOUN
grupo,calificado,infancia,1,1,144,0.501,2.0,NOUN
grupo,calificado,inflado,1,1,144,,,ADJ
grupo,calificado,inframundo,1,1,144,,,NOUN
grupo,calificado,infusionado,1,1,144,,,ADJ
grupo,calificado,inolvidable,1,1,144,0.501,2.0,ADJ
grupo,calificado,intenso,1,1,144,0.501,2.0,ADJ
grupo,calificado,internacional,1,1,144,0.38,3.0,PROPN
grupo,calificado,inútil,1,1,144,0.501,2.0,ADJ
grupo,calificado,italia,1,1,144,,,PROPN
grupo,calificado,izakayas,1,1,144,,,NOUN
grupo,calificado,jardín,1,1,144,,,PROPN
grupo,calificado,jaula,1,1,144,,,NOUN
grupo,calificado,joda,1,1,144,0.38,3.0,PROPN
grupo,calificado,judicial,1,1,144,,,ADJ
grupo,calificado,julio,1,1,144,-0.034,11.0,PROPN
grupo,calificado,justo,1,1,144,-0.063,12.0,PROPN
grupo,calificado,laboral,1,1,144,,,ADJ
grupo,calificado,lancha,1,1,144,,,NOUN
grupo,calificado,latina,1,1,144,,,PROPN
grupo,calificado,latino,1,1,144,,,ADJ
grupo,calificado,lcc,1,1,144,,,PROPN
grupo,calificado,legendario,1,1,144,,,ADJ
grupo,calificado,lenteja,1,1,144,0.501,2.0,NOUN
grupo,calificado,lentil,1,1,144,,,PROPN
grupo,calificado,lima,1,1,144,,,PROPN
grupo,calificado,lindo,1,1,144,-0.183,17.0,ADJ
grupo,calificado,lista,1,1,144,-0.115,14.0,NOUN
grupo,calificado,llamado,1,1,144,0.291,4.0,ADJ
grupo,calificado,lotta,1,1,144,0.163,6.0,PROPN
grupo,calificado,lucha,1,1,144,,,NOUN
grupo,calificado,lúgubre,1,1,144,,,PROPN
grupo,calificado,machacada,1,1,144,,,ADJ
grupo,calificado,madrugada,1,1,144,,,NOUN
grupo,calificado,malo,1,1,144,-0.002,10.0,ADJ
grupo,calificado,mangos,1,1,144,,,PROPN
grupo,calificado,mano,1,1,144,-0.002,10.0,NOUN
grupo,calificado,manteca,1,1,144,,,NOUN
grupo,calificado,maravilla,1,1,144,,,NOUN
grupo,calificado,marido,1,1,144,0.163,6.0,NOUN
grupo,calificado,marrón,1,1,144,,,ADJ
grupo,calificado,martes,1,1,144,0.291,4.0,NOUN
grupo,calificado,material,1,1,144,,,NOUN
grupo,calificado,matutino,1,1,144,,,ADJ
grupo,calificado,mayor,1,1,144,0.501,2.0,ADJ
grupo,calificado,mayordomo,1,1,144,,,NOUN
grupo,calificado,maíz,1,1,144,0.032,9.0,PROPN
grupo,calificado,mensaje,1,1,144,-0.09,13.0,NOUN
grupo,calificado,mental,1,1,144,,,ADJ
grupo,calificado,mentalidad,1,1,144,0.38,3.0,NOUN
grupo,calificado,mercancía,1,1,144,,,NOUN
grupo,calificado,metro,1,1,144,0.501,2.0,NOUN
grupo,calificado,mex,1,1,144,,,PROPN
grupo,calificado,mexicocity,1,1,144,,,PROPN
grupo,calificado,microondas,1,1,144,,,NOUN
grupo,calificado,miedo,1,1,144,0.032,9.0,NOUN
grupo,calificado,mierdero,1,1,144,,,NOUN
grupo,calificado,miguel,1,1,144,,,PROPN
grupo,calificado,mike,1,1,144,,,PROPN
grupo,calificado,millón,1,1,144,-0.115,14.0,NOUN
grupo,calificado,ministerio,1,1,144,,,PROPN
grupo,calificado,minjeongie,1,1,144,,,PROPN
grupo,calificado,minuto,1,1,144,-0.183,17.0,NOUN
grupo,calificado,mirada,1,1,144,0.501,2.0,NOUN
grupo,calificado,mitad,1,1,144,-0.034,11.0,NOUN
grupo,calificado,mono,1,1,144,,,NOUN
grupo,calificado,montaña,1,1,144,,,NOUN
grupo,calificado,moral,1,1,144,0.501,2.0,NOUN
grupo,calificado,morelos,1,1,144,,,PROPN
grupo,calificado,mostrador,1,1,144,,,NOUN
grupo,calificado,motivo,1,1,144,0.501,2.0,NOUN
grupo,calificado,muchísimas,1,1,144,,,ADJ
grupo,calificado,muelle,1,1,144,,,NOUN
grupo,calificado,multitud,1,1,144,0.163,6.0,NOUN
grupo,calificado,musculós,1,1,144,,,ADJ
grupo,calificado,museo,1,1,144,,,PROPN
grupo,calificado,máximo,1,1,144,0.38,3.0,ADJ
grupo,calificado,método,1,1,144,0.501,2.0,NOUN
grupo,calificado,nachos,1,1,144,0.291,4.0,PROPN
grupo,calificado,nacional,1,1,144,0.221,5.0,ADJ
grupo,calificado,nado,1,1,144,,,ADJ
grupo,calificado,nadé,1,1,144,,,PROPN
grupo,calificado,neutralización,1,1,144,,,NOUN
grupo,calificado,niño,1,1,144,-0.259,21.0,NOUN
grupo,calificado,nombre,1,1,144,-0.162,16.0,NOUN
grupo,calificado,normal,1,1,144,0.221,5.0,ADJ
grupo,calificado,norte,1,1,144,,,NOUN
grupo,calificado,novia,1,1,144,0.501,2.0,NOUN
grupo,calificado,novio,1,1,144,,,NOUN
grupo,calificado,nómado,1,1,144,,,ADJ
grupo,calificado,nórdico,1,1,144,,,ADJ
grupo,calificado,océano,1,1,144,,,NOUN
grupo,calificado,ofensivo,1,1,144,,,ADJ
grupo,calificado,oficial,1,1,144,0.221,5.0,ADJ
grupo,calificado,oficina,1,1,144,,,NOUN
grupo,calificado,ohhhhhhhh,1,1,144,,,PROPN
grupo,calificado,ojalá,1,1,144,,,ADJ
grupo,calificado,online,1,1,144,,,ADJ
grupo,calificado,onza,1,1,144,,,NOUN
grupo,calificado,padrino,1,1,144,,,NOUN
grupo,calificado,paint,1,1,144,,,PROPN
grupo,calificado,palacio,1,1,144,,,PROPN
grupo,calificado,palmera,1,1,144,,,NOUN
grupo,calificado,papas,1,1,144,,,PROPN
grupo,calificado,papaya,1,1,144,,,PROPN
grupo,calificado,paraguas,1,1,144,,,NOUN
grupo,calificado,parche,1,1,144,,,NOUN
grupo,calificado,pared,1,1,144,0.501,2.0,NOUN
grupo,calificado,pareja,1,1,144,0.38,3.0,NOUN
grupo,calificado,pase,1,1,144,0.501,2.0,NOUN
grupo,calificado,pasión,1,1,144,0.501,2.0,NOUN
grupo,calificado,patio,1,1,144,,,NOUN
grupo,calificado,peligro,1,1,144,,,NOUN
grupo,calificado,pene,1,1,144,,,NOUN
grupo,calificado,pensamiento,1,1,144,0.38,3.0,NOUN
grupo,calificado,pesto,1,1,144,-0.183,17.0,NOUN
grupo,calificado,picazón,1,1,144,,,NOUN
grupo,calificado,piel,1,1,144,0.501,2.0,NOUN
grupo,calificado,pila,1,1,144,,,NOUN
grupo,calificado,pirámid,1,1,144,,,NOUN
grupo,calificado,pistola,1,1,144,,,NOUN
grupo,calificado,placa,1,1,144,,,NOUN
grupo,calificado,plus,1,1,144,,,NOUN
grupo,calificado,plátano,1,1,144,,,ADJ
grupo,calificado,población,1,1,144,0.38,3.0,NOUN
grupo,calificado,pobre,1,1,144,,,ADJ
grupo,calificado,ponte,1,1,144,0.163,6.0,PROPN
grupo,calificado,porro,1,1,144,,,NOUN
grupo,calificado,portugal,1,1,144,0.38,3.0,PROPN
grupo,calificado,pospuse,1,1,144,,,NOUN
grupo,calificado,posterior,1,1,144,0.38,3.0,ADJ
grupo,calificado,pozolero,1,1,144,,,PROPN
grupo,calificado,praga,1,1,144,,,PROPN
grupo,calificado,precioso,1,1,144,0.501,2.0,ADJ
grupo,calificado,prensa,1,1,144,0.501,2.0,NOUN
grupo,calificado,preparado,1,1,144,0.501,2.0,ADJ
grupo,calificado,primavera,1,1,144,0.501,2.0,NOUN
grupo,calificado,principio,1,1,144,0.071,8.0,NOUN
grupo,calificado,promedio,1,1,144,0.221,5.0,NOUN
grupo,calificado,prometido,1,1,144,,,ADJ
grupo,calificado,prueba,1,1,144,0.291,4.0,NOUN
grupo,calificado,publicación,1,1,144,-0.139,15.0,NOUN
grupo,calificado,punta,1,1,144,0.501,2.0,NOUN
grupo,calificado,puta,1,1,144,-0.115,14.0,NOUN
grupo,calificado,puto,1,1,144,0.221,5.0,ADJ
grupo,calificado,público,1,1,144,0.071,8.0,ADJ
grupo,calificado,qatar,1,1,144,0.114,7.0,PROPN
grupo,calificado,queja,1,1,144,,,NOUN
grupo,calificado,ranch,1,1,144,0.501,2.0,PROPN
grupo,calificado,rara,1,1,144,0.501,2.0,ADJ
grupo,calificado,rata,1,1,144,0.501,2.0,NOUN
grupo,calificado,razonable,1,1,144,0.221,5.0,ADJ
grupo,calificado,reciente,1,1,144,0.163,6.0,ADJ
grupo,calificado,reclamación,1,1,144,,,NOUN
grupo,calificado,redondo,1,1,144,,,ADJ
grupo,calificado,regateando,1,1,144,,,ADJ
grupo,calificado,regreso,1,1,144,0.071,8.0,NOUN
grupo,calificado,rellena,1,1,144,,,NOUN
grupo,calificado,reloj,1,1,144,,,NOUN
grupo,calificado,rescate,1,1,144,,,NOUN
grupo,calificado,restaurante,1,1,144,0.501,2.0,NOUN
grupo,calificado,resto,1,1,144,0.071,8.0,NOUN
grupo,calificado,restricción,1,1,144,,,NOUN
grupo,calificado,resumen,1,1,144,,,NOUN
grupo,calificado,retirado,1,1,144,,,ADJ
grupo,calificado,reto,1,1,144,,,NOUN
grupo,calificado,reunión,1,1,144,0.291,4.0,NOUN
grupo,calificado,robado,1,1,144,0.501,2.0,ADJ
grupo,calificado,robo,1,1,144,0.501,2.0,NOUN
grupo,calificado,ropa,1,1,144,0.163,6.0,NOUN
grupo,calificado,ruinas,1,1,144,,,PROPN
grupo,calificado,rutina,1,1,144,,,NOUN
grupo,calificado,rápido,1,1,144,-0.183,17.0,ADJ
grupo,calificado,sabor,1,1,144,0.291,4.0,NOUN
grupo,calificado,salud,1,1,144,0.38,3.0,NOUN
grupo,calificado,sandía,1,1,144,0.291,4.0,PROPN
grupo,calificado,sato,1,1,144,,,PROPN
grupo,calificado,sazonada,1,1,144,,,ADJ
grupo,calificado,selva,1,1,144,,,NOUN
grupo,calificado,septiembre,1,1,144,,,NOUN
grupo,calificado,servicio,1,1,144,-0.002,10.0,NOUN
grupo,calificado,seven,1,1,144,,,PROPN
grupo,calificado,señor,1,1,144,0.501,2.0,NOUN
grupo,calificado,silencioso,1,1,144,0.501,2.0,ADJ
grupo,calificado,silla,1,1,144,,,PROPN
grupo,calificado,simpático,1,1,144,,,ADJ
grupo,calificado,snorkel,1,1,144,,,NOUN
grupo,calificado,soltera,1,1,144,,,NOUN
grupo,calificado,sombra,1,1,144,0.221,5.0,NOUN
grupo,calificado,sorpresa,1,1,144,0.291,4.0,NOUN
grupo,calificado,sospechoso,1,1,144,0.501,2.0,NOUN
grupo,calificado,stadium,1,1,144,,,PROPN
grupo,calificado,streetcorn,1,1,144,,,PROPN
grupo,calificado,sudáfrica,1,1,144,0.501,2.0,PROPN
grupo,calificado,suerte,1,1,144,-0.115,14.0,NOUN
grupo,calificado,sueños,1,1,144,,,PROPN
grupo,calificado,summer,1,1,144,0.221,5.0,PROPN
grupo,calificado,supermercado,1,1,144,0.501,2.0,NOUN
grupo,calificado,sur,1,1,144,0.032,9.0,NOUN
grupo,calificado,sábana,1,1,144,,,NOUN
grupo,calificado,tacotuesday,1,1,144,,,PROPN
grupo,calificado,taiwán,1,1,144,,,PROPN
grupo,calificado,tarjeta,1,1,144,0.071,8.0,NOUN
grupo,calificado,tatuaje,1,1,144,0.38,3.0,NOUN
grupo,calificado,taza,1,1,144,,,NOUN
grupo,calificado,tbt,1,1,144,0.501,2.0,PROPN
grupo,calificado,techo,1,1,144,0.501,2.0,NOUN
grupo,calificado,teleférico,1,1,144,,,PROPN
grupo,calificado,teotihuacan,1,1,144,,,PROPN
grupo,calificado,tequila,1,1,144,,,PROPN
grupo,calificado,terminal,1,1,144,,,NOUN
grupo,calificado,terrible,1,1,144,0.291,4.0,ADJ
grupo,calificado,texas,1,1,144,0.071,8.0,PROPN
grupo,calificado,texto,1,1,144,,,NOUN
grupo,calificado,threds,1,1,144,,,PROPN
grupo,calificado,tiburón,1,1,144,0.501,2.0,NOUN
grupo,calificado,tierra,1,1,144,0.071,8.0,NOUN
grupo,calificado,tijuana,1,1,144,,,PROPN
grupo,calificado,tikal,1,1,144,,,PROPN
grupo,calificado,tipo,1,1,144,-0.447,34.0,NOUN
grupo,calificado,todopoderoso,1,1,144,,,ADJ
grupo,calificado,tokio,1,1,144,0.501,2.0,PROPN
grupo,calificado,tomate,1,1,144,0.38,3.0,NOUN
grupo,calificado,toronto,1,1,144,0.071,8.0,PROPN
grupo,calificado,trabajo,1,1,144,-0.505,39.0,NOUN
grupo,calificado,traducción,1,1,144,,,NOUN
grupo,calificado,trampa,1,1,144,,,NOUN
grupo,calificado,tranmere,1,1,144,-0.063,12.0,PROPN
grupo,calificado,tranquilo,1,1,144,0.501,2.0,ADJ
grupo,calificado,trasero,1,1,144,0.221,5.0,ADJ
grupo,calificado,traslado,1,1,144,,,NOUN
grupo,calificado,tren,1,1,144,0.163,6.0,NOUN
grupo,calificado,triturado,1,1,144,,,PROPN
grupo,calificado,truco,1,1,144,0.501,2.0,NOUN
grupo,calificado,tsunsan,1,1,144,,,PROPN
grupo,calificado,tubo,1,1,144,,,NOUN
grupo,calificado,turista,1,1,144,,,NOUN
grupo,calificado,turístico,1,1,144,,,ADJ
grupo,calificado,ugh,1,1,144,0.291,4.0,PROPN
grupo,calificado,unidos,1,1,144,0.163,6.0,PROPN
grupo,calificado,vacavibes,1,1,144,,,PROPN
grupo,calificado,vecino,1,1,144,0.501,2.0,ADJ
grupo,calificado,vegetariano,1,1,144,,,NOUN
grupo,calificado,veraniega,1,1,144,,,PROPN
grupo,calificado,vergonzoso,1,1,144,0.291,4.0,ADJ
grupo,calificado,vestigio,1,1,144,,,NOUN
grupo,calificado,victoria,1,1,144,,,NOUN
grupo,calificado,video,1,1,144,0.032,9.0,NOUN
grupo,calificado,viernes,1,1,144,0.032,9.0,NOUN
grupo,calificado,vinimo,1,1,144,,,NOUN
grupo,calificado,violador,1,1,144,,,NOUN
grupo,calificado,visible,1,1,144,0.38,3.0,ADJ
grupo,calificado,vista,1,1,144,0.071,8.0,NOUN
grupo,calificado,vivamexico,1,1,144,,,PROPN
grupo,calificado,vivaméxico,1,1,144,,,PROPN
grupo,calificado,volumen,1,1,144,0.501,2.0,NOUN
grupo,calificado,voluntario,1,1,144,,,NOUN
grupo,calificado,vomitivo,1,1,144,,,ADJ
grupo,calificado,víctima,1,1,144,0.501,2.0,NOUN
grupo,calificado,vídeo,1,1,144,,,NOUN
grupo,calificado,world,1,1,144,,,PROPN
grupo,calificado,wow,1,1,144,0.38,3.0,PROPN
grupo,calificado,yogur,1,1,144,0.38,3.0,NOUN
grupo,calificado,yonna,1,1,144,-0.627,51.0,PROPN
grupo,calificado,zeb,1,1,144,,,PROPN
grupo,calificado,zona,1,1,144,0.291,4.0,NOUN
grupo,no_calificado,persona,81,66,2487,0.616,3.0,NOUN
grupo,no_calificado,año,76,66,2487,0.447,4.0,NOUN
grupo,no_calificado,gente,75,65,2487,-0.861,15.0,NOUN
grupo,no_calificado,tiempo,74,69,2487,0.555,3.0,NOUN
grupo,no_calificado,mundo,72,68,2487,-0.798,14.0,NOUN
grupo,no_calificado,partido,72,63,2487,-0.568,12.0,NOUN
grupo,no_calificado,cosa,70,69,2487,0.259,5.0,NOUN
grupo,no_calificado,semana,63,57,2487,-0.716,12.0,NOUN
grupo,no_calificado,casa,57,51,2487,0.102,5.0,NOUN
grupo,no_calificado,hora,56,47,2487,-0.717,11.0,NOUN
grupo,no_calificado,hombre,52,48,2487,0.481,2.0,NOUN
grupo,no_calificado,increíble,52,52,2487,-1.549,17.0,ADJ
grupo,no_calificado,colega,51,51,2487,0.471,2.0,NOUN
grupo,no_calificado,yonna,51,48,2487,0.627,1.0,PROPN
grupo,no_calificado,vida,50,48,2487,0.305,3.0,NOUN
grupo,no_calificado,foto,44,34,2487,-0.394,7.0,NOUN
grupo,no_calificado,chico,42,38,2487,0.713,0.0,NOUN
grupo,no_calificado,viaje,41,38,2487,-1.182,12.0,NOUN
grupo,no_calificado,genial,40,38,2487,-0.777,9.0,ADJ
grupo,no_calificado,trabajo,39,33,2487,0.505,1.0,NOUN
grupo,no_calificado,amigo,38,36,2487,-0.974,10.0,NOUN
grupo,no_calificado,sitio,38,32,2487,0.678,0.0,NOUN
grupo,no_calificado,lugar,37,35,2487,-1.291,12.0,NOUN
grupo,no_calificado,vegetarian,37,37,2487,-0.54,7.0,PROPN
grupo,no_calificado,mierda,36,36,2487,-0.235,5.0,NOUN
grupo,no_calificado,ensalada,35,18,2487,0.093,3.0,PROPN
grupo,no_calificado,the,35,28,2487,0.274,2.0,PROPN
grupo,no_calificado,méxico,34,31,2487,-7.125,72.0,PROPN
grupo,no_calificado,tipo,34,32,2487,0.447,1.0,NOUN
grupo,no_calificado,copa,32,31,2487,-0.825,8.0,PROPN
grupo,no_calificado,forma,32,31,2487,0.622,0.0,NOUN
grupo,no_calificado,chica,31,30,2487,-0.163,4.0,NOUN
grupo,no_calificado,gracia,31,30,2487,0.213,2.0,NOUN
grupo,no_calificado,país,31,28,2487,-1.172,10.0,NOUN
grupo,no_calificado,historia,30,27,2487,-0.184,4.0,NOUN
grupo,no_calificado,dinero,29,28,2487,-0.206,4.0,NOUN
grupo,no_calificado,momento,28,26,2487,-0.228,4.0,NOUN
grupo,no_calificado,noche,28,25,2487,-0.943,8.0,NOUN
grupo,no_calificado,tarea,28,17,2487,0.581,0.0,NOUN
grupo,no_calificado,equipo,27,24,2487,0.354,1.0,NOUN
grupo,no_calificado,hermano,27,27,2487,0.354,1.0,NOUN
grupo,no_calificado,dios,26,23,2487,0.127,2.0,PROPN
grupo,no_calificado,problema,26,25,2487,0.127,2.0,NOUN
grupo,no_calificado,entrada,25,22,2487,0.549,0.0,NOUN
grupo,no_calificado,inglaterra,25,22,2487,-1.041,8.0,PROPN
grupo,no_calificado,mes,25,24,2487,-0.1,3.0,NOUN
grupo,no_calificado,pequeño,25,25,2487,-0.301,4.0,ADJ
grupo,no_calificado,clase,24,22,2487,0.309,1.0,NOUN
grupo,no_calificado,favor,24,21,2487,0.538,0.0,NOUN
grupo,no_calificado,favorito,24,23,2487,-0.898,7.0,ADJ
grupo,no_calificado,fútbol,24,21,2487,-0.123,3.0,NOUN
grupo,no_calificado,queso,24,18,2487,-1.58,11.0,NOUN
grupo,no_calificado,proyecto,23,19,2487,0.527,0.0,NOUN
grupo,no_calificado,recipes,23,23,2487,-0.354,4.0,NOUN
grupo,no_calificado,aplicación,22,21,2487,0.276,1.0,NOUN
grupo,no_calificado,japón,22,15,2487,-0.969,7.0,PROPN
grupo,no_calificado,jugador,22,20,2487,0.515,0.0,NOUN
grupo,no_calificado,mujer,22,19,2487,0.515,0.0,NOUN
grupo,no_calificado,alto,21,20,2487,0.503,0.0,ADJ
grupo,no_calificado,ciudad,21,20,2487,-3.271,22.0,NOUN
grupo,no_calificado,club,21,21,2487,0.503,0.0,NOUN
grupo,no_calificado,cristiano,21,21,2487,0.503,0.0,ADJ
grupo,no_calificado,desarrollador,21,16,2487,0.503,0.0,NOUN
grupo,no_calificado,joder,21,20,2487,0.026,2.0,PROPN
grupo,no_calificado,negocio,21,15,2487,0.503,0.0,NOUN
grupo,no_calificado,niño,21,19,2487,0.259,1.0,NOUN
grupo,no_calificado,película,21,20,2487,0.503,0.0,NOUN
grupo,no_calificado,dólares,20,16,2487,-0.225,3.0,NOUN
grupo,no_calificado,idea,20,20,2487,0.003,2.0,NOUN
grupo,no_calificado,inglés,20,15,2487,-0.225,3.0,NOUN
grupo,no_calificado,precio,20,17,2487,0.003,2.0,NOUN
grupo,no_calificado,punto,20,20,2487,0.003,2.0,NOUN
grupo,no_calificado,razón,20,20,2487,0.003,2.0,NOUN
grupo,no_calificado,tío,20,19,2487,0.491,0.0,NOUN
grupo,no_calificado,verano,20,20,2487,-0.652,5.0,NOUN
grupo,no_calificado,comisión,19,11,2487,0.479,0.0,PROPN
grupo,no_calificado,oportunidad,19,19,2487,0.479,0.0,NOUN
grupo,no_calificado,pregunta,19,17,2487,0.479,0.0,NOUN
grupo,no_calificado,bebé,18,11,2487,0.466,0.0,NOUN
grupo,no_calificado,cultura,18,15,2487,0.466,0.0,NOUN
grupo,no_calificado,desayuno,18,11,2487,0.203,1.0,NOUN
grupo,no_calificado,episodio,18,12,2487,0.466,0.0,PROPN
grupo,no_calificado,feliz,18,18,2487,-0.509,4.0,ADJ
grupo,no_calificado,huevo,18,10,2487,0.466,0.0,NOUN
grupo,no_calificado,mercado,18,18,2487,-0.283,3.0,NOUN
grupo,no_calificado,mundial,18,18,2487,-0.509,4.0,PROPN
grupo,no_calificado,próximo,18,17,2487,-0.932,6.0,ADJ
grupo,no_calificado,seguro,18,18,2487,-0.283,3.0,ADJ
grupo,no_calificado,sándwich,18,10,2487,0.466,0.0,NOUN
grupo,no_calificado,temporada,18,17,2487,0.466,0.0,NOUN
grupo,no_calificado,austin,17,13,2487,0.453,0.0,PROPN
grupo,no_calificado,divertido,17,14,2487,-0.072,2.0,ADJ
grupo,no_calificado,hermoso,17,17,2487,-0.072,2.0,ADJ
grupo,no_calificado,hijo,17,17,2487,-0.072,2.0,NOUN
grupo,no_calificado,lindo,17,17,2487,0.183,1.0,ADJ
grupo,no_calificado,minuto,17,17,2487,0.183,1.0,NOUN
grupo,no_calificado,pesto,17,11,2487,0.183,1.0,PROPN
grupo,no_calificado,rápido,17,16,2487,0.183,1.0,ADJ
grupo,no_calificado,social,17,17,2487,0.453,0.0,ADJ
grupo,no_calificado,vivienda,17,9,2487,0.453,0.0,NOUN
grupo,no_calificado,voz,17,12,2487,0.453,0.0,NOUN
grupo,no_calificado,york,17,17,2487,-0.315,3.0,PROPN
grupo,no_calificado,aficionado,16,14,2487,0.162,1.0,NOUN
grupo,no_calificado,camino,16,16,2487,-0.1,2.0,NOUN
grupo,no_calificado,iglesia,16,15,2487,0.439,0.0,NOUN
grupo,no_calificado,judío,16,15,2487,0.439,0.0,NOUN
grupo,no_calificado,mayoría,16,16,2487,0.439,0.0,NOUN
grupo,no_calificado,mejor,16,15,2487,-0.583,4.0,ADJ
grupo,no_calificado,nombre,16,14,2487,0.162,1.0,NOUN
grupo,no_calificado,real,16,16,2487,0.439,0.0,ADJ
grupo,no_calificado,siquiera,16,16,2487,-0.348,3.0,NOUN
grupo,no_calificado,vuelo,16,14,2487,-0.583,4.0,NOUN
grupo,no_calificado,hotel,15,13,2487,-0.383,3.0,NOUN
grupo,no_calificado,japonés,15,14,2487,-0.383,3.0,ADJ
grupo,no_calificado,loco,15,13,2487,-0.13,2.0,ADJ
grupo,no_calificado,locura,15,15,2487,0.425,0.0,NOUN
grupo,no_calificado,opinión,15,14,2487,0.425,0.0,NOUN
grupo,no_calificado,publicación,15,15,2487,0.139,1.0,NOUN
grupo,no_calificado,streamer,15,13,2487,0.425,0.0,NOUN
grupo,no_calificado,suficiente,15,15,2487,0.425,0.0,ADJ
grupo,no_calificado,américa,14,13,2487,-0.161,2.0,PROPN
grupo,no_calificado,blanco,14,12,2487,-0.161,2.0,ADJ
grupo,no_calificado,blog,14,14,2487,-0.421,3.0,NOUN
grupo,no_calificado,capital,14,13,2487,0.411,0.0,NOUN
grupo,no_calificado,construcción,14,14,2487,0.411,0.0,NOUN
grupo,no_calificado,directo,14,13,2487,-0.161,2.0,ADJ
grupo,no_calificado,escuela,14,13,2487,0.411,0.0,NOUN
grupo,no_calificado,esposa,14,12,2487,0.411,0.0,NOUN
grupo,no_calificado,familia,14,14,2487,0.411,0.0,NOUN
grupo,no_calificado,fan,14,14,2487,0.115,1.0,NOUN
grupo,no_calificado,fundador,14,12,2487,0.411,0.0,NOUN
grupo,no_calificado,gol,14,12,2487,0.411,0.0,NOUN
grupo,no_calificado,gracias,14,14,2487,0.115,1.0,NOUN
grupo,no_calificado,humano,14,14,2487,0.115,1.0,ADJ
grupo,no_calificado,joven,14,11,2487,-0.421,3.0,ADJ
grupo,no_calificado,lista,14,13,2487,0.115,1.0,NOUN
grupo,no_calificado,listo,14,13,2487,0.411,0.0,ADJ
grupo,no_calificado,mañana,14,14,2487,-0.666,4.0,NOUN
grupo,no_calificado,millón,14,13,2487,0.115,1.0,NOUN
grupo,no_calificado,monterrey,14,13,2487,-2.719,15.0,PROPN
grupo,no_calificado,negro,14,13,2487,-0.161,2.0,ADJ
grupo,no_calificado,número,14,13,2487,0.411,0.0,NOUN
grupo,no_calificado,puta,14,13,2487,0.115,1.0,NOUN
grupo,no_calificado,suerte,14,11,2487,0.115,1.0,NOUN
grupo,no_calificado,único,14,14,2487,-0.666,4.0,ADJ
grupo,no_calificado,app,13,11,2487,0.396,0.0,NOUN
grupo,no_calificado,cabeza,13,13,2487,0.396,0.0,NOUN
grupo,no_calificado,calor,13,13,2487,-0.461,3.0,NOUN
grupo,no_calificado,disponible,13,11,2487,0.396,0.0,ADJ
grupo,no_calificado,empresa,13,12,2487,0.396,0.0,NOUN
grupo,no_calificado,estadio,13,13,2487,-1.382,7.0,NOUN
grupo,no_calificado,fiesta,13,12,2487,0.09,1.0,NOUN
grupo,no_calificado,fácil,13,13,2487,0.09,1.0,ADJ
grupo,no_calificado,juego,13,13,2487,0.396,0.0,NOUN
grupo,no_calificado,junto,13,13,2487,-0.195,2.0,ADJ
grupo,no_calificado,mensaje,13,13,2487,0.09,1.0,NOUN
grupo,no_calificado,minnesota,13,11,2487,0.396,0.0,PROPN
grupo,no_calificado,movimiento,13,12,2487,0.396,0.0,NOUN
grupo,no_calificado,padre,13,13,2487,0.396,0.0,NOUN
grupo,no_calificado,tecnología,13,12,2487,0.396,0.0,NOUN
grupo,no_calificado,valor,13,10,2487,0.396,0.0,NOUN
grupo,no_calificado,vuelta,13,13,2487,-0.711,4.0,NOUN
grupo,no_calificado,bolsa,12,11,2487,0.38,0.0,NOUN
grupo,no_calificado,carrera,12,12,2487,0.38,0.0,NOUN
grupo,no_calificado,común,12,12,2487,0.38,0.0,ADJ
grupo,no_calificado,culo,12,11,2487,0.38,0.0,NOUN
grupo,no_calificado,dato,12,12,2487,0.38,0.0,NOUN
grupo,no_calificado,diferencia,12,12,2487,0.063,1.0,NOUN
grupo,no_calificado,fichaje,12,11,2487,0.38,0.0,NOUN
grupo,no_calificado,justo,12,12,2487,0.063,1.0,ADJ
grupo,no_calificado,libre,12,12,2487,-0.231,2.0,ADJ
grupo,no_calificado,lleno,12,12,2487,-0.76,4.0,ADJ
grupo,no_calificado,odio,12,9,2487,-0.231,2.0,NOUN
grupo,no_calificado,pan,12,8,2487,0.38,0.0,NOUN
grupo,no_calificado,perfecto,12,12,2487,-0.231,2.0,ADJ
grupo,no_calificado,sentido,12,12,2487,0.38,0.0,NOUN
grupo,no_calificado,serio,12,11,2487,-1.001,5.0,NOUN
grupo,no_calificado,tranmere,12,11,2487,0.063,1.0,PROPN
grupo,no_calificado,venta,12,12,2487,0.38,0.0,NOUN
grupo,no_calificado,vivo,12,12,2487,-0.231,2.0,ADJ
grupo,no_calificado,acción,11,9,2487,0.364,0.0,NOUN
grupo,no_calificado,amor,11,11,2487,0.364,0.0,NOUN
grupo,no_calificado,avión,11,10,2487,0.034,1.0,NOUN
grupo,no_calificado,azul,11,9,2487,0.364,0.0,ADJ
grupo,no_calificado,caso,11,11,2487,0.364,0.0,NOUN
grupo,no_calificado,comentario,11,11,2487,0.364,0.0,NOUN
grupo,no_calificado,completo,11,11,2487,0.364,0.0,ADJ
grupo,no_calificado,cumpleaños,11,10,2487,-0.27,2.0,NOUN
grupo,no_calificado,difícil,11,11,2487,0.034,1.0,ADJ
grupo,no_calificado,diseño,11,7,2487,0.364,0.0,NOUN
grupo,no_calificado,emocionado,11,9,2487,-0.27,2.0,ADJ
grupo,no_calificado,futuro,11,9,2487,0.034,1.0,NOUN
grupo,no_calificado,gobierno,11,10,2487,0.364,0.0,NOUN
grupo,no_calificado,hecho,11,9,2487,0.364,0.0,NOUN
grupo,no_calificado,hija,11,9,2487,0.034,1.0,NOUN
grupo,no_calificado,imagen,11,10,2487,0.034,1.0,NOUN
grupo,no_calificado,julio,11,11,2487,0.034,1.0,NOUN
grupo,no_calificado,limpieza,11,11,2487,0.364,0.0,PROPN
grupo,no_calificado,mamá,11,9,2487,0.364,0.0,NOUN
grupo,no_calificado,mitad,11,10,2487,0.034,1.0,NOUN
grupo,no_calificado,montón,11,11,2487,0.364,0.0,NOUN
grupo,no_calificado,palabra,11,10,2487,0.364,0.0,NOUN
grupo,no_calificado,paso,11,8,2487,0.364,0.0,NOUN
grupo,no_calificado,producto,11,10,2487,0.364,0.0,NOUN
grupo,no_calificado,realidad,11,11,2487,-0.27,2.0,NOUN
grupo,no_calificado,tonto,11,11,2487,0.364,0.0,ADJ
grupo,no_calificado,vacación,11,11,2487,-1.058,5.0,NOUN
grupo,no_calificado,aeropuerto,10,10,2487,-0.87,4.0,NOUN
grupo,no_calificado,boda,10,8,2487,0.002,1.0,NOUN
grupo,no_calificado,brillante,10,9,2487,0.347,0.0,ADJ
grupo,no_calificado,cabo,10,10,2487,-0.313,2.0,PROPN
grupo,no_calificado,constructor,10,10,2487,0.347,0.0,NOUN
grupo,no_calificado,correo,10,10,2487,0.347,0.0,NOUN
grupo,no_calificado,dallas,10,10,2487,0.002,1.0,PROPN
grupo,no_calificado,electrónico,10,10,2487,0.347,0.0,ADJ
grupo,no_calificado,españa,10,9,2487,0.002,1.0,PROPN
grupo,no_calificado,gana,10,10,2487,0.002,1.0,NOUN
grupo,no_calificado,general,10,10,2487,0.002,1.0,ADJ
grupo,no_calificado,grupo,10,10,2487,0.002,1.0,NOUN
grupo,no_calificado,hábito,10,10,2487,0.347,0.0,NOUN
grupo,no_calificado,importante,10,10,2487,0.347,0.0,ADJ
grupo,no_calificado,inversión,10,9,2487,0.347,0.0,NOUN
grupo,no_calificado,jaja,10,10,2487,-0.313,2.0,PROPN
grupo,no_calificado,jajaja,10,10,2487,-0.602,3.0,PROPN
grupo,no_calificado,liberal,10,9,2487,0.347,0.0,ADJ
grupo,no_calificado,libro,10,9,2487,0.347,0.0,NOUN
grupo,no_calificado,luna,10,9,2487,-1.354,6.0,NOUN
grupo,no_calificado,malo,10,10,2487,0.002,1.0,ADJ
grupo,no_calificado,mano,10,9,2487,0.002,1.0,NOUN
grupo,no_calificado,masivo,10,9,2487,0.347,0.0,ADJ
grupo,no_calificado,modos,10,8,2487,0.347,0.0,NOUN
grupo,no_calificado,objetivo,10,10,2487,0.347,0.0,NOUN
grupo,no_calificado,portero,10,9,2487,0.347,0.0,NOUN
grupo,no_calificado,reino,10,10,2487,0.347,0.0,PROPN
grupo,no_calificado,resort,10,9,2487,-0.602,3.0,NOUN
grupo,no_calificado,respuesta,10,10,2487,0.347,0.0,NOUN
grupo,no_calificado,servicio,10,8,2487,0.002,1.0,NOUN
grupo,no_calificado,stream,10,8,2487,0.347,0.0,NOUN
grupo,no_calificado,túnez,10,10,2487,-0.313,2.0,PROPN
grupo,no_calificado,usuario,10,10,2487,0.347,0.0,NOUN
grupo,no_calificado,absoluto,9,9,2487,-0.36,2.0,NOUN
grupo,no_calificado,amazon,9,9,2487,0.329,0.0,PROPN
grupo,no_calificado,atención,9,8,2487,0.329,0.0,NOUN
grupo,no_calificado,cabrón,9,9,2487,0.329,0.0,NOUN
grupo,no_calificado,camiseta,9,7,2487,-0.36,2.0,NOUN
grupo,no_calificado,cara,9,9,2487,0.329,0.0,NOUN
grupo,no_calificado,centro,9,9,2487,-0.032,1.0,NOUN
grupo,no_calificado,conservador,9,9,2487,0.329,0.0,ADJ
grupo,no_calificado,contenido,9,9,2487,-0.032,1.0,NOUN
grupo,no_calificado,correcto,9,9,2487,0.329,0.0,ADJ
grupo,no_calificado,costo,9,7,2487,0.329,0.0,NOUN
grupo,no_calificado,cristo,9,8,2487,0.329,0.0,PROPN
grupo,no_calificado,edición,9,8,2487,0.329,0.0,NOUN
grupo,no_calificado,entrenador,9,8,2487,0.329,0.0,NOUN
grupo,no_calificado,esfuerzo,9,7,2487,0.329,0.0,NOUN
grupo,no_calificado,evento,9,9,2487,0.329,0.0,NOUN
grupo,no_calificado,experiencia,9,8,2487,-0.36,2.0,NOUN
grupo,no_calificado,extranjero,9,9,2487,-1.425,6.0,NOUN
grupo,no_calificado,extraño,9,9,2487,0.329,0.0,ADJ
grupo,no_calificado,falta,9,8,2487,0.329,0.0,NOUN
grupo,no_calificado,francés,9,9,2487,0.329,0.0,NOUN
grupo,no_calificado,gratis,9,9,2487,0.329,0.0,PROPN
grupo,no_calificado,habitación,9,6,2487,0.329,0.0,NOUN
grupo,no_calificado,hola,9,9,2487,0.329,0.0,PROPN
grupo,no_calificado,inversor,9,9,2487,0.329,0.0,NOUN
grupo,no_calificado,maravilloso,9,9,2487,-1.187,5.0,ADJ
grupo,no_calificado,maíz,9,4,2487,-0.032,1.0,PROPN
grupo,no_calificado,medio,9,8,2487,0.329,0.0,NOUN
grupo,no_calificado,miedo,9,9,2487,-0.032,1.0,NOUN
grupo,no_calificado,milla,9,8,2487,0.329,0.0,NOUN
grupo,no_calificado,moderno,9,8,2487,0.329,0.0,ADJ
grupo,no_calificado,nivel,9,9,2487,-0.658,3.0,NOUN
grupo,no_calificado,pago,9,9,2487,0.329,0.0,NOUN
grupo,no_calificado,par,9,9,2487,0.329,0.0,NOUN
grupo,no_calificado,patata,9,8,2487,0.329,0.0,NOUN
grupo,no_calificado,pena,9,9,2487,0.329,0.0,NOUN
grupo,no_calificado,plano,9,5,2487,0.329,0.0,ADJ
grupo,no_calificado,préstamo,9,8,2487,0.329,0.0,NOUN
grupo,no_calificado,relación,9,9,2487,0.329,0.0,NOUN
grupo,no_calificado,sueño,9,9,2487,-0.658,3.0,NOUN
grupo,no_calificado,sur,9,9,2487,-0.032,1.0,NOUN
grupo,no_calificado,sándwiches,9,6,2487,0.329,0.0,PROPN
grupo,no_calificado,this,9,8,2487,0.329,0.0,PROPN
grupo,no_calificado,torneo,9,9,2487,-0.36,2.0,NOUN
grupo,no_calificado,transmisión,9,8,2487,0.329,0.0,NOUN
grupo,no_calificado,versión,9,8,2487,0.329,0.0,NOUN
grupo,no_calificado,video,9,9,2487,-0.032,1.0,NOUN
grupo,no_calificado,viernes,9,9,2487,-0.032,1.0,NOUN
grupo,no_calificado,you,9,8,2487,0.329,0.0,PROPN
grupo,no_calificado,abierto,8,8,2487,-0.071,1.0,ADJ
grupo,no_calificado,agua,8,8,2487,-0.071,1.0,NOUN
grupo,no_calificado,apple,8,8,2487,0.31,0.0,PROPN
grupo,no_calificado,burrata,8,4,2487,0.31,0.0,PROPN
grupo,no_calificado,cambio,8,8,2487,-0.72,3.0,NOUN
grupo,no_calificado,cancún,8,8,2487,-1.727,7.0,PROPN
grupo,no_calificado,cantidad,8,8,2487,-0.071,1.0,NOUN
grupo,no_calificado,carne,8,8,2487,-0.412,2.0,NOUN
grupo,no_calificado,corazón,8,8,2487,0.31,0.0,NOUN
grupo,no_calificado,desarrollo,8,8,2487,0.31,0.0,NOUN
grupo,no_calificado,dolor,8,8,2487,0.31,0.0,NOUN
grupo,no_calificado,domingo,8,8,2487,0.31,0.0,NOUN
grupo,no_calificado,dúplex,8,8,2487,0.31,0.0,PROPN
grupo,no_calificado,edad,8,8,2487,-0.071,1.0,NOUN
grupo,no_calificado,eléctrico,8,8,2487,0.31,0.0,ADJ
grupo,no_calificado,envío,8,8,2487,0.31,0.0,NOUN
grupo,no_calificado,extremo,8,8,2487,0.31,0.0,NOUN
grupo,no_calificado,fuego,8,7,2487,0.31,0.0,NOUN
grupo,no_calificado,fuerte,8,8,2487,0.31,0.0,ADJ
grupo,no_calificado,inmigrante,8,7,2487,0.31,0.0,NOUN
grupo,no_calificado,inmobiliario,8,8,2487,0.31,0.0,ADJ
grupo,no_calificado,irlandés,8,8,2487,0.31,0.0,ADJ
grupo,no_calificado,lluvia,8,7,2487,0.31,0.0,NOUN
grupo,no_calificado,muerto,8,8,2487,0.31,0.0,ADJ
grupo,no_calificado,música,8,8,2487,-0.412,2.0,NOUN
grupo,no_calificado,nghtmre,8,8,2487,0.31,0.0,PROPN
grupo,no_calificado,papá,8,6,2487,0.31,0.0,NOUN
grupo,no_calificado,parrilla,8,4,2487,0.31,0.0,NOUN
grupo,no_calificado,playa,8,6,2487,-1.261,5.0,NOUN
grupo,no_calificado,principio,8,8,2487,-0.071,1.0,NOUN
grupo,no_calificado,privado,8,7,2487,0.31,0.0,ADJ
grupo,no_calificado,público,8,8,2487,-0.071,1.0,ADJ
grupo,no_calificado,recipe,8,8,2487,-0.72,3.0,PROPN
grupo,no_calificado,red,8,8,2487,0.31,0.0,NOUN
grupo,no_calificado,regreso,8,8,2487,-0.071,1.0,NOUN
grupo,no_calificado,república,8,7,2487,0.31,0.0,PROPN
grupo,no_calificado,resto,8,8,2487,-0.071,1.0,NOUN
grupo,no_calificado,sexy,8,7,2487,-0.412,2.0,ADJ
grupo,no_calificado,tarjeta,8,6,2487,-0.071,1.0,NOUN
grupo,no_calificado,texas,8,7,2487,-0.071,1.0,PROPN
grupo,no_calificado,tierra,8,6,2487,-0.071,1.0,NOUN
grupo,no_calificado,toronto,8,8,2487,-0.071,1.0,PROPN
grupo,no_calificado,tuchel,8,8,2487,0.31,0.0,PROPN
grupo,no_calificado,unido,8,8,2487,0.31,0.0,PROPN
grupo,no_calificado,vista,8,8,2487,-0.071,1.0,NOUN
grupo,no_calificado,amiga,7,7,2487,0.29,0.0,NOUN
grupo,no_calificado,and,7,6,2487,0.29,0.0,PROPN
grupo,no_calificado,argentina,7,7,2487,0.29,0.0,PROPN
grupo,no_calificado,arte,7,7,2487,0.29,0.0,NOUN
grupo,no_calificado,california,7,6,2487,0.29,0.0,PROPN
grupo,no_calificado,cama,7,7,2487,0.29,0.0,NOUN
grupo,no_calificado,canción,7,7,2487,0.29,0.0,NOUN
grupo,no_calificado,cielo,7,7,2487,0.29,0.0,NOUN
grupo,no_calificado,comercial,7,7,2487,0.29,0.0,ADJ
grupo,no_calificado,confianza,7,6,2487,0.29,0.0,NOUN
grupo,no_calificado,consumo,7,7,2487,0.29,0.0,NOUN
grupo,no_calificado,contrario,7,7,2487,-0.114,1.0,ADJ
grupo,no_calificado,delicioso,7,7,2487,-0.114,1.0,ADJ
grupo,no_calificado,democracia,7,5,2487,0.29,0.0,NOUN
grupo,no_calificado,derecha,7,7,2487,0.29,0.0,NOUN
grupo,no_calificado,dulce,7,7,2487,-0.47,2.0,ADJ
grupo,no_calificado,duro,7,7,2487,-0.114,1.0,ADJ
grupo,no_calificado,enlace,7,7,2487,0.29,0.0,NOUN
grupo,no_calificado,entrenamiento,7,6,2487,0.29,0.0,NOUN
grupo,no_calificado,escrito,7,7,2487,0.29,0.0,ADJ
grupo,no_calificado,espacio,7,6,2487,0.29,0.0,NOUN
grupo,no_calificado,estudiante,7,6,2487,0.29,0.0,NOUN
grupo,no_calificado,estúpido,7,7,2487,0.29,0.0,ADJ
grupo,no_calificado,extra,7,6,2487,-0.114,1.0,ADJ
grupo,no_calificado,feminista,7,7,2487,0.29,0.0,NOUN
grupo,no_calificado,francia,7,7,2487,0.29,0.0,PROPN
grupo,no_calificado,hogar,7,5,2487,0.29,0.0,NOUN
grupo,no_calificado,horrible,7,7,2487,-0.47,2.0,ADJ
grupo,no_calificado,ince,7,6,2487,0.29,0.0,PROPN
grupo,no_calificado,internet,7,7,2487,0.29,0.0,NOUN
grupo,no_calificado,jalapeño,7,7,2487,-1.078,4.0,NOUN
grupo,no_calificado,línea,7,7,2487,0.29,0.0,NOUN
grupo,no_calificado,mantequilla,7,5,2487,0.29,0.0,NOUN
grupo,no_calificado,mindfull,7,7,2487,0.29,0.0,PROPN
grupo,no_calificado,muerte,7,7,2487,0.29,0.0,NOUN
grupo,no_calificado,nena,7,7,2487,0.29,0.0,PROPN
grupo,no_calificado,orgulloso,7,7,2487,0.29,0.0,ADJ
grupo,no_calificado,plan,7,7,2487,0.29,0.0,NOUN
grupo,no_calificado,portería,7,6,2487,0.29,0.0,NOUN
grupo,no_calificado,posición,7,7,2487,0.29,0.0,NOUN
grupo,no_calificado,principal,7,7,2487,0.29,0.0,ADJ
grupo,no_calificado,productividad,7,7,2487,0.29,0.0,NOUN
grupo,no_calificado,progresista,7,7,2487,0.29,0.0,NOUN
grupo,no_calificado,pueblo,7,6,2487,-0.47,2.0,NOUN
grupo,no_calificado,qatar,7,7,2487,-0.114,1.0,PROPN
grupo,no_calificado,retorno,7,6,2487,0.29,0.0,NOUN
grupo,no_calificado,rojo,7,5,2487,0.29,0.0,ADJ
grupo,no_calificado,selección,7,6,2487,0.29,0.0,NOUN
grupo,no_calificado,simple,7,7,2487,-0.47,2.0,ADJ
grupo,no_calificado,sociedad,7,6,2487,0.29,0.0,NOUN
grupo,no_calificado,sombrero,7,5,2487,0.29,0.0,NOUN
grupo,no_calificado,sábado,7,7,2487,0.29,0.0,NOUN
grupo,no_calificado,súper,7,7,2487,-0.47,2.0,NOUN
grupo,no_calificado,tramlines,7,5,2487,0.29,0.0,PROPN
grupo,no_calificado,trato,7,7,2487,0.29,0.0,NOUN
grupo,no_calificado,viento,7,7,2487,0.29,0.0,NOUN
grupo,no_calificado,ñigga,7,7,2487,0.29,0.0,PROPN
grupo,no_calificado,actuación,6,6,2487,-0.163,1.0,NOUN
grupo,no_calificado,adulto,6,6,2487,0.269,0.0,ADJ
grupo,no_calificado,agradecido,6,6,2487,-0.163,1.0,ADJ
grupo,no_calificado,aire,6,6,2487,-0.163,1.0,NOUN
grupo,no_calificado,alegría,6,5,2487,-0.163,1.0,NOUN
grupo,no_calificado,almuerzo,6,6,2487,0.269,0.0,NOUN
grupo,no_calificado,antiguo,6,6,2487,0.269,0.0,ADJ
grupo,no_calificado,anuncio,6,6,2487,0.269,0.0,NOUN
grupo,no_calificado,apoyo,6,6,2487,-0.537,2.0,NOUN
grupo,no_calificado,apuesto,6,6,2487,0.269,0.0,ADJ
grupo,no_calificado,artículo,6,6,2487,0.269,0.0,NOUN
grupo,no_calificado,atlanta,6,5,2487,-0.163,1.0,PROPN
grupo,no_calificado,bar,6,6,2487,-0.867,3.0,NOUN
grupo,no_calificado,base,6,6,2487,0.269,0.0,NOUN
grupo,no_calificado,bass,6,6,2487,0.269,0.0,PROPN
grupo,no_calificado,bbq,6,4,2487,0.269,0.0,PROPN
grupo,no_calificado,bellmare,6,6,2487,-0.163,1.0,PROPN
grupo,no_calificado,beno,6,6,2487,0.269,0.0,NOUN
grupo,no_calificado,breakfast,6,4,2487,0.269,0.0,NOUN
grupo,no_calificado,calidad,6,5,2487,0.269,0.0,NOUN
grupo,no_calificado,campo,6,6,2487,-0.537,2.0,NOUN
grupo,no_calificado,cargado,6,5,2487,-0.163,1.0,ADJ
grupo,no_calificado,cena,6,5,2487,-0.163,1.0,NOUN
grupo,no_calificado,cero,6,6,2487,0.269,0.0,NOUN
grupo,no_calificado,clip,6,6,2487,0.269,0.0,NOUN
grupo,no_calificado,comida,6,6,2487,-2.119,8.0,NOUN
grupo,no_calificado,compañero,6,6,2487,-0.537,2.0,NOUN
grupo,no_calificado,comunicación,6,5,2487,-0.163,1.0,NOUN
grupo,no_calificado,consumidor,6,6,2487,0.269,0.0,NOUN
grupo,no_calificado,control,6,6,2487,0.269,0.0,NOUN
grupo,no_calificado,costa,6,5,2487,0.269,0.0,NOUN
grupo,no_calificado,cráter,6,3,2487,0.269,0.0,PROPN
grupo,no_calificado,crédito,6,6,2487,-0.163,1.0,NOUN
grupo,no_calificado,declaración,6,6,2487,0.269,0.0,NOUN
grupo,no_calificado,destino,6,6,2487,0.269,0.0,NOUN
grupo,no_calificado,elon,6,6,2487,0.269,0.0,PROPN
grupo,no_calificado,enfoque,6,6,2487,0.269,0.0,NOUN
grupo,no_calificado,england,6,6,2487,0.269,0.0,PROPN
grupo,no_calificado,entrevista,6,6,2487,0.269,0.0,NOUN
grupo,no_calificado,espalda,6,6,2487,0.269,0.0,NOUN
grupo,no_calificado,especial,6,4,2487,-0.163,1.0,ADJ
grupo,no_calificado,espera,6,6,2487,-0.163,1.0,NOUN
grupo,no_calificado,fifa,6,6,2487,-0.163,1.0,PROPN
grupo,no_calificado,fondo,6,6,2487,0.269,0.0,NOUN
grupo,no_calificado,frente,6,6,2487,0.269,0.0,NOUN
grupo,no_calificado,frito,6,5,2487,0.269,0.0,ADJ
grupo,no_calificado,gay,6,5,2487,0.269,0.0,PROPN
grupo,no_calificado,gordo,6,6,2487,0.269,0.0,ADJ
grupo,no_calificado,guerra,6,6,2487,0.269,0.0,NOUN
grupo,no_calificado,heirloom,6,4,2487,0.269,0.0,PROPN
grupo,no_calificado,huevos,6,4,2487,-0.163,1.0,PROPN
grupo,no_calificado,identidad,6,6,2487,0.269,0.0,NOUN
grupo,no_calificado,inicio,6,5,2487,0.269,0.0,NOUN
grupo,no_calificado,inspiración,6,6,2487,0.269,0.0,NOUN
grupo,no_calificado,irlanda,6,5,2487,0.269,0.0,PROPN
grupo,no_calificado,island,6,5,2487,0.269,0.0,PROPN
grupo,no_calificado,israel,6,6,2487,0.269,0.0,PROPN
grupo,no_calificado,jesús,6,6,2487,0.269,0.0,PROPN
grupo,no_calificado,kane,6,6,2487,0.269,0.0,PROPN
grupo,no_calificado,ley,6,4,2487,0.269,0.0,PROPN
grupo,no_calificado,liga,6,5,2487,0.269,0.0,NOUN
grupo,no_calificado,logro,6,6,2487,0.269,0.0,NOUN
grupo,no_calificado,lotta,6,4,2487,-0.163,1.0,PROPN
grupo,no_calificado,límite,6,5,2487,0.269,0.0,NOUN
grupo,no_calificado,marido,6,4,2487,-0.163,1.0,NOUN
grupo,no_calificado,marruecos,6,6,2487,0.269,0.0,PROPN
grupo,no_calificado,medida,6,6,2487,0.269,0.0,NOUN
grupo,no_calificado,mexicano,6,6,2487,-4.928,28.0,ADJ
grupo,no_calificado,miel,6,6,2487,-0.867,3.0,NOUN
grupo,no_calificado,miércoles,6,6,2487,0.269,0.0,NOUN
grupo,no_calificado,motivación,6,6,2487,0.269,0.0,NOUN
grupo,no_calificado,moto,6,5,2487,0.269,0.0,NOUN
grupo,no_calificado,multitud,6,6,2487,-0.163,1.0,NOUN
grupo,no_calificado,obvio,6,6,2487,0.269,0.0,ADJ
grupo,no_calificado,one,6,5,2487,0.269,0.0,PROPN
grupo,no_calificado,out,6,6,2487,0.269,0.0,PROPN
grupo,no_calificado,outlaws,6,6,2487,0.269,0.0,PROPN
grupo,no_calificado,pantalla,6,6,2487,0.269,0.0,NOUN
grupo,no_calificado,parte,6,6,2487,0.269,0.0,NOUN
grupo,no_calificado,perdedor,6,6,2487,0.269,0.0,NOUN
grupo,no_calificado,permiso,6,6,2487,0.269,0.0,NOUN
grupo,no_calificado,personal,6,6,2487,0.269,0.0,ADJ
grupo,no_calificado,pie,6,6,2487,0.269,0.0,NOUN
grupo,no_calificado,pilat,6,6,2487,0.269,0.0,NOUN
grupo,no_calificado,política,6,5,2487,0.269,0.0,NOUN
grupo,no_calificado,ponte,6,6,2487,-0.163,1.0,PROPN
grupo,no_calificado,propietario,6,6,2487,0.269,0.0,NOUN
grupo,no_calificado,puesto,6,6,2487,0.269,0.0,NOUN
grupo,no_calificado,raro,6,6,2487,0.269,0.0,ADJ
grupo,no_calificado,reciente,6,6,2487,-0.163,1.0,ADJ
grupo,no_calificado,rendimiento,6,4,2487,0.269,0.0,NOUN
grupo,no_calificado,ritmo,6,6,2487,0.269,0.0,NOUN
grupo,no_calificado,ropa,6,6,2487,-0.163,1.0,NOUN
grupo,no_calificado,rosa,6,4,2487,0.269,0.0,PROPN
grupo,no_calificado,sala,6,6,2487,0.269,0.0,NOUN
grupo,no_calificado,saludo,6,3,2487,0.269,0.0,NOUN
grupo,no_calificado,san,6,6,2487,-0.537,2.0,PROPN
grupo,no_calificado,siglo,6,5,2487,0.269,0.0,NOUN
grupo,no_calificado,slander,6,6,2487,0.269,0.0,PROPN
grupo,no_calificado,socio,6,4,2487,0.269,0.0,NOUN
grupo,no_calificado,sol,6,4,2487,-1.163,4.0,NOUN
grupo,no_calificado,spotify,6,6,2487,0.269,0.0,PROPN
grupo,no_calificado,suelo,6,4,2487,0.269,0.0,NOUN
grupo,no_calificado,tienda,6,6,2487,0.269,0.0,NOUN
grupo,no_calificado,tiktok,6,6,2487,0.269,0.0,PROPN
grupo,no_calificado,time,6,6,2487,0.269,0.0,PROPN
grupo,no_calificado,tormenta,6,6,2487,0.269,0.0,NOUN
grupo,no_calificado,tostado,6,2,2487,0.269,0.0,ADJ
grupo,no_calificado,tren,6,5,2487,-0.163,1.0,NOUN
grupo,no_calificado,triste,6,6,2487,0.269,0.0,ADJ
grupo,no_calificado,trump,6,6,2487,0.269,0.0,PROPN
grupo,no_calificado,tuit,6,6,2487,0.269,0.0,NOUN
grupo,no_calificado,twitter,6,6,2487,0.269,0.0,PROPN
grupo,no_calificado,unidos,6,6,2487,-0.163,1.0,PROPN
grupo,no_calificado,uniforme,6,6,2487,0.269,0.0,NOUN
grupo,no_calificado,vacío,6,6,2487,0.269,0.0,ADJ
grupo,no_calificado,viral,6,6,2487,0.269,0.0,ADJ
grupo,no_calificado,web,6,6,2487,0.269,0.0,ADJ
grupo,no_calificado,what,6,6,2487,0.269,0.0,PROPN
grupo,no_calificado,élite,6,6,2487,0.269,0.0,NOUN
grupo,no_calificado,éxito,6,6,2487,0.269,0.0,NOUN
grupo,no_calificado,aburrido,5,5,2487,0.245,0.0,ADJ
grupo,no_calificado,activo,5,5,2487,0.245,0.0,NOUN
grupo,no_calificado,actual,5,5,2487,0.245,0.0,ADJ
grupo,no_calificado,agradable,5,5,2487,-0.221,1.0,ADJ
grupo,no_calificado,alquiler,5,2,2487,0.245,0.0,NOUN
grupo,no_calificado,amarillo,5,3,2487,0.245,0.0,ADJ
grupo,no_calificado,amber,5,5,2487,0.245,0.0,PROPN
grupo,no_calificado,ambicioso,5,2,2487,0.245,0.0,ADJ
grupo,no_calificado,ardiente,5,5,2487,0.245,0.0,ADJ
grupo,no_calificado,argentino,5,5,2487,0.245,0.0,ADJ
grupo,no_calificado,arriesgado,5,5,2487,0.245,0.0,ADJ
grupo,no_calificado,asiento,5,4,2487,-0.221,1.0,NOUN
grupo,no_calificado,aspecto,5,5,2487,0.245,0.0,NOUN
grupo,no_calificado,atmósfera,5,4,2487,0.245,0.0,NOUN
grupo,no_calificado,banda,5,4,2487,0.245,0.0,NOUN
grupo,no_calificado,bandeja,5,3,2487,-0.221,1.0,NOUN
grupo,no_calificado,bienvenido,5,5,2487,0.245,0.0,ADJ
grupo,no_calificado,botella,5,4,2487,-0.221,1.0,NOUN
grupo,no_calificado,brasil,5,5,2487,0.245,0.0,PROPN
grupo,no_calificado,broma,5,5,2487,-0.221,1.0,NOUN
grupo,no_calificado,caja,5,4,2487,0.245,0.0,NOUN
grupo,no_calificado,carta,5,5,2487,0.245,0.0,NOUN
grupo,no_calificado,cerveza,5,5,2487,-0.957,3.0,NOUN
grupo,no_calificado,chicago,5,5,2487,0.245,0.0,PROPN
grupo,no_calificado,clerical,5,4,2487,0.245,0.0,ADJ
grupo,no_calificado,coche,5,4,2487,0.245,0.0,NOUN
grupo,no_calificado,comparación,5,5,2487,-0.221,1.0,NOUN
grupo,no_calificado,compañía,5,5,2487,-0.221,1.0,NOUN
grupo,no_calificado,compra,5,5,2487,0.245,0.0,NOUN
grupo,no_calificado,comunidad,5,5,2487,0.245,0.0,NOUN
grupo,no_calificado,corte,5,5,2487,0.245,0.0,NOUN
grupo,no_calificado,covid,5,5,2487,-0.221,1.0,PROPN
grupo,no_calificado,creencia,5,5,2487,0.245,0.0,NOUN
grupo,no_calificado,cubierto,5,4,2487,-0.221,1.0,ADJ
grupo,no_calificado,culpa,5,5,2487,0.245,0.0,NOUN
grupo,no_calificado,dale,5,5,2487,0.245,0.0,PROPN
grupo,no_calificado,demonio,5,5,2487,0.245,0.0,NOUN
grupo,no_calificado,diablo,5,4,2487,0.245,0.0,PROPN
grupo,no_calificado,drama,5,5,2487,0.245,0.0,NOUN
grupo,no_calificado,emoción,5,5,2487,0.245,0.0,NOUN
grupo,no_calificado,entrega,5,2,2487,0.245,0.0,NOUN
grupo,no_calificado,equipaje,5,4,2487,-0.957,3.0,NOUN
grupo,no_calificado,error,5,5,2487,0.245,0.0,NOUN
grupo,no_calificado,escena,5,5,2487,0.245,0.0,NOUN
grupo,no_calificado,escocia,5,5,2487,0.245,0.0,PROPN
grupo,no_calificado,espectáculo,5,4,2487,0.245,0.0,NOUN
grupo,no_calificado,estadounidense,5,4,2487,-0.221,1.0,NOUN
grupo,no_calificado,etiqueta,5,5,2487,0.245,0.0,NOUN
grupo,no_calificado,evangelio,5,5,2487,0.245,0.0,PROPN
grupo,no_calificado,exacto,5,5,2487,0.245,0.0,ADJ
grupo,no_calificado,fila,5,5,2487,0.245,0.0,NOUN
grupo,no_calificado,fujisawa,5,4,2487,0.245,0.0,PROPN
grupo,no_calificado,goyslop,5,5,2487,0.245,0.0,PROPN
grupo,no_calificado,gracioso,5,5,2487,-0.221,1.0,ADJ
grupo,no_calificado,grado,5,4,2487,0.245,0.0,NOUN
grupo,no_calificado,hermana,5,4,2487,-0.221,1.0,NOUN
grupo,no_calificado,hierba,5,4,2487,0.245,0.0,NOUN
grupo,no_calificado,honesto,5,5,2487,0.245,0.0,ADJ
grupo,no_calificado,idioma,5,3,2487,0.245,0.0,NOUN
grupo,no_calificado,iheart,5,5,2487,0.245,0.0,ADJ
grupo,no_calificado,incluido,5,5,2487,-0.615,2.0,ADJ
grupo,no_calificado,información,5,4,2487,0.245,0.0,NOUN
grupo,no_calificado,invierno,5,2,2487,0.245,0.0,NOUN
grupo,no_calificado,izquierda,5,5,2487,0.245,0.0,NOUN
grupo,no_calificado,lago,5,3,2487,0.245,0.0,NOUN
grupo,no_calificado,largo,5,5,2487,0.245,0.0,ADJ
grupo,no_calificado,leche,5,4,2487,0.245,0.0,NOUN
grupo,no_calificado,libras,5,4,2487,0.245,0.0,NOUN
grupo,no_calificado,local,5,5,2487,0.245,0.0,ADJ
grupo,no_calificado,lotería,5,4,2487,0.245,0.0,NOUN
grupo,no_calificado,love,5,4,2487,0.245,0.0,PROPN
grupo,no_calificado,madre,5,4,2487,0.245,0.0,NOUN
grupo,no_calificado,mandalorian,5,4,2487,0.245,0.0,PROPN
grupo,no_calificado,marca,5,5,2487,0.245,0.0,NOUN
grupo,no_calificado,marketing,5,4,2487,0.245,0.0,NOUN
grupo,no_calificado,messi,5,5,2487,0.245,0.0,PROPN
grupo,no_calificado,múltiple,5,5,2487,0.245,0.0,ADJ
grupo,no_calificado,nacional,5,5,2487,-0.221,1.0,ADJ
grupo,no_calificado,nah,5,5,2487,0.245,0.0,PROPN
grupo,no_calificado,narrativa,5,5,2487,0.245,0.0,NOUN
grupo,no_calificado,naturaleza,5,4,2487,0.245,0.0,NOUN
grupo,no_calificado,nevera,5,5,2487,0.245,0.0,NOUN
grupo,no_calificado,normal,5,5,2487,-0.221,1.0,ADJ
grupo,no_calificado,oficial,5,4,2487,-0.221,1.0,ADJ
grupo,no_calificado,oro,5,5,2487,0.245,0.0,NOUN
grupo,no_calificado,pantalón,5,5,2487,0.245,0.0,NOUN
grupo,no_calificado,papel,5,5,2487,0.245,0.0,NOUN
grupo,no_calificado,parís,5,5,2487,0.245,0.0,PROPN
grupo,no_calificado,paul,5,5,2487,0.245,0.0,PROPN
grupo,no_calificado,perra,5,5,2487,0.245,0.0,NOUN
grupo,no_calificado,peso,5,5,2487,0.245,0.0,NOUN
grupo,no_calificado,plato,5,5,2487,0.245,0.0,NOUN
grupo,no_calificado,preocupación,5,4,2487,0.245,0.0,NOUN
grupo,no_calificado,pretemporada,5,4,2487,0.245,0.0,NOUN
grupo,no_calificado,promedio,5,5,2487,-0.221,1.0,NOUN
grupo,no_calificado,promotor,5,3,2487,0.245,0.0,NOUN
grupo,no_calificado,puerta,5,5,2487,0.245,0.0,NOUN
grupo,no_calificado,puto,5,5,2487,-0.221,1.0,ADJ
grupo,no_calificado,pérdida,5,5,2487,0.245,0.0,NOUN
grupo,no_calificado,razonable,5,5,2487,-0.221,1.0,ADJ
grupo,no_calificado,raíz,5,5,2487,0.245,0.0,NOUN
grupo,no_calificado,receta,5,5,2487,-0.615,2.0,NOUN
grupo,no_calificado,reels,5,4,2487,0.245,0.0,NOUN
grupo,no_calificado,regla,5,4,2487,0.245,0.0,NOUN
grupo,no_calificado,religioso,5,5,2487,0.245,0.0,ADJ
grupo,no_calificado,respeto,5,5,2487,0.245,0.0,NOUN
grupo,no_calificado,resultado,5,5,2487,0.245,0.0,NOUN
grupo,no_calificado,retraso,5,5,2487,0.245,0.0,NOUN
grupo,no_calificado,ridículo,5,5,2487,0.245,0.0,ADJ
grupo,no_calificado,riesgo,5,5,2487,0.245,0.0,NOUN
grupo,no_calificado,sano,5,5,2487,0.245,0.0,ADJ
grupo,no_calificado,segmento,5,5,2487,0.245,0.0,NOUN
grupo,no_calificado,seguidor,5,5,2487,0.245,0.0,NOUN
grupo,no_calificado,serie,5,5,2487,0.245,0.0,NOUN
grupo,no_calificado,sistema,5,5,2487,0.245,0.0,NOUN
grupo,no_calificado,smith,5,5,2487,0.245,0.0,PROPN
grupo,no_calificado,solitario,5,4,2487,0.245,0.0,ADJ
grupo,no_calificado,sombra,5,5,2487,-0.221,1.0,NOUN
grupo,no_calificado,state,5,4,2487,0.245,0.0,PROPN
grupo,no_calificado,streaming,5,3,2487,0.245,0.0,PROPN
grupo,no_calificado,summer,5,4,2487,-0.221,1.0,PROPN
grupo,no_calificado,superior,5,5,2487,0.245,0.0,ADJ
grupo,no_calificado,suscríbete,5,5,2487,0.245,0.0,PROPN
grupo,no_calificado,taco,5,3,2487,-2.421,9.0,PROPN
grupo,no_calificado,tema,5,5,2487,0.245,0.0,NOUN
grupo,no_calificado,tendencia,5,5,2487,0.245,0.0,NOUN
grupo,no_calificado,teoría,5,3,2487,0.245,0.0,NOUN
grupo,no_calificado,top,5,5,2487,0.245,0.0,PROPN
grupo,no_calificado,tostadas,5,4,2487,0.245,0.0,PROPN
grupo,no_calificado,trasero,5,4,2487,-0.221,1.0,ADJ
grupo,no_calificado,tribu,5,4,2487,0.245,0.0,NOUN
grupo,no_calificado,tulum,5,5,2487,-1.532,5.0,PROPN
grupo,no_calificado,universidad,5,4,2487,0.245,0.0,NOUN
grupo,no_calificado,viejo,5,5,2487,0.245,0.0,ADJ
grupo,no_calificado,vip,5,3,2487,0.245,0.0,PROPN
grupo,no_calificado,visita,5,5,2487,0.245,0.0,NOUN
grupo,no_calificado,weimar,5,4,2487,0.245,0.0,PROPN
grupo,no_calificado,área,5,4,2487,0.245,0.0,NOUN
grupo,no_calificado,actualización,4,4,2487,0.219,0.0,NOUN
grupo,no_calificado,acuerdo,4,4,2487,0.219,0.0,NOUN
grupo,no_calificado,afirmación,4,4,2487,0.219,0.0,NOUN
grupo,no_calificado,agente,4,4,2487,0.219,0.0,NOUN
grupo,no_calificado,albóndiga,4,2,2487,0.219,0.0,NOUN
grupo,no_calificado,alma,4,4,2487,0.219,0.0,NOUN
grupo,no_calificado,altura,4,4,2487,0.219,0.0,NOUN
grupo,no_calificado,amable,4,4,2487,-1.644,5.0,ADJ
grupo,no_calificado,american,4,4,2487,0.219,0.0,PROPN
grupo,no_calificado,ansiedad,4,2,2487,0.219,0.0,NOUN
grupo,no_calificado,apologista,4,3,2487,0.219,0.0,NOUN
grupo,no_calificado,arma,4,4,2487,0.219,0.0,NOUN
grupo,no_calificado,asombroso,4,4,2487,0.219,0.0,ADJ
grupo,no_calificado,aterrador,4,4,2487,0.219,0.0,ADJ
grupo,no_calificado,autobús,4,4,2487,-1.37,4.0,NOUN
grupo,no_calificado,baby,4,3,2487,0.219,0.0,ADJ
grupo,no_calificado,bad,4,3,2487,0.219,0.0,PROPN
grupo,no_calificado,bagels,4,2,2487,0.219,0.0,PROPN
grupo,no_calificado,baja,4,4,2487,0.219,0.0,PROPN
grupo,no_calificado,balón,4,4,2487,0.219,0.0,NOUN
grupo,no_calificado,banco,4,3,2487,0.219,0.0,NOUN
grupo,no_calificado,basura,4,4,2487,0.219,0.0,NOUN
grupo,no_calificado,bien,4,4,2487,0.219,0.0,NOUN
grupo,no_calificado,bienvenida,4,3,2487,-0.291,1.0,NOUN
grupo,no_calificado,billete,4,4,2487,0.219,0.0,NOUN
grupo,no_calificado,boleto,4,3,2487,0.219,0.0,NOUN
grupo,no_calificado,bolsillo,4,3,2487,-0.291,1.0,NOUN
grupo,no_calificado,bonito,4,4,2487,-0.708,2.0,ADJ
grupo,no_calificado,bowls,4,1,2487,0.219,0.0,PROPN
grupo,no_calificado,brazo,4,4,2487,-0.291,1.0,NOUN
grupo,no_calificado,básico,4,4,2487,0.219,0.0,ADJ
grupo,no_calificado,cafetería,4,4,2487,0.219,0.0,NOUN
grupo,no_calificado,café,4,4,2487,-0.291,1.0,NOUN
grupo,no_calificado,caliente,4,4,2487,0.219,0.0,ADJ
grupo,no_calificado,calientes,4,2,2487,0.219,0.0,PROPN
grupo,no_calificado,canadá,4,4,2487,0.219,0.0,PROPN
grupo,no_calificado,cansado,4,4,2487,0.219,0.0,ADJ
grupo,no_calificado,cargo,4,4,2487,0.219,0.0,NOUN
grupo,no_calificado,categoría,4,4,2487,0.219,0.0,NOUN
grupo,no_calificado,central,4,4,2487,0.219,0.0,PROPN
grupo,no_calificado,cerrado,4,4,2487,0.219,0.0,ADJ
grupo,no_calificado,chad,4,4,2487,0.219,0.0,PROPN
grupo,no_calificado,cheque,4,4,2487,0.219,0.0,NOUN
grupo,no_calificado,chicos,4,4,2487,0.219,0.0,PROPN
grupo,no_calificado,chipotle,4,4,2487,-0.291,1.0,PROPN
grupo,no_calificado,cierre,4,4,2487,0.219,0.0,NOUN
grupo,no_calificado,cima,4,4,2487,0.219,0.0,NOUN
grupo,no_calificado,clarke,4,4,2487,0.219,0.0,PROPN
grupo,no_calificado,competitivo,4,4,2487,0.219,0.0,ADJ
grupo,no_calificado,comprador,4,4,2487,0.219,0.0,NOUN
grupo,no_calificado,conexión,4,3,2487,0.219,0.0,NOUN
grupo,no_calificado,construido,4,4,2487,0.219,0.0,ADJ
grupo,no_calificado,conversación,4,4,2487,0.219,0.0,NOUN
grupo,no_calificado,convicción,4,4,2487,0.219,0.0,NOUN
grupo,no_calificado,coño,4,4,2487,0.219,0.0,NOUN
grupo,no_calificado,cuarto,4,4,2487,0.219,0.0,NOUN
grupo,no_calificado,cuerpo,4,4,2487,-0.708,2.0,NOUN
grupo,no_calificado,cámara,4,4,2487,0.219,0.0,NOUN
grupo,no_calificado,cártel,4,3,2487,0.219,0.0,NOUN
grupo,no_calificado,david,4,4,2487,0.219,0.0,PROPN
grupo,no_calificado,daño,4,4,2487,0.219,0.0,NOUN
grupo,no_calificado,decisión,4,4,2487,0.219,0.0,NOUN
grupo,no_calificado,demanda,4,3,2487,0.219,0.0,NOUN
grupo,no_calificado,derecho,4,4,2487,-0.291,1.0,NOUN
grupo,no_calificado,derrota,4,4,2487,0.219,0.0,NOUN
grupo,no_calificado,descanso,4,4,2487,-0.291,1.0,NOUN
grupo,no_calificado,deseo,4,4,2487,0.219,0.0,NOUN
grupo,no_calificado,deuda,4,4,2487,0.219,0.0,NOUN
grupo,no_calificado,din,4,2,2487,-0.291,1.0,PROPN
grupo,no_calificado,discurso,4,4,2487,0.219,0.0,NOUN
grupo,no_calificado,discípulo,4,4,2487,0.219,0.0,NOUN
grupo,no_calificado,diseñador,4,3,2487,0.219,0.0,NOUN
grupo,no_calificado,disney,4,3,2487,0.219,0.0,PROPN
grupo,no_calificado,doble,4,4,2487,0.219,0.0,ADJ
grupo,no_calificado,dorado,4,4,2487,0.219,0.0,ADJ
grupo,no_calificado,duda,4,4,2487,0.219,0.0,NOUN
grupo,no_calificado,edificio,4,4,2487,-0.291,1.0,NOUN
grupo,no_calificado,ejemplo,4,4,2487,0.219,0.0,NOUN
grupo,no_calificado,ellen,4,3,2487,0.219,0.0,PROPN
grupo,no_calificado,energía,4,4,2487,0.219,0.0,NOUN
grupo,no_calificado,escenario,4,4,2487,0.219,0.0,NOUN
grupo,no_calificado,estricto,4,4,2487,0.219,0.0,ADJ
grupo,no_calificado,estándar,4,4,2487,0.219,0.0,NOUN
grupo,no_calificado,europa,4,4,2487,0.219,0.0,PROPN
grupo,no_calificado,exitoso,4,4,2487,0.219,0.0,ADJ
grupo,no_calificado,familiar,4,4,2487,-0.291,1.0,ADJ
grupo,no_calificado,fecha,4,4,2487,0.219,0.0,NOUN
grupo,no_calificado,felicidad,4,4,2487,0.219,0.0,NOUN
grupo,no_calificado,femenino,4,4,2487,0.219,0.0,ADJ
grupo,no_calificado,festival,4,4,2487,0.219,0.0,NOUN
grupo,no_calificado,firma,4,4,2487,0.219,0.0,NOUN
grupo,no_calificado,for,4,4,2487,0.219,0.0,PROPN
grupo,no_calificado,free,4,4,2487,0.219,0.0,PROPN
grupo,no_calificado,from,4,4,2487,0.219,0.0,PROPN
grupo,no_calificado,frontale,4,4,2487,0.219,0.0,PROPN
grupo,no_calificado,frío,4,4,2487,0.219,0.0,ADJ
grupo,no_calificado,función,4,3,2487,0.219,0.0,NOUN
grupo,no_calificado,fundamental,4,4,2487,0.219,0.0,ADJ
grupo,no_calificado,get,4,4,2487,0.219,0.0,PROPN
grupo,no_calificado,gimnasio,4,3,2487,0.219,0.0,NOUN
grupo,no_calificado,golden,4,4,2487,0.219,0.0,PROPN
grupo,no_calificado,goyim,4,4,2487,0.219,0.0,NOUN
grupo,no_calificado,griego,4,4,2487,-0.291,1.0,ADJ
grupo,no_calificado,gusto,4,4,2487,0.219,0.0,NOUN
grupo,no_calificado,haneda,4,4,2487,0.219,0.0,PROPN
grupo,no_calificado,herramienta,4,3,2487,0.219,0.0,NOUN
grupo,no_calificado,hice,4,4,2487,0.219,0.0,PROPN
grupo,no_calificado,houston,4,4,2487,0.219,0.0,PROPN
grupo,no_calificado,imperio,4,4,2487,-0.291,1.0,PROPN
grupo,no_calificado,impresionante,4,4,2487,-0.708,2.0,ADJ
grupo,no_calificado,impresión,4,4,2487,-0.291,1.0,NOUN
grupo,no_calificado,infierno,4,4,2487,0.219,0.0,NOUN
grupo,no_calificado,instagram,4,4,2487,0.219,0.0,PROPN
grupo,no_calificado,inteligente,4,4,2487,0.219,0.0,ADJ
grupo,no_calificado,intención,4,4,2487,0.219,0.0,NOUN
grupo,no_calificado,interesado,4,4,2487,0.219,0.0,ADJ
grupo,no_calificado,jason,4,4,2487,0.219,0.0,PROPN
grupo,no_calificado,jeremy,4,4,2487,0.219,0.0,PROPN
grupo,no_calificado,judá,4,3,2487,0.219,0.0,PROPN
grupo,no_calificado,khan,4,4,2487,0.219,0.0,PROPN
grupo,no_calificado,league,4,4,2487,0.219,0.0,PROPN
grupo,no_calificado,lizzie,4,4,2487,0.219,0.0,PROPN
grupo,no_calificado,llamado,4,4,2487,-0.291,1.0,ADJ
grupo,no_calificado,lmaooo,4,4,2487,0.219,0.0,PROPN
grupo,no_calificado,lunes,4,4,2487,0.219,0.0,NOUN
grupo,no_calificado,luz,4,4,2487,0.219,0.0,NOUN
grupo,no_calificado,maleta,4,3,2487,0.219,0.0,NOUN
grupo,no_calificado,mando,4,4,2487,0.219,0.0,PROPN
grupo,no_calificado,martes,4,4,2487,-0.291,1.0,NOUN
grupo,no_calificado,militar,4,3,2487,0.219,0.0,ADJ
grupo,no_calificado,mito,4,4,2487,0.219,0.0,NOUN
grupo,no_calificado,moda,4,4,2487,0.219,0.0,NOUN
grupo,no_calificado,motivacional,4,4,2487,0.219,0.0,ADJ
grupo,no_calificado,mrvl,4,2,2487,0.219,0.0,PROPN
grupo,no_calificado,nachos,4,2,2487,-0.291,1.0,PROPN
grupo,no_calificado,nación,4,4,2487,0.219,0.0,NOUN
grupo,no_calificado,necesario,4,4,2487,0.219,0.0,ADJ
grupo,no_calificado,neutro,4,2,2487,0.219,0.0,NOUN
grupo,no_calificado,newport,4,2,2487,0.219,0.0,PROPN
grupo,no_calificado,next,4,4,2487,0.219,0.0,PROPN
grupo,no_calificado,nigga,4,4,2487,0.219,0.0,PROPN
grupo,no_calificado,norma,4,4,2487,0.219,0.0,NOUN
grupo,no_calificado,nyc,4,4,2487,0.219,0.0,PROPN
grupo,no_calificado,obra,4,4,2487,0.219,0.0,NOUN
grupo,no_calificado,obsoleto,4,4,2487,0.219,0.0,ADJ
grupo,no_calificado,occidental,4,4,2487,0.219,0.0,ADJ
grupo,no_calificado,odisea,4,4,2487,0.219,0.0,PROPN
grupo,no_calificado,ojo,4,4,2487,-0.708,2.0,NOUN
grupo,no_calificado,ola,4,4,2487,0.219,0.0,NOUN
grupo,no_calificado,pablo,4,4,2487,0.219,0.0,PROPN
grupo,no_calificado,palios,4,4,2487,0.219,0.0,PROPN
grupo,no_calificado,papa,4,4,2487,0.219,0.0,PROPN
grupo,no_calificado,parada,4,4,2487,0.219,0.0,NOUN
grupo,no_calificado,park,4,4,2487,0.219,0.0,PROPN
grupo,no_calificado,patatas,4,4,2487,0.219,0.0,PROPN
grupo,no_calificado,patético,4,4,2487,0.219,0.0,ADJ
grupo,no_calificado,penalti,4,3,2487,0.219,0.0,NOUN
grupo,no_calificado,perro,4,4,2487,0.219,0.0,NOUN
grupo,no_calificado,perros,4,2,2487,0.219,0.0,PROPN
grupo,no_calificado,personaje,4,4,2487,0.219,0.0,NOUN
grupo,no_calificado,período,4,4,2487,0.219,0.0,NOUN
grupo,no_calificado,pierna,4,4,2487,0.219,0.0,NOUN
grupo,no_calificado,piscina,4,3,2487,0.219,0.0,NOUN
grupo,no_calificado,plataforma,4,4,2487,0.219,0.0,NOUN
grupo,no_calificado,popup,4,2,2487,0.219,0.0,PROPN
grupo,no_calificado,premium,4,3,2487,0.219,0.0,ADJ
grupo,no_calificado,presbiteriano,4,3,2487,0.219,0.0,NOUN
grupo,no_calificado,proceso,4,4,2487,0.219,0.0,NOUN
grupo,no_calificado,profesional,4,4,2487,0.219,0.0,ADJ
grupo,no_calificado,programa,4,3,2487,0.219,0.0,NOUN
grupo,no_calificado,propaganda,4,4,2487,0.219,0.0,NOUN
grupo,no_calificado,propiedad,4,4,2487,0.219,0.0,NOUN
grupo,no_calificado,protagonista,4,3,2487,0.219,0.0,NOUN
grupo,no_calificado,prueba,4,4,2487,-0.291,1.0,NOUN
grupo,no_calificado,página,4,4,2487,0.219,0.0,NOUN
grupo,no_calificado,quo,4,4,2487,0.219,0.0,NOUN
grupo,no_calificado,reina,4,4,2487,0.219,0.0,NOUN
grupo,no_calificado,retrocodex,4,4,2487,0.219,0.0,PROPN
grupo,no_calificado,reunión,4,3,2487,-0.291,1.0,NOUN
grupo,no_calificado,revuelto,4,3,2487,0.219,0.0,ADJ
grupo,no_calificado,rey,4,3,2487,0.219,0.0,PROPN
grupo,no_calificado,rice,4,4,2487,0.219,0.0,PROPN
grupo,no_calificado,sabor,4,4,2487,-0.291,1.0,NOUN
grupo,no_calificado,salchicha,4,4,2487,-0.708,2.0,NOUN
grupo,no_calificado,salida,4,4,2487,0.219,0.0,NOUN
grupo,no_calificado,sandía,4,4,2487,-0.291,1.0,NOUN
grupo,no_calificado,sauna,4,3,2487,0.219,0.0,NOUN
grupo,no_calificado,screen,4,4,2487,0.219,0.0,PROPN
grupo,no_calificado,secreto,4,4,2487,0.219,0.0,NOUN
grupo,no_calificado,seguridad,4,4,2487,0.219,0.0,NOUN
grupo,no_calificado,sentado,4,4,2487,0.219,0.0,ADJ
grupo,no_calificado,servidor,4,4,2487,0.219,0.0,NOUN
grupo,no_calificado,sesión,4,3,2487,0.219,0.0,NOUN
grupo,no_calificado,señal,4,4,2487,0.219,0.0,NOUN
grupo,no_calificado,shopmy,4,4,2487,0.219,0.0,NOUN
grupo,no_calificado,show,4,2,2487,0.219,0.0,NOUN
grupo,no_calificado,sincero,4,4,2487,0.219,0.0,ADJ
grupo,no_calificado,soltero,4,4,2487,-0.708,2.0,NOUN
grupo,no_calificado,sorpresa,4,4,2487,-0.291,1.0,NOUN
grupo,no_calificado,square,4,4,2487,0.219,0.0,PROPN
grupo,no_calificado,status,4,4,2487,0.219,0.0,NOUN
grupo,no_calificado,suave,4,4,2487,0.219,0.0,ADJ
grupo,no_calificado,séptimo,4,4,2487,0.219,0.0,PROPN
grupo,no_calificado,tamaño,4,4,2487,0.219,0.0,NOUN
grupo,no_calificado,tele,4,3,2487,0.219,0.0,NOUN
grupo,no_calificado,terreno,4,3,2487,0.219,0.0,NOUN
grupo,no_calificado,terrible,4,4,2487,-0.291,1.0,ADJ
grupo,no_calificado,tom,4,4,2487,0.219,0.0,PROPN
grupo,no_calificado,toma,4,4,2487,0.219,0.0,NOUN
grupo,no_calificado,tontería,4,4,2487,0.219,0.0,NOUN
grupo,no_calificado,tostada,4,4,2487,-0.708,2.0,ADJ
grupo,no_calificado,traje,4,4,2487,0.219,0.0,NOUN
grupo,no_calificado,trick,4,3,2487,0.219,0.0,PROPN
grupo,no_calificado,true,4,4,2487,0.219,0.0,PROPN
grupo,no_calificado,técnico,4,4,2487,0.219,0.0,ADJ
grupo,no_calificado,término,4,4,2487,0.219,0.0,NOUN
grupo,no_calificado,tía,4,4,2487,0.219,0.0,NOUN
grupo,no_calificado,ugh,4,4,2487,-0.291,1.0,PROPN
grupo,no_calificado,unifamiliar,4,4,2487,0.219,0.0,ADJ
grupo,no_calificado,vegas,4,4,2487,0.219,0.0,PROPN
grupo,no_calificado,velocidad,4,4,2487,0.219,0.0,NOUN
grupo,no_calificado,ventana,4,4,2487,0.219,0.0,NOUN
grupo,no_calificado,verde,4,4,2487,0.219,0.0,PROPN
grupo,no_calificado,vergonzoso,4,4,2487,-0.291,1.0,ADJ
grupo,no_calificado,vete,4,4,2487,0.219,0.0,PROPN
grupo,no_calificado,vibras,4,4,2487,0.219,0.0,PROPN
grupo,no_calificado,visto,4,4,2487,0.219,0.0,ADJ
grupo,no_calificado,was,4,2,2487,0.219,0.0,PROPN
grupo,no_calificado,white,4,3,2487,0.219,0.0,PROPN
grupo,no_calificado,will,4,3,2487,0.219,0.0,PROPN
grupo,no_calificado,zohara,4,4,2487,0.219,0.0,PROPN
grupo,no_calificado,zona,4,4,2487,-0.291,1.0,NOUN
grupo,no_calificado,ángeles,4,4,2487,-0.708,2.0,PROPN
grupo,no_calificado,época,4,3,2487,0.219,0.0,NOUN
grupo,no_calificado,abril,3,3,2487,0.19,0.0,NOUN
grupo,no_calificado,acceso,3,3,2487,0.19,0.0,NOUN
grupo,no_calificado,acondicionado,3,3,2487,0.19,0.0,NOUN
grupo,no_calificado,acoso,3,2,2487,0.19,0.0,NOUN
grupo,no_calificado,acostumbrado,3,3,2487,0.19,0.0,ADJ
grupo,no_calificado,adoración,3,3,2487,0.19,0.0,NOUN
grupo,no_calificado,adventistas,3,3,2487,0.19,0.0,PROPN
grupo,no_calificado,advertencia,3,3,2487,0.19,0.0,NOUN
grupo,no_calificado,airlines,3,3,2487,0.19,0.0,PROPN
grupo,no_calificado,ajo,3,3,2487,0.19,0.0,NOUN
grupo,no_calificado,ajuste,3,3,2487,0.19,0.0,NOUN
grupo,no_calificado,alcohol,3,3,2487,-0.38,1.0,NOUN
grupo,no_calificado,alucinante,3,3,2487,0.19,0.0,ADJ
grupo,no_calificado,amante,3,3,2487,0.19,0.0,NOUN
grupo,no_calificado,ambiente,3,3,2487,-0.822,2.0,NOUN
grupo,no_calificado,americano,3,3,2487,-0.38,1.0,ADJ
grupo,no_calificado,anillo,3,3,2487,0.19,0.0,NOUN
grupo,no_calificado,antifa,3,3,2487,0.19,0.0,NOUN
grupo,no_calificado,anyme,3,3,2487,0.19,0.0,PROPN
grupo,no_calificado,apuesta,3,3,2487,0.19,0.0,NOUN
grupo,no_calificado,artificial,3,3,2487,0.19,0.0,ADJ
grupo,no_calificado,artista,3,3,2487,0.19,0.0,NOUN
grupo,no_calificado,asiático,3,3,2487,0.19,0.0,NOUN
grupo,no_calificado,asunto,3,3,2487,0.19,0.0,NOUN
grupo,no_calificado,aumento,3,3,2487,0.19,0.0,NOUN
grupo,no_calificado,aurora,3,1,2487,0.19,0.0,NOUN
grupo,no_calificado,ayuda,3,3,2487,0.19,0.0,NOUN
grupo,no_calificado,baile,3,3,2487,0.19,0.0,NOUN
grupo,no_calificado,bajo,3,3,2487,0.19,0.0,ADJ
grupo,no_calificado,bali,3,3,2487,0.19,0.0,PROPN
grupo,no_calificado,bandera,3,3,2487,0.19,0.0,NOUN
grupo,no_calificado,barato,3,3,2487,-1.498,4.0,ADJ
grupo,no_calificado,barco,3,3,2487,-0.38,1.0,NOUN
grupo,no_calificado,basado,3,3,2487,0.19,0.0,ADJ
grupo,no_calificado,batalla,3,3,2487,0.19,0.0,NOUN
grupo,no_calificado,batidos,3,1,2487,0.19,0.0,PROPN
grupo,no_calificado,bay,3,3,2487,0.19,0.0,PROPN
grupo,no_calificado,baño,3,3,2487,0.19,0.0,NOUN
grupo,no_calificado,bbc,3,3,2487,0.19,0.0,PROPN
grupo,no_calificado,bell,3,2,2487,0.19,0.0,ADJ
grupo,no_calificado,bellingham,3,3,2487,0.19,0.0,PROPN
grupo,no_calificado,bestia,3,3,2487,0.19,0.0,NOUN
grupo,no_calificado,billón,3,2,2487,0.19,0.0,NOUN
grupo,no_calificado,binario,3,3,2487,0.19,0.0,ADJ
grupo,no_calificado,blue,3,3,2487,-0.38,1.0,PROPN
grupo,no_calificado,boca,3,3,2487,0.19,0.0,NOUN
grupo,no_calificado,boreal,3,1,2487,0.19,0.0,ADJ
grupo,no_calificado,boreing,3,3,2487,0.19,0.0,PROPN
grupo,no_calificado,bot,3,3,2487,0.19,0.0,NOUN
grupo,no_calificado,bota,3,3,2487,0.19,0.0,NOUN
grupo,no_calificado,boursin,3,3,2487,-0.38,1.0,PROPN
grupo,no_calificado,británico,3,3,2487,0.19,0.0,ADJ
grupo,no_calificado,bro,3,3,2487,0.19,0.0,PROPN
grupo,no_calificado,brutal,3,3,2487,0.19,0.0,ADJ
grupo,no_calificado,béisbol,3,3,2487,0.19,0.0,NOUN
grupo,no_calificado,cabreado,3,3,2487,0.19,0.0,ADJ
grupo,no_calificado,camión,3,3,2487,0.19,0.0,NOUN
grupo,no_calificado,caps,3,2,2487,0.19,0.0,NOUN
grupo,no_calificado,característica,3,3,2487,0.19,0.0,NOUN
grupo,no_calificado,cartel,3,3,2487,0.19,0.0,NOUN
grupo,no_calificado,categorizado,3,3,2487,0.19,0.0,ADJ
grupo,no_calificado,católico,3,3,2487,0.19,0.0,ADJ
grupo,no_calificado,celebridad,3,2,2487,0.19,0.0,NOUN
grupo,no_calificado,cerebro,3,3,2487,0.19,0.0,NOUN
grupo,no_calificado,championship,3,3,2487,0.19,0.0,PROPN
grupo,no_calificado,chat,3,3,2487,-0.38,1.0,PROPN
grupo,no_calificado,chile,3,2,2487,0.19,0.0,PROPN
grupo,no_calificado,chili,3,2,2487,0.19,0.0,PROPN
grupo,no_calificado,chino,3,3,2487,0.19,0.0,ADJ
grupo,no_calificado,chiste,3,3,2487,0.19,0.0,NOUN
grupo,no_calificado,christopher,3,3,2487,0.19,0.0,PROPN
grupo,no_calificado,cine,3,3,2487,0.19,0.0,NOUN
grupo,no_calificado,cinta,3,3,2487,0.19,0.0,NOUN
grupo,no_calificado,civil,3,3,2487,0.19,0.0,ADJ
grupo,no_calificado,civilización,3,3,2487,-0.38,1.0,NOUN
grupo,no_calificado,clásico,3,3,2487,0.19,0.0,ADJ
grupo,no_calificado,comercio,3,3,2487,0.19,0.0,NOUN
grupo,no_calificado,competente,3,1,2487,0.19,0.0,ADJ
grupo,no_calificado,comportamiento,3,3,2487,0.19,0.0,NOUN
grupo,no_calificado,comunista,3,2,2487,0.19,0.0,PROPN
grupo,no_calificado,comunión,3,2,2487,0.19,0.0,NOUN
grupo,no_calificado,concepto,3,3,2487,0.19,0.0,NOUN
grupo,no_calificado,consejo,3,3,2487,0.19,0.0,NOUN
grupo,no_calificado,contacto,3,3,2487,0.19,0.0,NOUN
grupo,no_calificado,crawley,3,3,2487,0.19,0.0,PROPN
grupo,no_calificado,creación,3,3,2487,-0.38,1.0,NOUN
grupo,no_calificado,cremoso,3,3,2487,-0.38,1.0,ADJ
grupo,no_calificado,cristianismo,3,2,2487,0.19,0.0,NOUN
grupo,no_calificado,cristianos,3,3,2487,0.19,0.0,PROPN
grupo,no_calificado,croacia,3,3,2487,0.19,0.0,PROPN
grupo,no_calificado,crt,3,3,2487,0.19,0.0,PROPN
grupo,no_calificado,crítico,3,3,2487,0.19,0.0,ADJ
grupo,no_calificado,cuenta,3,3,2487,0.19,0.0,NOUN
grupo,no_calificado,cuidado,3,3,2487,-1.773,5.0,NOUN
grupo,no_calificado,culto,3,3,2487,0.19,0.0,NOUN
grupo,no_calificado,curiosidad,3,3,2487,0.19,0.0,NOUN
grupo,no_calificado,cóctel,3,2,2487,-0.38,1.0,NOUN
grupo,no_calificado,código,3,3,2487,0.19,0.0,NOUN
grupo,no_calificado,cómodo,3,2,2487,-0.38,1.0,ADJ
grupo,no_calificado,davies,3,3,2487,0.19,0.0,PROPN
grupo,no_calificado,day,3,3,2487,0.19,0.0,PROPN
grupo,no_calificado,debbie,3,2,2487,0.19,0.0,PROPN
grupo,no_calificado,deber,3,3,2487,0.19,0.0,NOUN
grupo,no_calificado,dedicado,3,3,2487,0.19,0.0,ADJ
grupo,no_calificado,defensa,3,3,2487,0.19,0.0,NOUN
grupo,no_calificado,defensor,3,2,2487,0.19,0.0,NOUN
grupo,no_calificado,delantero,3,3,2487,0.19,0.0,NOUN
grupo,no_calificado,deportivo,3,3,2487,0.19,0.0,ADJ
grupo,no_calificado,deprimente,3,2,2487,0.19,0.0,ADJ
grupo,no_calificado,desactualizado,3,3,2487,0.19,0.0,ADJ
grupo,no_calificado,desafío,3,3,2487,0.19,0.0,NOUN
grupo,no_calificado,desastre,3,3,2487,0.19,0.0,NOUN
grupo,no_calificado,desembolso,3,2,2487,0.19,0.0,NOUN
grupo,no_calificado,desfile,3,3,2487,0.19,0.0,NOUN
grupo,no_calificado,despedida,3,3,2487,-1.186,3.0,NOUN
grupo,no_calificado,dfw,3,3,2487,0.19,0.0,PROPN
grupo,no_calificado,dhalila,3,3,2487,0.19,0.0,ADJ
grupo,no_calificado,diario,3,2,2487,-0.38,1.0,NOUN
grupo,no_calificado,diego,3,2,2487,-0.822,2.0,PROPN
grupo,no_calificado,diet,3,3,2487,0.19,0.0,PROPN
grupo,no_calificado,dificultad,3,3,2487,0.19,0.0,NOUN
grupo,no_calificado,disneyland,3,3,2487,0.19,0.0,PROPN
grupo,no_calificado,divino,3,3,2487,0.19,0.0,ADJ
grupo,no_calificado,doblaje,3,2,2487,0.19,0.0,NOUN
grupo,no_calificado,doloroso,3,3,2487,0.19,0.0,ADJ
grupo,no_calificado,drum,3,3,2487,0.19,0.0,PROPN
grupo,no_calificado,dueño,3,2,2487,0.19,0.0,NOUN
grupo,no_calificado,débil,3,3,2487,0.19,0.0,ADJ
grupo,no_calificado,década,3,3,2487,0.19,0.0,NOUN
grupo,no_calificado,east,3,2,2487,0.19,0.0,PROPN
grupo,no_calificado,eco,3,3,2487,0.19,0.0,NOUN
grupo,no_calificado,efectivo,3,3,2487,0.19,0.0,NOUN
grupo,no_calificado,elección,3,3,2487,0.19,0.0,NOUN
grupo,no_calificado,electricidad,3,3,2487,0.19,0.0,NOUN
grupo,no_calificado,electronicmusic,3,3,2487,0.19,0.0,NOUN
grupo,no_calificado,elegante,3,3,2487,0.19,0.0,ADJ
grupo,no_calificado,eliminación,3,3,2487,0.19,0.0,NOUN
grupo,no_calificado,embarazado,3,2,2487,0.19,0.0,ADJ
grupo,no_calificado,encajado,3,1,2487,0.19,0.0,ADJ
grupo,no_calificado,enciclopedia,3,3,2487,0.19,0.0,NOUN
grupo,no_calificado,ensueño,3,2,2487,0.19,0.0,ADJ
grupo,no_calificado,entero,3,3,2487,0.19,0.0,ADJ
grupo,no_calificado,equivocado,3,3,2487,0.19,0.0,ADJ
grupo,no_calificado,escasez,3,3,2487,0.19,0.0,NOUN
grupo,no_calificado,espectacular,3,3,2487,0.19,0.0,ADJ
grupo,no_calificado,esperanza,3,3,2487,0.19,0.0,NOUN
grupo,no_calificado,esponjoso,3,1,2487,0.19,0.0,ADJ
grupo,no_calificado,estilo,3,3,2487,0.19,0.0,NOUN
grupo,no_calificado,estrella,3,2,2487,0.19,0.0,NOUN
grupo,no_calificado,estudio,3,3,2487,0.19,0.0,NOUN
grupo,no_calificado,estómago,3,3,2487,0.19,0.0,NOUN
grupo,no_calificado,etapa,3,3,2487,0.19,0.0,NOUN
grupo,no_calificado,etnia,3,3,2487,0.19,0.0,NOUN
grupo,no_calificado,evidencia,3,3,2487,0.19,0.0,NOUN
grupo,no_calificado,explosión,3,2,2487,0.19,0.0,PROPN
grupo,no_calificado,exposición,3,3,2487,-0.38,1.0,NOUN
grupo,no_calificado,factor,3,3,2487,0.19,0.0,NOUN
grupo,no_calificado,falso,3,3,2487,-0.38,1.0,ADJ
grupo,no_calificado,fans,3,3,2487,0.19,0.0,PROPN
grupo,no_calificado,fantástico,3,3,2487,0.19,0.0,ADJ
grupo,no_calificado,fat,3,3,2487,0.19,0.0,PROPN
grupo,no_calificado,fighters,3,3,2487,0.19,0.0,PROPN
grupo,no_calificado,fijo,3,3,2487,0.19,0.0,ADJ
grupo,no_calificado,filete,3,2,2487,0.19,0.0,NOUN
grupo,no_calificado,filosofía,3,2,2487,0.19,0.0,NOUN
grupo,no_calificado,floyd,3,3,2487,0.19,0.0,PROPN
grupo,no_calificado,foo,3,3,2487,0.19,0.0,PROPN
grupo,no_calificado,frase,3,3,2487,0.19,0.0,NOUN
grupo,no_calificado,freddy,3,3,2487,0.19,0.0,PROPN
grupo,no_calificado,fresco,3,3,2487,-0.38,1.0,ADJ
grupo,no_calificado,fuerza,3,3,2487,0.19,0.0,NOUN
grupo,no_calificado,físico,3,3,2487,0.19,0.0,ADJ
grupo,no_calificado,gato,3,3,2487,0.19,0.0,NOUN
grupo,no_calificado,georgia,3,3,2487,0.19,0.0,PROPN
grupo,no_calificado,gira,3,3,2487,0.19,0.0,NOUN
grupo,no_calificado,google,3,3,2487,0.19,0.0,PROPN
grupo,no_calificado,griega,3,3,2487,0.19,0.0,PROPN
grupo,no_calificado,grilled,3,2,2487,0.19,0.0,PROPN
grupo,no_calificado,grueso,3,3,2487,0.19,0.0,ADJ
grupo,no_calificado,haaland,3,2,2487,0.19,0.0,PROPN
grupo,no_calificado,habilidad,3,3,2487,0.19,0.0,NOUN
grupo,no_calificado,halloumi,3,3,2487,0.19,0.0,PROPN
grupo,no_calificado,hamburguesa,3,3,2487,0.19,0.0,NOUN
grupo,no_calificado,hamburguesas,3,3,2487,-1.186,3.0,PROPN
grupo,no_calificado,helado,3,3,2487,-0.822,2.0,ADJ
grupo,no_calificado,hilo,3,3,2487,0.19,0.0,NOUN
grupo,no_calificado,hockey,3,3,2487,0.19,0.0,NOUN
grupo,no_calificado,holanda,3,3,2487,0.19,0.0,PROPN
grupo,no_calificado,hollywood,3,3,2487,0.19,0.0,PROPN
grupo,no_calificado,horario,3,3,2487,-0.822,2.0,NOUN
grupo,no_calificado,hot,3,2,2487,-0.38,1.0,PROPN
grupo,no_calificado,hut,3,1,2487,0.19,0.0,PROPN
grupo,no_calificado,ideología,3,3,2487,0.19,0.0,NOUN
grupo,no_calificado,idiota,3,3,2487,0.19,0.0,NOUN
grupo,no_calificado,ilimitado,3,3,2487,0.19,0.0,ADJ
grupo,no_calificado,imbécil,3,3,2487,-0.38,1.0,NOUN
grupo,no_calificado,incorrecto,3,3,2487,0.19,0.0,ADJ
grupo,no_calificado,informe,3,3,2487,0.19,0.0,NOUN
grupo,no_calificado,insulto,3,2,2487,0.19,0.0,NOUN
grupo,no_calificado,internacional,3,3,2487,-0.38,1.0,ADJ
grupo,no_calificado,interno,3,3,2487,0.19,0.0,ADJ
grupo,no_calificado,ironside,3,3,2487,0.19,0.0,PROPN
grupo,no_calificado,islam,3,2,2487,0.19,0.0,PROPN
grupo,no_calificado,israelí,3,3,2487,0.19,0.0,ADJ
grupo,no_calificado,itv,3,3,2487,0.19,0.0,PROPN
grupo,no_calificado,james,3,3,2487,0.19,0.0,PROPN
grupo,no_calificado,java,3,3,2487,0.19,0.0,PROPN
grupo,no_calificado,jimmy,3,1,2487,0.19,0.0,PROPN
grupo,no_calificado,joda,3,1,2487,-0.38,1.0,PROPN
grupo,no_calificado,joe,3,3,2487,0.19,0.0,PROPN
grupo,no_calificado,john,3,3,2487,0.19,0.0,PROPN
grupo,no_calificado,jueves,3,3,2487,0.19,0.0,NOUN
grupo,no_calificado,juguete,3,2,2487,0.19,0.0,NOUN
grupo,no_calificado,junio,3,3,2487,0.19,0.0,NOUN
grupo,no_calificado,justicia,3,3,2487,0.19,0.0,NOUN
grupo,no_calificado,kawasaki,3,2,2487,0.19,0.0,PROPN
grupo,no_calificado,kelly,3,2,2487,0.19,0.0,PROPN
grupo,no_calificado,kenneh,3,3,2487,0.19,0.0,PROPN
grupo,no_calificado,kilo,3,2,2487,0.19,0.0,NOUN
grupo,no_calificado,lento,3,3,2487,0.19,0.0,ADJ
grupo,no_calificado,limitado,3,3,2487,0.19,0.0,ADJ
grupo,no_calificado,live,3,3,2487,0.19,0.0,PROPN
grupo,no_calificado,llamada,3,3,2487,0.19,0.0,NOUN
grupo,no_calificado,lmao,3,3,2487,0.19,0.0,PROPN
grupo,no_calificado,lote,3,3,2487,0.19,0.0,NOUN
grupo,no_calificado,líder,3,3,2487,0.19,0.0,NOUN
grupo,no_calificado,lógica,3,3,2487,0.19,0.0,NOUN
grupo,no_calificado,mafia,3,2,2487,0.19,0.0,NOUN
grupo,no_calificado,mala,3,3,2487,0.19,0.0,ADJ
grupo,no_calificado,maldito,3,3,2487,-0.822,2.0,ADJ
grupo,no_calificado,maquillaje,3,3,2487,0.19,0.0,NOUN
grupo,no_calificado,mar,3,3,2487,-0.822,2.0,NOUN
grupo,no_calificado,marvell,3,2,2487,0.19,0.0,PROPN
grupo,no_calificado,marzo,3,3,2487,0.19,0.0,NOUN
grupo,no_calificado,masculino,3,3,2487,0.19,0.0,ADJ
grupo,no_calificado,mediocampo,3,3,2487,0.19,0.0,NOUN
grupo,no_calificado,mediodía,3,3,2487,0.19,0.0,NOUN
grupo,no_calificado,mediterráneo,3,3,2487,0.19,0.0,ADJ
grupo,no_calificado,mejora,3,3,2487,0.19,0.0,NOUN
grupo,no_calificado,memoria,3,2,2487,0.19,0.0,NOUN
grupo,no_calificado,menor,3,3,2487,0.19,0.0,ADJ
grupo,no_calificado,mentalidad,3,3,2487,-0.38,1.0,NOUN
grupo,no_calificado,mente,3,3,2487,0.19,0.0,NOUN
grupo,no_calificado,meta,3,3,2487,0.19,0.0,NOUN
grupo,no_calificado,michael,3,3,2487,0.19,0.0,PROPN
grupo,no_calificado,miembro,3,3,2487,0.19,0.0,NOUN
grupo,no_calificado,miller,3,3,2487,0.19,0.0,PROPN
grupo,no_calificado,milwaukee,3,3,2487,0.19,0.0,PROPN
grupo,no_calificado,mind,3,2,2487,0.19,0.0,PROPN
grupo,no_calificado,mindful,3,3,2487,0.19,0.0,PROPN
grupo,no_calificado,miso,3,3,2487,0.19,0.0,NOUN
grupo,no_calificado,missy,3,3,2487,0.19,0.0,PROPN
grupo,no_calificado,monae,3,3,2487,0.19,0.0,PROPN
grupo,no_calificado,muchacho,3,3,2487,0.19,0.0,NOUN
grupo,no_calificado,máquina,3,3,2487,0.19,0.0,NOUN
grupo,no_calificado,máximo,3,3,2487,-0.38,1.0,ADJ
grupo,no_calificado,nervioso,3,3,2487,0.19,0.0,ADJ
grupo,no_calificado,new,3,3,2487,0.19,0.0,PROPN
grupo,no_calificado,norteamérica,3,2,2487,0.19,0.0,PROPN
grupo,no_calificado,noticia,3,3,2487,-0.822,2.0,NOUN
grupo,no_calificado,notificación,3,3,2487,0.19,0.0,NOUN
grupo,no_calificado,noveno,3,3,2487,0.19,0.0,ADJ
grupo,no_calificado,nvidia,3,3,2487,0.19,0.0,PROPN
grupo,no_calificado,observación,3,3,2487,0.19,0.0,NOUN
grupo,no_calificado,obtuso,3,3,2487,0.19,0.0,ADJ
grupo,no_calificado,octavo,3,3,2487,0.19,0.0,NOUN
grupo,no_calificado,oferta,3,3,2487,0.19,0.0,NOUN
grupo,no_calificado,opción,3,3,2487,0.19,0.0,NOUN
grupo,no_calificado,operación,3,3,2487,0.19,0.0,NOUN
grupo,no_calificado,orgullo,3,3,2487,0.19,0.0,NOUN
grupo,no_calificado,original,3,3,2487,0.19,0.0,ADJ
grupo,no_calificado,oscuro,3,3,2487,0.19,0.0,ADJ
grupo,no_calificado,palomita,3,3,2487,0.19,0.0,NOUN
grupo,no_calificado,panzanella,3,3,2487,0.19,0.0,PROPN
grupo,no_calificado,paquete,3,2,2487,0.19,0.0,NOUN
grupo,no_calificado,pareja,3,3,2487,-0.38,1.0,NOUN
grupo,no_calificado,particular,3,1,2487,0.19,0.0,ADJ
grupo,no_calificado,pasaporte,3,2,2487,0.19,0.0,NOUN
grupo,no_calificado,pasta,3,3,2487,0.19,0.0,NOUN
grupo,no_calificado,pastel,3,3,2487,0.19,0.0,NOUN
grupo,no_calificado,payaso,3,3,2487,0.19,0.0,NOUN
grupo,no_calificado,pegatina,3,3,2487,0.19,0.0,NOUN
grupo,no_calificado,peligroso,3,3,2487,0.19,0.0,ADJ
grupo,no_calificado,pelo,3,3,2487,0.19,0.0,NOUN
grupo,no_calificado,pelota,3,3,2487,0.19,0.0,NOUN
grupo,no_calificado,pendiente,3,3,2487,0.19,0.0,ADJ
grupo,no_calificado,pensamiento,3,2,2487,-0.38,1.0,NOUN
grupo,no_calificado,pep,3,3,2487,0.19,0.0,PROPN
grupo,no_calificado,perspectiva,3,3,2487,0.19,0.0,NOUN
grupo,no_calificado,picante,3,3,2487,0.19,0.0,ADJ
grupo,no_calificado,pizza,3,2,2487,0.19,0.0,NOUN
grupo,no_calificado,plantilla,3,3,2487,0.19,0.0,NOUN
grupo,no_calificado,población,3,3,2487,-0.38,1.0,NOUN
grupo,no_calificado,popper,3,3,2487,0.19,0.0,PROPN
grupo,no_calificado,portugal,3,3,2487,-0.38,1.0,PROPN
grupo,no_calificado,posibilidad,3,3,2487,0.19,0.0,NOUN
grupo,no_calificado,positivo,3,3,2487,0.19,0.0,ADJ
grupo,no_calificado,post,3,2,2487,0.19,0.0,NOUN
grupo,no_calificado,posterior,3,3,2487,-0.38,1.0,ADJ
grupo,no_calificado,postura,3,3,2487,0.19,0.0,NOUN
grupo,no_calificado,presentación,3,2,2487,0.19,0.0,NOUN
grupo,no_calificado,presión,3,3,2487,0.19,0.0,NOUN
grupo,no_calificado,probable,3,3,2487,0.19,0.0,ADJ
grupo,no_calificado,profesor,3,3,2487,0.19,0.0,NOUN
grupo,no_calificado,propenso,3,3,2487,0.19,0.0,ADJ
grupo,no_calificado,quicio,3,3,2487,0.19,0.0,NOUN
grupo,no_calificado,racista,3,2,2487,0.19,0.0,ADJ
grupo,no_calificado,rasgo,3,3,2487,0.19,0.0,NOUN
grupo,no_calificado,rastreador,3,3,2487,0.19,0.0,NOUN
grupo,no_calificado,reacción,3,3,2487,0.19,0.0,NOUN
grupo,no_calificado,reembolso,3,3,2487,0.19,0.0,NOUN
grupo,no_calificado,reformador,3,3,2487,0.19,0.0,NOUN
grupo,no_calificado,refrescante,3,3,2487,0.19,0.0,ADJ
grupo,no_calificado,religión,3,3,2487,0.19,0.0,NOUN
grupo,no_calificado,rentable,3,3,2487,0.19,0.0,ADJ
grupo,no_calificado,repentino,3,3,2487,0.19,0.0,ADJ
grupo,no_calificado,reservé,3,3,2487,0.19,0.0,PROPN
grupo,no_calificado,residencial,3,3,2487,0.19,0.0,ADJ
grupo,no_calificado,resuelto,3,3,2487,0.19,0.0,ADJ
grupo,no_calificado,retardado,3,3,2487,0.19,0.0,ADJ
grupo,no_calificado,revolución,3,3,2487,0.19,0.0,NOUN
grupo,no_calificado,rock,3,3,2487,0.19,0.0,PROPN
grupo,no_calificado,romano,3,3,2487,0.19,0.0,PROPN
grupo,no_calificado,romántico,3,3,2487,0.19,0.0,ADJ
grupo,no_calificado,rúcula,3,3,2487,0.19,0.0,PROPN
grupo,no_calificado,sabroso,3,3,2487,0.19,0.0,ADJ
grupo,no_calificado,salad,3,3,2487,0.19,0.0,PROPN
grupo,no_calificado,salario,3,3,2487,0.19,0.0,NOUN
grupo,no_calificado,salsa,3,3,2487,-1.498,4.0,NOUN
grupo,no_calificado,salud,3,3,2487,-0.38,1.0,NOUN
grupo,no_calificado,sam,3,3,2487,0.19,0.0,PROPN
grupo,no_calificado,sartén,3,3,2487,0.19,0.0,PROPN
grupo,no_calificado,secta,3,2,2487,0.19,0.0,NOUN
grupo,no_calificado,secundario,3,3,2487,0.19,0.0,ADJ
grupo,no_calificado,seguido,3,3,2487,0.19,0.0,ADJ
grupo,no_calificado,semifinal,3,3,2487,0.19,0.0,NOUN
grupo,no_calificado,sensación,3,3,2487,0.19,0.0,NOUN
grupo,no_calificado,sentimiento,3,3,2487,0.19,0.0,NOUN
grupo,no_calificado,señora,3,3,2487,0.19,0.0,NOUN
grupo,no_calificado,shit,3,3,2487,0.19,0.0,PROPN
grupo,no_calificado,silencio,3,3,2487,0.19,0.0,NOUN
grupo,no_calificado,sim,3,1,2487,0.19,0.0,PROPN
grupo,no_calificado,similar,3,3,2487,0.19,0.0,ADJ
grupo,no_calificado,slim,3,3,2487,0.19,0.0,PROPN
grupo,no_calificado,snack,3,3,2487,0.19,0.0,NOUN
grupo,no_calificado,sonrisa,3,3,2487,0.19,0.0,NOUN
grupo,no_calificado,starbucks,3,3,2487,0.19,0.0,PROPN
grupo,no_calificado,sucio,3,3,2487,0.19,0.0,ADJ
grupo,no_calificado,suposición,3,3,2487,0.19,0.0,NOUN
grupo,no_calificado,swag,3,3,2487,0.19,0.0,PROPN
grupo,no_calificado,tabla,3,3,2487,0.19,0.0,NOUN
grupo,no_calificado,tampón,3,2,2487,0.19,0.0,NOUN
grupo,no_calificado,tanda,3,2,2487,0.19,0.0,NOUN
grupo,no_calificado,tasa,3,3,2487,0.19,0.0,NOUN
grupo,no_calificado,tatuaje,3,3,2487,-0.38,1.0,NOUN
grupo,no_calificado,tech,3,3,2487,0.19,0.0,PROPN
grupo,no_calificado,tecnológico,3,3,2487,0.19,0.0,PROPN
grupo,no_calificado,teléfono,3,3,2487,-1.186,3.0,NOUN
grupo,no_calificado,tensión,3,3,2487,0.19,0.0,NOUN
grupo,no_calificado,teología,3,3,2487,0.19,0.0,NOUN
grupo,no_calificado,teta,3,3,2487,0.19,0.0,NOUN
grupo,no_calificado,tifón,3,3,2487,0.19,0.0,NOUN
grupo,no_calificado,times,3,3,2487,0.19,0.0,PROPN
grupo,no_calificado,toastie,3,2,2487,0.19,0.0,PROPN
grupo,no_calificado,tomate,3,3,2487,-0.38,1.0,NOUN
grupo,no_calificado,tomates,3,3,2487,0.19,0.0,PROPN
grupo,no_calificado,toque,3,3,2487,0.19,0.0,NOUN
grupo,no_calificado,torno,3,3,2487,0.19,0.0,NOUN
grupo,no_calificado,toro,3,3,2487,0.19,0.0,PROPN
grupo,no_calificado,totchos,3,1,2487,0.19,0.0,PROPN
grupo,no_calificado,tradicional,3,3,2487,0.19,0.0,ADJ
grupo,no_calificado,tradición,3,3,2487,0.19,0.0,NOUN
grupo,no_calificado,travel,3,3,2487,0.19,0.0,PROPN
grupo,no_calificado,trinitario,3,3,2487,0.19,0.0,ADJ
grupo,no_calificado,twitch,3,3,2487,0.19,0.0,PROPN
grupo,no_calificado,unidad,3,3,2487,0.19,0.0,NOUN
grupo,no_calificado,vale,3,3,2487,0.19,0.0,PROPN
grupo,no_calificado,verdadero,3,3,2487,0.19,0.0,ADJ
grupo,no_calificado,verdura,3,3,2487,0.19,0.0,NOUN
grupo,no_calificado,vibra,3,3,2487,0.19,0.0,NOUN
grupo,no_calificado,vibración,3,3,2487,0.19,0.0,NOUN
grupo,no_calificado,vino,3,3,2487,0.19,0.0,NOUN
grupo,no_calificado,visible,3,3,2487,-0.38,1.0,ADJ
grupo,no_calificado,visión,3,3,2487,0.19,0.0,NOUN
grupo,no_calificado,voluntad,3,3,2487,0.19,0.0,NOUN
grupo,no_calificado,válido,3,3,2487,0.19,0.0,ADJ
grupo,no_calificado,waymo,3,2,2487,0.19,0.0,PROPN
grupo,no_calificado,wilks,3,2,2487,0.19,0.0,PROPN
grupo,no_calificado,wow,3,3,2487,-0.38,1.0,PROPN
grupo,no_calificado,yes,3,3,2487,0.19,0.0,PROPN
grupo,no_calificado,yeshua,3,2,2487,0.19,0.0,PROPN
grupo,no_calificado,yogur,3,3,2487,-0.38,1.0,NOUN
grupo,no_calificado,youtube,3,3,2487,0.19,0.0,PROPN
grupo,no_calificado,zorra,3,3,2487,0.19,0.0,NOUN
grupo,no_calificado,árbitro,3,3,2487,0.19,0.0,NOUN
grupo,no_calificado,étnico,3,3,2487,0.19,0.0,ADJ
grupo,no_calificado,abg,2,2,2487,,,PROPN
grupo,no_calificado,abono,2,2,2487,,,NOUN
grupo,no_calificado,abstinencia,2,2,2487,,,NOUN
grupo,no_calificado,abuela,2,2,2487,,,NOUN
grupo,no_calificado,académico,2,2,2487,,,NOUN
grupo,no_calificado,acerca,2,2,2487,,,NOUN
grupo,no_calificado,acompañamiento,2,2,2487,,,NOUN
grupo,no_calificado,acres,2,2,2487,,,NOUN
grupo,no_calificado,actor,2,1,2487,,,NOUN
grupo,no_calificado,actriz,2,1,2487,,,NOUN
grupo,no_calificado,acusación,2,2,2487,,,NOUN
grupo,no_calificado,adicional,2,2,2487,,,ADJ
grupo,no_calificado,administración,2,2,2487,,,NOUN
grupo,no_calificado,adquisición,2,2,2487,,,NOUN
grupo,no_calificado,afiliación,2,2,2487,,,NOUN
grupo,no_calificado,afiliado,2,2,2487,,,ADJ
grupo,no_calificado,afortunado,2,2,2487,,,ADJ
grupo,no_calificado,africano,2,2,2487,,,ADJ
grupo,no_calificado,agosto,2,2,2487,,,NOUN
grupo,no_calificado,agotado,2,2,2487,,,ADJ
grupo,no_calificado,agotador,2,2,2487,,,ADJ
grupo,no_calificado,aguacate,2,2,2487,-0.501,1.0,NOUN
grupo,no_calificado,agujero,2,2,2487,,,NOUN
grupo,no_calificado,agustín,2,1,2487,,,PROPN
grupo,no_calificado,air,2,2,2487,-0.501,1.0,PROPN
grupo,no_calificado,airbnb,2,2,2487,-0.501,1.0,PROPN
grupo,no_calificado,alcance,2,2,2487,-0.501,1.0,NOUN
grupo,no_calificado,alemán,2,2,2487,,,ADJ
grupo,no_calificado,alerta,2,2,2487,-0.501,1.0,NOUN
grupo,no_calificado,alojamiento,2,2,2487,,,NOUN
grupo,no_calificado,amenaza,2,2,2487,,,NOUN
grupo,no_calificado,amos,2,2,2487,,,PROPN
grupo,no_calificado,anciano,2,2,2487,,,NOUN
grupo,no_calificado,androide,2,2,2487,,,NOUN
grupo,no_calificado,anime,2,2,2487,,,NOUN
grupo,no_calificado,anthony,2,2,2487,,,PROPN
grupo,no_calificado,anual,2,2,2487,,,ADJ
grupo,no_calificado,aprecio,2,2,2487,,,NOUN
grupo,no_calificado,aprendido,2,2,2487,,,ADJ
grupo,no_calificado,aprendizaje,2,2,2487,,,NOUN
grupo,no_calificado,apóstol,2,2,2487,,,NOUN
grupo,no_calificado,area,2,2,2487,,,PROPN
grupo,no_calificado,argies,2,2,2487,,,PROPN
grupo,no_calificado,aristóteles,2,2,2487,,,PROPN
grupo,no_calificado,armie,2,2,2487,,,PROPN
grupo,no_calificado,arroz,2,2,2487,-0.968,2.0,NOUN
grupo,no_calificado,asia,2,2,2487,,,PROPN
grupo,no_calificado,asociado,2,2,2487,,,ADJ
grupo,no_calificado,aspirante,2,2,2487,,,NOUN
grupo,no_calificado,astros,2,2,2487,,,PROPN
grupo,no_calificado,ataque,2,2,2487,-0.501,1.0,NOUN
grupo,no_calificado,audiencia,2,2,2487,,,NOUN
grupo,no_calificado,ayanna,2,2,2487,,,ADJ
grupo,no_calificado,azteca,2,2,2487,-2.164,6.0,PROPN
grupo,no_calificado,azúcar,2,2,2487,,,NOUN
grupo,no_calificado,años,2,2,2487,,,PROPN
grupo,no_calificado,bachi,2,1,2487,,,PROPN
grupo,no_calificado,baguettes,2,2,2487,,,PROPN
grupo,no_calificado,bancario,2,2,2487,,,ADJ
grupo,no_calificado,barbacoa,2,2,2487,,,PROPN
grupo,no_calificado,barbie,2,2,2487,,,PROPN
grupo,no_calificado,barnet,2,2,2487,,,PROPN
grupo,no_calificado,barrera,2,2,2487,,,NOUN
grupo,no_calificado,barrio,2,2,2487,,,NOUN
grupo,no_calificado,batch,2,2,2487,,,PROPN
grupo,no_calificado,batido,2,1,2487,,,NOUN
grupo,no_calificado,bautista,2,2,2487,,,PROPN
grupo,no_calificado,bean,2,1,2487,,,PROPN
grupo,no_calificado,beattheheat,2,2,2487,,,NOUN
grupo,no_calificado,ben,2,2,2487,,,PROPN
grupo,no_calificado,beneficio,2,2,2487,,,NOUN
grupo,no_calificado,berry,2,2,2487,,,PROPN
grupo,no_calificado,beskar,2,2,2487,,,PROPN
grupo,no_calificado,biblioteca,2,2,2487,,,NOUN
grupo,no_calificado,bienestar,2,2,2487,,,NOUN
grupo,no_calificado,big,2,2,2487,,,PROPN
grupo,no_calificado,bismarck,2,1,2487,,,PROPN
grupo,no_calificado,black,2,2,2487,,,PROPN
grupo,no_calificado,blanca,2,2,2487,,,PROPN
grupo,no_calificado,blando,2,2,2487,,,ADJ
grupo,no_calificado,bocadillo,2,2,2487,,,NOUN
grupo,no_calificado,boceto,2,2,2487,,,NOUN
grupo,no_calificado,boy,2,2,2487,-0.501,1.0,PROPN
grupo,no_calificado,bread,2,1,2487,,,PROPN
grupo,no_calificado,brecha,2,2,2487,,,NOUN
grupo,no_calificado,brown,2,2,2487,,,PROPN
grupo,no_calificado,bruja,2,2,2487,,,NOUN
grupo,no_calificado,bruto,2,2,2487,,,NOUN
grupo,no_calificado,buckeye,2,2,2487,,,PROPN
grupo,no_calificado,buffalo,2,2,2487,,,PROPN
grupo,no_calificado,burrito,2,2,2487,-0.501,1.0,PROPN
grupo,no_calificado,burritos,2,2,2487,,,PROPN
grupo,no_calificado,but,2,2,2487,,,PROPN
grupo,no_calificado,caballo,2,2,2487,,,ADJ
grupo,no_calificado,cabra,2,2,2487,,,NOUN
grupo,no_calificado,calificación,2,2,2487,,,NOUN
grupo,no_calificado,calumnia,2,2,2487,,,NOUN
grupo,no_calificado,camarera,2,1,2487,,,PROPN
grupo,no_calificado,campamento,2,2,2487,,,NOUN
grupo,no_calificado,campeona,2,2,2487,,,NOUN
grupo,no_calificado,can,2,2,2487,,,PROPN
grupo,no_calificado,canal,2,2,2487,-0.501,1.0,NOUN
grupo,no_calificado,cannes,2,2,2487,,,PROPN
grupo,no_calificado,cant,2,2,2487,,,NOUN
grupo,no_calificado,cantina,2,2,2487,-1.649,4.0,NOUN
grupo,no_calificado,cap,2,2,2487,,,PROPN
grupo,no_calificado,capacidad,2,2,2487,-0.501,1.0,NOUN
grupo,no_calificado,capitana,2,1,2487,,,PROPN
grupo,no_calificado,capitán,2,2,2487,,,NOUN
grupo,no_calificado,carajo,2,2,2487,,,NOUN
grupo,no_calificado,cariño,2,2,2487,,,NOUN
grupo,no_calificado,caro,2,2,2487,-0.501,1.0,ADJ
grupo,no_calificado,carretera,2,2,2487,,,NOUN
grupo,no_calificado,carácter,2,2,2487,,,NOUN
grupo,no_calificado,cat,2,1,2487,,,PROPN
grupo,no_calificado,caída,2,2,2487,,,NOUN
grupo,no_calificado,caído,2,2,2487,,,ADJ
grupo,no_calificado,celebrar,2,2,2487,,,PROPN
grupo,no_calificado,celular,2,2,2487,,,NOUN
grupo,no_calificado,cercano,2,2,2487,-0.501,1.0,ADJ
grupo,no_calificado,charlotte,2,2,2487,,,PROPN
grupo,no_calificado,chatgpt,2,2,2487,,,PROPN
grupo,no_calificado,chattanooga,2,2,2487,,,NOUN
grupo,no_calificado,cheese,2,2,2487,,,PROPN
grupo,no_calificado,cheesy,2,2,2487,-0.501,1.0,PROPN
grupo,no_calificado,chemicals,2,2,2487,,,PROPN
grupo,no_calificado,chiikawa,2,1,2487,,,PROPN
grupo,no_calificado,chud,2,2,2487,,,PROPN
grupo,no_calificado,cita,2,2,2487,,,NOUN
grupo,no_calificado,clasificación,2,1,2487,,,NOUN
grupo,no_calificado,clavo,2,2,2487,,,NOUN
grupo,no_calificado,clic,2,2,2487,,,NOUN
grupo,no_calificado,cliente,2,2,2487,,,NOUN
grupo,no_calificado,clima,2,2,2487,,,NOUN
grupo,no_calificado,cmo,2,2,2487,,,PROPN
grupo,no_calificado,cnn,2,2,2487,,,PROPN
grupo,no_calificado,coca,2,2,2487,,,PROPN
grupo,no_calificado,cognitivo,2,2,2487,,,ADJ
grupo,no_calificado,cojín,2,2,2487,,,NOUN
grupo,no_calificado,coke,2,2,2487,,,PROPN
grupo,no_calificado,cokes,2,2,2487,,,PROPN
grupo,no_calificado,cola,2,2,2487,,,NOUN
grupo,no_calificado,collab,2,2,2487,,,PROPN
grupo,no_calificado,colmo,2,2,2487,,,NOUN
grupo,no_calificado,color,2,2,2487,-0.501,1.0,PROPN
grupo,no_calificado,columbus,2,2,2487,,,PROPN
grupo,no_calificado,combate,2,2,2487,,,PROPN
grupo,no_calificado,combatiente,2,2,2487,,,NOUN
grupo,no_calificado,comentarista,2,2,2487,,,NOUN
grupo,no_calificado,coming,2,2,2487,,,PROPN
grupo,no_calificado,compacto,2,2,2487,,,ADJ
grupo,no_calificado,compartido,2,2,2487,,,ADJ
grupo,no_calificado,competidor,2,2,2487,,,NOUN
grupo,no_calificado,complejo,2,2,2487,,,NOUN
grupo,no_calificado,completado,2,2,2487,,,ADJ
grupo,no_calificado,comunal,2,2,2487,,,PROPN
grupo,no_calificado,concentrado,2,2,2487,-0.501,1.0,ADJ
grupo,no_calificado,concierto,2,2,2487,,,NOUN
grupo,no_calificado,concurso,2,2,2487,,,NOUN
grupo,no_calificado,conductor,2,2,2487,,,NOUN
grupo,no_calificado,conejo,2,2,2487,,,NOUN
grupo,no_calificado,configuración,2,2,2487,,,NOUN
grupo,no_calificado,confundido,2,2,2487,,,ADJ
grupo,no_calificado,congo,2,2,2487,,,PROPN
grupo,no_calificado,conjunto,2,2,2487,,,NOUN
grupo,no_calificado,conocido,2,2,2487,,,ADJ
grupo,no_calificado,conocimiento,2,2,2487,,,NOUN
grupo,no_calificado,consenso,2,2,2487,,,NOUN
grupo,no_calificado,contexto,2,2,2487,,,NOUN
grupo,no_calificado,contratación,2,1,2487,,,NOUN
grupo,no_calificado,contrato,2,2,2487,,,NOUN
grupo,no_calificado,controvertido,2,2,2487,,,ADJ
grupo,no_calificado,coraje,2,2,2487,,,NOUN
grupo,no_calificado,corea,2,2,2487,,,PROPN
grupo,no_calificado,corn,2,2,2487,-0.968,2.0,PROPN
grupo,no_calificado,corro,2,1,2487,,,PROPN
grupo,no_calificado,corsé,2,1,2487,,,PROPN
grupo,no_calificado,corto,2,2,2487,,,ADJ
grupo,no_calificado,creador,2,2,2487,,,NOUN
grupo,no_calificado,credencial,2,2,2487,,,NOUN
grupo,no_calificado,crimen,2,2,2487,,,NOUN
grupo,no_calificado,cristiana,2,2,2487,,,PROPN
grupo,no_calificado,croatia,2,2,2487,,,PROPN
grupo,no_calificado,crostini,2,2,2487,-0.501,1.0,PROPN
grupo,no_calificado,crujient,2,2,2487,-0.501,1.0,ADJ
grupo,no_calificado,crujiente,2,2,2487,,,ADJ
grupo,no_calificado,cuadrado,2,2,2487,,,ADJ
grupo,no_calificado,cuarta,2,2,2487,,,ADJ
grupo,no_calificado,cuchillo,2,2,2487,,,NOUN
grupo,no_calificado,cuello,2,2,2487,,,NOUN
grupo,no_calificado,culpable,2,2,2487,,,ADJ
grupo,no_calificado,cup,2,2,2487,,,PROPN
grupo,no_calificado,curioso,2,2,2487,,,ADJ
grupo,no_calificado,curso,2,2,2487,,,NOUN
grupo,no_calificado,cuscús,2,2,2487,,,NOUN
grupo,no_calificado,cuádruplex,2,2,2487,,,NOUN
grupo,no_calificado,dai,2,1,2487,,,PROPN
grupo,no_calificado,daily,2,2,2487,,,PROPN
grupo,no_calificado,damn,2,2,2487,,,PROPN
grupo,no_calificado,dank,2,2,2487,,,PROPN
grupo,no_calificado,dartmouth,2,2,2487,,,PROPN
grupo,no_calificado,ddlc,2,1,2487,,,PROPN
grupo,no_calificado,debate,2,2,2487,,,NOUN
grupo,no_calificado,decamillonario,2,2,2487,,,NOUN
grupo,no_calificado,decente,2,2,2487,,,ADJ
grupo,no_calificado,decks,2,1,2487,,,PROPN
grupo,no_calificado,declarado,2,2,2487,,,ADJ
grupo,no_calificado,dedo,2,2,2487,-0.501,1.0,NOUN
grupo,no_calificado,defensivo,2,2,2487,,,ADJ
grupo,no_calificado,definición,2,2,2487,,,NOUN
grupo,no_calificado,degenero,2,2,2487,,,ADJ
grupo,no_calificado,delantera,2,2,2487,,,NOUN
grupo,no_calificado,deliciosa,2,2,2487,-0.501,1.0,ADJ
grupo,no_calificado,deluxe,2,2,2487,,,PROPN
grupo,no_calificado,dembélé,2,2,2487,,,PROPN
grupo,no_calificado,demon,2,2,2487,,,PROPN
grupo,no_calificado,denominación,2,2,2487,,,NOUN
grupo,no_calificado,deporte,2,2,2487,,,NOUN
grupo,no_calificado,desafortunado,2,2,2487,,,ADJ
grupo,no_calificado,descontrolarte,2,2,2487,,,NOUN
grupo,no_calificado,descuento,2,2,2487,,,NOUN
grupo,no_calificado,despertar,2,2,2487,,,PROPN
grupo,no_calificado,despierto,2,2,2487,,,ADJ
grupo,no_calificado,destacado,2,2,2487,,,ADJ
grupo,no_calificado,destrucción,2,2,2487,,,NOUN
grupo,no_calificado,detalle,2,2,2487,,,NOUN
grupo,no_calificado,detractor,2,2,2487,,,NOUN
grupo,no_calificado,dicho,2,2,2487,,,ADJ
grupo,no_calificado,dictadura,2,2,2487,,,NOUN
grupo,no_calificado,dip,2,2,2487,-0.501,1.0,NOUN
grupo,no_calificado,dirección,2,2,2487,,,NOUN
grupo,no_calificado,discernimiento,2,2,2487,,,NOUN
grupo,no_calificado,disculpa,2,2,2487,,,NOUN
grupo,no_calificado,diseñado,2,2,2487,,,ADJ
grupo,no_calificado,disidente,2,2,2487,,,ADJ
grupo,no_calificado,dispuesto,2,2,2487,,,ADJ
grupo,no_calificado,distinto,2,2,2487,,,ADJ
grupo,no_calificado,diversidad,2,2,2487,,,NOUN
grupo,no_calificado,diversión,2,2,2487,-0.968,2.0,NOUN
grupo,no_calificado,dlc,2,2,2487,,,NOUN
grupo,no_calificado,donald,2,2,2487,,,PROPN
grupo,no_calificado,dormido,2,2,2487,,,ADJ
grupo,no_calificado,dorset,2,2,2487,,,PROPN
grupo,no_calificado,dudoso,2,2,2487,,,ADJ
grupo,no_calificado,dólar,2,2,2487,,,NOUN
grupo,no_calificado,economy,2,1,2487,,,PROPN
grupo,no_calificado,economía,2,2,2487,,,NOUN
grupo,no_calificado,educación,2,2,2487,,,PROPN
grupo,no_calificado,edwards,2,2,2487,,,PROPN
grupo,no_calificado,ejercicio,2,2,2487,,,NOUN
grupo,no_calificado,ejército,2,2,2487,,,NOUN
grupo,no_calificado,eliminatoria,2,1,2487,,,NOUN
grupo,no_calificado,elizabeth,2,1,2487,,,PROPN
grupo,no_calificado,empate,2,2,2487,,,NOUN
grupo,no_calificado,encantador,2,2,2487,,,ADJ
grupo,no_calificado,enclaustrado,2,2,2487,,,ADJ
grupo,no_calificado,encurtido,2,2,2487,,,ADJ
grupo,no_calificado,end,2,2,2487,,,PROPN
grupo,no_calificado,endiablado,2,2,2487,-0.501,1.0,ADJ
grupo,no_calificado,enemigo,2,2,2487,-0.501,1.0,NOUN
grupo,no_calificado,enemy,2,2,2487,,,PROPN
grupo,no_calificado,enfadado,2,2,2487,,,ADJ
grupo,no_calificado,enlacé,2,2,2487,,,NOUN
grupo,no_calificado,enseñanza,2,2,2487,,,NOUN
grupo,no_calificado,entrepierna,2,1,2487,,,NOUN
grupo,no_calificado,entusiasta,2,2,2487,,,ADJ
grupo,no_calificado,equipación,2,2,2487,,,NOUN
grupo,no_calificado,escandaloso,2,2,2487,,,ADJ
grupo,no_calificado,escapada,2,2,2487,,,NOUN
grupo,no_calificado,esclavo,2,2,2487,,,NOUN
grupo,no_calificado,escocés,2,2,2487,,,ADJ
grupo,no_calificado,escolar,2,2,2487,,,ADJ
grupo,no_calificado,esfera,2,2,2487,,,NOUN
grupo,no_calificado,esim,2,1,2487,,,PROPN
grupo,no_calificado,espectador,2,2,2487,-0.501,1.0,NOUN
grupo,no_calificado,esperado,2,2,2487,,,ADJ
grupo,no_calificado,espero,2,2,2487,,,ADJ
grupo,no_calificado,espinaca,2,2,2487,,,NOUN
grupo,no_calificado,espárrago,2,1,2487,,,NOUN
grupo,no_calificado,espíritu,2,2,2487,,,NOUN
grupo,no_calificado,estación,2,2,2487,,,NOUN
grupo,no_calificado,estafador,2,2,2487,-0.968,2.0,NOUN
grupo,no_calificado,estancia,2,2,2487,,,NOUN
grupo,no_calificado,estate,2,2,2487,,,PROPN
grupo,no_calificado,estructura,2,2,2487,,,NOUN
grupo,no_calificado,eurocopa,2,2,2487,,,PROPN
grupo,no_calificado,evangélico,2,2,2487,,,ADJ
grupo,no_calificado,everyone,2,2,2487,,,PROPN
grupo,no_calificado,excavadora,2,2,2487,,,NOUN
grupo,no_calificado,exhibición,2,2,2487,,,NOUN
grupo,no_calificado,expresión,2,2,2487,,,NOUN
grupo,no_calificado,extraordinario,2,2,2487,,,ADJ
grupo,no_calificado,fab,2,2,2487,,,PROPN
grupo,no_calificado,factura,2,2,2487,,,NOUN
grupo,no_calificado,falacia,2,2,2487,,,NOUN
grupo,no_calificado,familiarizado,2,2,2487,,,ADJ
grupo,no_calificado,fantasía,2,2,2487,,,NOUN
grupo,no_calificado,farris,2,2,2487,,,PROPN
grupo,no_calificado,favorecedor,2,2,2487,,,ADJ
grupo,no_calificado,febrero,2,2,2487,,,NOUN
grupo,no_calificado,felicidades,2,2,2487,,,PROPN
grupo,no_calificado,figura,2,2,2487,,,NOUN
grupo,no_calificado,finalización,2,2,2487,,,NOUN
grupo,no_calificado,financiación,2,2,2487,,,NOUN
grupo,no_calificado,finanza,2,2,2487,,,NOUN
grupo,no_calificado,finley,2,2,2487,,,PROPN
grupo,no_calificado,foods,2,2,2487,,,PROPN
grupo,no_calificado,formación,2,2,2487,,,NOUN
grupo,no_calificado,franklin,2,1,2487,,,PROPN
grupo,no_calificado,franquicia,2,2,2487,,,NOUN
grupo,no_calificado,fuck,2,2,2487,,,PROPN
grupo,no_calificado,fucking,2,2,2487,,,PROPN
grupo,no_calificado,fuzzy,2,1,2487,,,PROPN
grupo,no_calificado,fábrica,2,2,2487,,,NOUN
grupo,no_calificado,ganancia,2,2,2487,,,NOUN
grupo,no_calificado,garantizado,2,2,2487,,,ADJ
grupo,no_calificado,garlic,2,1,2487,,,PROPN
grupo,no_calificado,gemelo,2,2,2487,,,NOUN
grupo,no_calificado,gen,2,2,2487,,,PROPN
grupo,no_calificado,gestión,2,2,2487,,,PROPN
grupo,no_calificado,gesto,2,2,2487,,,NOUN
grupo,no_calificado,goku,2,2,2487,,,PROPN
grupo,no_calificado,golf,2,2,2487,,,NOUN
grupo,no_calificado,gordon,2,2,2487,,,PROPN
grupo,no_calificado,gorra,2,2,2487,,,NOUN
grupo,no_calificado,goya,2,2,2487,,,PROPN
grupo,no_calificado,graham,2,2,2487,,,PROPN
grupo,no_calificado,grasa,2,2,2487,,,NOUN
grupo,no_calificado,grave,2,2,2487,-0.501,1.0,ADJ
grupo,no_calificado,greear,2,1,2487,,,PROPN
grupo,no_calificado,guapo,2,2,2487,,,ADJ
grupo,no_calificado,hall,2,2,2487,,,PROPN
grupo,no_calificado,hammer,2,2,2487,,,ADJ
grupo,no_calificado,harry,2,2,2487,,,PROPN
grupo,no_calificado,hebreo,2,1,2487,,,NOUN
grupo,no_calificado,hicimos,2,2,2487,,,PROPN
grupo,no_calificado,histórico,2,2,2487,,,ADJ
grupo,no_calificado,hit,2,1,2487,,,PROPN
grupo,no_calificado,hitler,2,2,2487,,,PROPN
grupo,no_calificado,hms,2,1,2487,,,NOUN
grupo,no_calificado,hombro,2,2,2487,,,NOUN
grupo,no_calificado,home,2,2,2487,,,PROPN
grupo,no_calificado,homies,2,2,2487,,,PROPN
grupo,no_calificado,hominem,2,2,2487,,,PROPN
grupo,no_calificado,horiatiki,2,2,2487,,,PROPN
grupo,no_calificado,horowitz,2,2,2487,,,PROPN
grupo,no_calificado,hospital,2,1,2487,,,PROPN
grupo,no_calificado,héroe,2,2,2487,,,NOUN
grupo,no_calificado,icónico,2,2,2487,,,ADJ
grupo,no_calificado,igualdad,2,2,2487,,,NOUN
grupo,no_calificado,impacto,2,2,2487,,,NOUN
grupo,no_calificado,impopular,2,2,2487,,,ADJ
grupo,no_calificado,importancia,2,2,2487,,,NOUN
grupo,no_calificado,imposible,2,2,2487,,,ADJ
grupo,no_calificado,impuesto,2,2,2487,,,NOUN
grupo,no_calificado,inactivo,2,2,2487,,,ADJ
grupo,no_calificado,incomprendido,2,2,2487,,,ADJ
grupo,no_calificado,industria,2,2,2487,,,NOUN
grupo,no_calificado,industrial,2,2,2487,,,ADJ
grupo,no_calificado,infancia,2,2,2487,-0.501,1.0,NOUN
grupo,no_calificado,inferior,2,2,2487,,,ADJ
grupo,no_calificado,ingeniero,2,2,2487,,,NOUN
grupo,no_calificado,ingreso,2,2,2487,,,NOUN
grupo,no_calificado,inicial,2,2,2487,,,ADJ
grupo,no_calificado,inmoral,2,1,2487,,,ADJ
grupo,no_calificado,inmundicia,2,2,2487,,,NOUN
grupo,no_calificado,inocente,2,2,2487,,,ADJ
grupo,no_calificado,inolvidable,2,2,2487,-0.501,1.0,ADJ
grupo,no_calificado,instante,2,2,2487,,,NOUN
grupo,no_calificado,intensivo,2,1,2487,,,ADJ
grupo,no_calificado,intenso,2,2,2487,-0.501,1.0,ADJ
grupo,no_calificado,interesante,2,2,2487,,,ADJ
grupo,no_calificado,intervención,2,2,2487,,,NOUN
grupo,no_calificado,inútil,2,2,2487,-0.501,1.0,ADJ
grupo,no_calificado,ipad,2,1,2487,,,NOUN
grupo,no_calificado,ira,2,2,2487,,,NOUN
grupo,no_calificado,irán,2,2,2487,,,PROPN
grupo,no_calificado,iso,2,2,2487,,,PROPN
grupo,no_calificado,israelita,2,2,2487,,,NOUN
grupo,no_calificado,italiano,2,2,2487,,,NOUN
grupo,no_calificado,jackson,2,2,2487,,,PROPN
grupo,no_calificado,jay,2,2,2487,,,PROPN
grupo,no_calificado,jedi,2,1,2487,,,PROPN
grupo,no_calificado,jefe,2,2,2487,,,NOUN
grupo,no_calificado,jensen,2,2,2487,,,PROPN
grupo,no_calificado,jodida,2,2,2487,,,PROPN
grupo,no_calificado,jodido,2,2,2487,,,ADJ
grupo,no_calificado,joel,2,2,2487,,,PROPN
grupo,no_calificado,jordan,2,2,2487,,,PROPN
grupo,no_calificado,joseph,2,2,2487,,,PROPN
grupo,no_calificado,juegos,2,2,2487,,,PROPN
grupo,no_calificado,jugado,2,2,2487,,,ADJ
grupo,no_calificado,july,2,2,2487,,,PROPN
grupo,no_calificado,juvenil,2,2,2487,,,ADJ
grupo,no_calificado,juventud,2,2,2487,,,NOUN
grupo,no_calificado,kai,2,2,2487,,,PROPN
grupo,no_calificado,kamakura,2,2,2487,,,PROPN
grupo,no_calificado,kazuma,2,2,2487,,,PROPN
grupo,no_calificado,keane,2,2,2487,,,PROPN
grupo,no_calificado,kompany,2,2,2487,,,PROPN
grupo,no_calificado,konza,2,2,2487,,,PROPN
grupo,no_calificado,kosher,2,2,2487,,,PROPN
grupo,no_calificado,kriff,2,2,2487,,,PROPN
grupo,no_calificado,land,2,1,2487,,,PROPN
grupo,no_calificado,lapso,2,2,2487,,,NOUN
grupo,no_calificado,lascivo,2,2,2487,,,ADJ
grupo,no_calificado,lección,2,2,2487,,,NOUN
grupo,no_calificado,legal,2,2,2487,,,ADJ
grupo,no_calificado,legendaria,2,2,2487,,,PROPN
grupo,no_calificado,lenteja,2,2,2487,-0.501,1.0,NOUN
grupo,no_calificado,lesión,2,2,2487,,,NOUN
grupo,no_calificado,levita,2,2,2487,,,NOUN
grupo,no_calificado,lgbt,2,2,2487,,,PROPN
grupo,no_calificado,libertad,2,2,2487,,,NOUN
grupo,no_calificado,ligero,2,2,2487,,,ADJ
grupo,no_calificado,like,2,2,2487,,,NOUN
grupo,no_calificado,limonada,2,2,2487,,,ADJ
grupo,no_calificado,limpio,2,2,2487,,,ADJ
grupo,no_calificado,liverpool,2,2,2487,,,PROPN
grupo,no_calificado,llama,2,1,2487,,,NOUN
grupo,no_calificado,llegada,2,2,2487,,,NOUN
grupo,no_calificado,logo,2,2,2487,,,NOUN
grupo,no_calificado,londres,2,2,2487,,,PROPN
grupo,no_calificado,ltc,2,2,2487,,,PROPN
grupo,no_calificado,lágrima,2,2,2487,,,NOUN
grupo,no_calificado,madueke,2,2,2487,,,PROPN
grupo,no_calificado,maduro,2,1,2487,,,ADJ
grupo,no_calificado,malvado,2,2,2487,,,ADJ
grupo,no_calificado,man,2,2,2487,,,PROPN
grupo,no_calificado,mancha,2,2,2487,,,NOUN
grupo,no_calificado,mandaloriano,2,1,2487,,,NOUN
grupo,no_calificado,mandamiento,2,2,2487,,,NOUN
grupo,no_calificado,manera,2,2,2487,,,NOUN
grupo,no_calificado,manila,2,1,2487,,,PROPN
grupo,no_calificado,mapa,2,2,2487,,,NOUN
grupo,no_calificado,marco,2,2,2487,,,NOUN
grupo,no_calificado,margarita,2,1,2487,,,NOUN
grupo,no_calificado,mark,2,2,2487,,,PROPN
grupo,no_calificado,marvel,2,2,2487,,,PROPN
grupo,no_calificado,mashup,2,2,2487,,,NOUN
grupo,no_calificado,mate,2,2,2487,,,PROPN
grupo,no_calificado,matiz,2,2,2487,,,NOUN
grupo,no_calificado,mayo,2,2,2487,,,NOUN
grupo,no_calificado,mayor,2,2,2487,-0.501,1.0,ADJ
grupo,no_calificado,mazorcas,2,2,2487,,,PROPN
grupo,no_calificado,mega,2,2,2487,,,NOUN
grupo,no_calificado,mentalmente,2,2,2487,,,NOUN
grupo,no_calificado,mentira,2,2,2487,,,NOUN
grupo,no_calificado,metafísico,2,2,2487,,,ADJ
grupo,no_calificado,metro,2,2,2487,-0.501,1.0,NOUN
grupo,no_calificado,mexico,2,2,2487,-2.385,7.0,PROPN
grupo,no_calificado,mini,2,2,2487,,,PROPN
grupo,no_calificado,mira,2,2,2487,,,NOUN
grupo,no_calificado,mirada,2,2,2487,-0.501,1.0,NOUN
grupo,no_calificado,miserable,2,2,2487,,,ADJ
grupo,no_calificado,miseria,2,2,2487,,,NOUN
grupo,no_calificado,misil,2,2,2487,,,NOUN
grupo,no_calificado,misión,2,2,2487,,,NOUN
grupo,no_calificado,misterio,2,2,2487,,,NOUN
grupo,no_calificado,mitch,2,2,2487,,,PROPN
grupo,no_calificado,mmm,2,2,2487,,,PROPN
grupo,no_calificado,mochila,2,2,2487,,,NOUN
grupo,no_calificado,mod,2,2,2487,,,NOUN
grupo,no_calificado,modelo,2,2,2487,,,NOUN
grupo,no_calificado,moisés,2,2,2487,,,PROPN
grupo,no_calificado,molesto,2,2,2487,,,ADJ
grupo,no_calificado,monstruo,2,2,2487,,,NOUN
grupo,no_calificado,moral,2,2,2487,-0.501,1.0,ADJ
grupo,no_calificado,moralidad,2,2,2487,,,NOUN
grupo,no_calificado,mormonismo,2,2,2487,,,NOUN
grupo,no_calificado,mormón,2,2,2487,,,NOUN
grupo,no_calificado,moses,2,2,2487,,,PROPN
grupo,no_calificado,motivo,2,2,2487,-0.501,1.0,NOUN
grupo,no_calificado,mudanza,2,2,2487,,,NOUN
grupo,no_calificado,mudo,2,2,2487,,,ADJ
grupo,no_calificado,multifamiliar,2,2,2487,,,ADJ
grupo,no_calificado,multimillonario,2,2,2487,,,NOUN
grupo,no_calificado,musulmán,2,2,2487,,,ADJ
grupo,no_calificado,método,2,2,2487,-0.501,1.0,NOUN
grupo,no_calificado,mínimo,2,2,2487,,,ADJ
grupo,no_calificado,múltiplo,2,2,2487,,,NOUN
grupo,no_calificado,nacionalismo,2,2,2487,,,NOUN
grupo,no_calificado,nakamura,2,2,2487,,,PROPN
grupo,no_calificado,naranja,2,2,2487,,,ADJ
grupo,no_calificado,nathan,2,2,2487,,,PROPN
grupo,no_calificado,natsuko,2,1,2487,,,PROPN
grupo,no_calificado,natural,2,2,2487,,,ADJ
grupo,no_calificado,nave,2,2,2487,,,NOUN
grupo,no_calificado,navegable,2,2,2487,,,ADJ
grupo,no_calificado,nazi,2,2,2487,,,NOUN
grupo,no_calificado,need,2,2,2487,,,PROPN
grupo,no_calificado,nikkei,2,2,2487,,,PROPN
grupo,no_calificado,noches,2,2,2487,,,PROPN
grupo,no_calificado,noruega,2,2,2487,,,PROPN
grupo,no_calificado,novia,2,2,2487,-0.501,1.0,NOUN
grupo,no_calificado,nube,2,2,2487,,,NOUN
grupo,no_calificado,nublado,2,2,2487,,,ADJ
grupo,no_calificado,obama,2,2,2487,,,PROPN
grupo,no_calificado,obsesionado,2,2,2487,,,ADJ
grupo,no_calificado,obsesión,2,2,2487,,,NOUN
grupo,no_calificado,odyssey,2,2,2487,,,PROPN
grupo,no_calificado,ohio,2,2,2487,,,PROPN
grupo,no_calificado,okamoto,2,2,2487,,,PROPN
grupo,no_calificado,oklahoma,2,2,2487,,,PROPN
grupo,no_calificado,okoro,2,2,2487,,,PROPN
grupo,no_calificado,operador,2,2,2487,,,NOUN
grupo,no_calificado,orden,2,2,2487,-0.968,2.0,NOUN
grupo,no_calificado,ordenador,2,1,2487,,,NOUN
grupo,no_calificado,ordinario,2,2,2487,,,ADJ
grupo,no_calificado,organización,2,2,2487,,,NOUN
grupo,no_calificado,orgánico,2,2,2487,,,ADJ
grupo,no_calificado,ortodoxo,2,2,2487,,,ADJ
grupo,no_calificado,owen,2,2,2487,,,PROPN
grupo,no_calificado,ozaki,2,1,2487,,,PROPN
grupo,no_calificado,oído,2,2,2487,,,NOUN
grupo,no_calificado,pacífico,2,2,2487,,,ADJ
grupo,no_calificado,pandilla,2,2,2487,,,NOUN
grupo,no_calificado,parado,2,2,2487,,,ADJ
grupo,no_calificado,paraguay,2,2,2487,,,PROPN
grupo,no_calificado,parecido,2,2,2487,,,ADJ
grupo,no_calificado,pared,2,2,2487,-0.501,1.0,NOUN
grupo,no_calificado,partiful,2,2,2487,,,PROPN
grupo,no_calificado,partners,2,2,2487,,,PROPN
grupo,no_calificado,pasado,2,2,2487,,,ADJ
grupo,no_calificado,pasando,2,2,2487,,,NOUN
grupo,no_calificado,pase,2,2,2487,-0.501,1.0,NOUN
grupo,no_calificado,paseo,2,2,2487,-0.968,2.0,NOUN
grupo,no_calificado,pasión,2,2,2487,-0.501,1.0,NOUN
grupo,no_calificado,pedazo,2,2,2487,,,NOUN
grupo,no_calificado,pedestal,2,2,2487,,,ADJ
grupo,no_calificado,pedido,2,2,2487,,,NOUN
grupo,no_calificado,pedo,2,2,2487,,,NOUN
grupo,no_calificado,pedófilo,2,2,2487,,,NOUN
grupo,no_calificado,perdido,2,2,2487,,,ADJ
grupo,no_calificado,perdón,2,2,2487,,,NOUN
grupo,no_calificado,perfil,2,2,2487,,,NOUN
grupo,no_calificado,periodismo,2,2,2487,,,PROPN
grupo,no_calificado,periodista,2,2,2487,,,NOUN
grupo,no_calificado,permitido,2,2,2487,,,ADJ
grupo,no_calificado,perrito,2,2,2487,,,NOUN
grupo,no_calificado,pesimista,2,2,2487,,,ADJ
grupo,no_calificado,pfa,2,2,2487,,,PROPN
grupo,no_calificado,picado,2,2,2487,-0.968,2.0,NOUN
grupo,no_calificado,piedad,2,2,2487,,,NOUN
grupo,no_calificado,piel,2,2,2487,-0.501,1.0,NOUN
grupo,no_calificado,pies,2,2,2487,,,NOUN
grupo,no_calificado,pietismo,2,2,2487,,,NOUN
grupo,no_calificado,pinto,2,2,2487,,,PROPN
grupo,no_calificado,pista,2,2,2487,,,NOUN
grupo,no_calificado,planeta,2,2,2487,,,NOUN
grupo,no_calificado,planificación,2,2,2487,,,NOUN
grupo,no_calificado,platón,2,2,2487,,,PROPN
grupo,no_calificado,pleno,2,2,2487,,,ADJ
grupo,no_calificado,pobreza,2,2,2487,,,NOUN
grupo,no_calificado,poderoso,2,2,2487,,,ADJ
grupo,no_calificado,pollo,2,2,2487,,,PROPN
grupo,no_calificado,popular,2,2,2487,,,ADJ
grupo,no_calificado,porción,2,2,2487,,,NOUN
grupo,no_calificado,potencia,2,2,2487,,,NOUN
grupo,no_calificado,precedente,2,2,2487,,,NOUN
grupo,no_calificado,precioso,2,2,2487,-0.501,1.0,ADJ
grupo,no_calificado,predators,2,1,2487,,,PROPN
grupo,no_calificado,prensa,2,2,2487,-0.501,1.0,NOUN
grupo,no_calificado,preocupado,2,2,2487,,,ADJ
grupo,no_calificado,preparado,2,2,2487,-0.501,1.0,ADJ
grupo,no_calificado,presidente,2,1,2487,,,NOUN
grupo,no_calificado,prestamista,2,2,2487,,,NOUN
grupo,no_calificado,prestatario,2,2,2487,,,NOUN
grupo,no_calificado,presupuesto,2,2,2487,,,NOUN
grupo,no_calificado,previsto,2,2,2487,,,ADJ
grupo,no_calificado,primavera,2,2,2487,-0.501,1.0,NOUN
grupo,no_calificado,princesa,2,2,2487,,,NOUN
grupo,no_calificado,principios,2,2,2487,,,NOUN
grupo,no_calificado,prisa,2,2,2487,,,NOUN
grupo,no_calificado,producción,2,2,2487,,,NOUN
grupo,no_calificado,prom,2,2,2487,,,NOUN
grupo,no_calificado,prometida,2,2,2487,-0.968,2.0,NOUN
grupo,no_calificado,promoción,2,2,2487,,,PROPN
grupo,no_calificado,propina,2,1,2487,,,NOUN
grupo,no_calificado,propuesta,2,1,2487,,,NOUN
grupo,no_calificado,proteína,2,2,2487,,,NOUN
grupo,no_calificado,príncipe,2,2,2487,,,NOUN
grupo,no_calificado,puente,2,2,2487,,,NOUN
grupo,no_calificado,pulsera,2,2,2487,,,NOUN
grupo,no_calificado,punta,2,2,2487,-0.501,1.0,NOUN
grupo,no_calificado,puro,2,2,2487,,,ADJ
grupo,no_calificado,putas,2,2,2487,,,ADJ
grupo,no_calificado,pájaro,2,2,2487,,,NOUN
grupo,no_calificado,queen,2,1,2487,,,PROPN
grupo,no_calificado,querido,2,2,2487,,,ADJ
grupo,no_calificado,quinto,2,1,2487,,,ADJ
grupo,no_calificado,rabino,2,2,2487,,,NOUN
grupo,no_calificado,racha,2,2,2487,,,NOUN
grupo,no_calificado,racial,2,2,2487,,,ADJ
grupo,no_calificado,racismo,2,2,2487,,,NOUN
grupo,no_calificado,ramova,2,2,2487,,,PROPN
grupo,no_calificado,rampage,2,2,2487,,,PROPN
grupo,no_calificado,ranch,2,2,2487,-0.501,1.0,PROPN
grupo,no_calificado,rara,2,2,2487,-0.501,1.0,ADJ
grupo,no_calificado,rata,2,2,2487,-0.501,1.0,NOUN
grupo,no_calificado,raya,2,2,2487,,,NOUN
grupo,no_calificado,rayo,2,2,2487,,,NOUN
grupo,no_calificado,reaccionario,2,2,2487,,,ADJ
grupo,no_calificado,realista,2,2,2487,,,NOUN
grupo,no_calificado,really,2,2,2487,,,PROPN
grupo,no_calificado,recomendación,2,2,2487,,,NOUN
grupo,no_calificado,recomendado,2,2,2487,,,ADJ
grupo,no_calificado,reconquista,2,2,2487,,,PROPN
grupo,no_calificado,recordatorio,2,2,2487,,,ADJ
grupo,no_calificado,recuerdo,2,2,2487,-0.968,2.0,NOUN
grupo,no_calificado,refugiado,2,2,2487,,,NOUN
grupo,no_calificado,regalo,2,2,2487,,,NOUN
grupo,no_calificado,regordete,2,1,2487,,,PROPN
grupo,no_calificado,relacionado,2,1,2487,,,ADJ
grupo,no_calificado,relevante,2,2,2487,,,ADJ
grupo,no_calificado,rellenos,2,2,2487,,,PROPN
grupo,no_calificado,rendición,2,2,2487,,,NOUN
grupo,no_calificado,renovación,2,1,2487,,,NOUN
grupo,no_calificado,reputación,2,2,2487,,,NOUN
grupo,no_calificado,reserva,2,2,2487,,,NOUN
grupo,no_calificado,reservado,2,2,2487,,,ADJ
grupo,no_calificado,reseña,2,2,2487,,,NOUN
grupo,no_calificado,responsabilidad,2,2,2487,,,NOUN
grupo,no_calificado,responsable,2,2,2487,,,NOUN
grupo,no_calificado,restaurante,2,2,2487,-0.501,1.0,NOUN
grupo,no_calificado,retwit,2,2,2487,,,PROPN
grupo,no_calificado,rico,2,2,2487,,,ADJ
grupo,no_calificado,ricotta,2,2,2487,,,PROPN
grupo,no_calificado,rizado,2,2,2487,,,ADJ
grupo,no_calificado,roasted,2,2,2487,,,PROPN
grupo,no_calificado,robado,2,2,2487,-0.501,1.0,ADJ
grupo,no_calificado,robo,2,2,2487,-0.501,1.0,NOUN
grupo,no_calificado,roca,2,2,2487,,,NOUN
grupo,no_calificado,rodeado,2,2,2487,,,ADJ
grupo,no_calificado,rodilla,2,2,2487,,,NOUN
grupo,no_calificado,ronda,2,2,2487,,,NOUN
grupo,no_calificado,roo,2,1,2487,,,PROPN
grupo,no_calificado,roto,2,2,2487,,,ADJ
grupo,no_calificado,rotundo,2,2,2487,,,ADJ
grupo,no_calificado,rovers,2,2,2487,,,PROPN
grupo,no_calificado,rrp,2,2,2487,,,PROPN
grupo,no_calificado,rue,2,1,2487,,,PROPN
grupo,no_calificado,rumbo,2,2,2487,,,NOUN
grupo,no_calificado,rumor,2,2,2487,,,NOUN
grupo,no_calificado,rusia,2,2,2487,,,PROPN
grupo,no_calificado,saco,2,2,2487,,,NOUN
grupo,no_calificado,salto,2,2,2487,,,NOUN
grupo,no_calificado,saludable,2,2,2487,,,ADJ
grupo,no_calificado,salvaje,2,2,2487,,,ADJ
grupo,no_calificado,sandwich,2,2,2487,,,PROPN
grupo,no_calificado,satanás,2,2,2487,,,PROPN
grupo,no_calificado,satánico,2,2,2487,,,ADJ
grupo,no_calificado,scram,2,2,2487,,,PROPN
grupo,no_calificado,sector,2,2,2487,,,NOUN
grupo,no_calificado,segundo,2,2,2487,,,NOUN
grupo,no_calificado,semiconductor,2,2,2487,,,NOUN
grupo,no_calificado,ser,2,2,2487,,,NOUN
grupo,no_calificado,servidumbre,2,2,2487,,,NOUN
grupo,no_calificado,set,2,2,2487,,,NOUN
grupo,no_calificado,seventh,2,2,2487,,,PROPN
grupo,no_calificado,sexo,2,2,2487,,,NOUN
grupo,no_calificado,señor,2,2,2487,-0.501,1.0,NOUN
grupo,no_calificado,shakers,2,2,2487,,,PROPN
grupo,no_calificado,shamrock,2,2,2487,,,PROPN
grupo,no_calificado,shonan,2,1,2487,,,PROPN
grupo,no_calificado,silencioso,2,2,2487,-0.501,1.0,ADJ
grupo,no_calificado,simulación,2,1,2487,,,PROPN
grupo,no_calificado,sinagoga,2,2,2487,,,NOUN
grupo,no_calificado,sinónimo,2,2,2487,,,ADJ
grupo,no_calificado,sirvienta,2,2,2487,,,NOUN
grupo,no_calificado,sky,2,2,2487,,,PROPN
grupo,no_calificado,smoot,2,2,2487,,,PROPN
grupo,no_calificado,snacks,2,2,2487,-0.968,2.0,PROPN
grupo,no_calificado,snif,2,1,2487,,,PROPN
grupo,no_calificado,sobra,2,2,2487,,,NOUN
grupo,no_calificado,soleado,2,2,2487,,,NOUN
grupo,no_calificado,somerset,2,2,2487,,,PROPN
grupo,no_calificado,sopa,2,2,2487,,,NOUN
grupo,no_calificado,soso,2,1,2487,,,ADJ
grupo,no_calificado,sospechoso,2,2,2487,-0.501,1.0,ADJ
grupo,no_calificado,south,2,2,2487,,,PROPN
grupo,no_calificado,star,2,2,2487,,,PROPN
grupo,no_calificado,steve,2,2,2487,,,PROPN
grupo,no_calificado,stfu,2,2,2487,,,PROPN
grupo,no_calificado,stickman,2,2,2487,,,NOUN
grupo,no_calificado,stops,2,2,2487,,,PROPN
grupo,no_calificado,stracciatella,2,2,2487,,,PROPN
grupo,no_calificado,strauss,2,2,2487,,,PROPN
grupo,no_calificado,subida,2,2,2487,,,NOUN
grupo,no_calificado,subversivo,2,2,2487,,,ADJ
grupo,no_calificado,sudáfrica,2,2,2487,-0.501,1.0,PROPN
grupo,no_calificado,suiza,2,2,2487,,,PROPN
grupo,no_calificado,supermercado,2,2,2487,-0.501,1.0,NOUN
grupo,no_calificado,supremo,2,2,2487,,,ADJ
grupo,no_calificado,sureño,2,2,2487,,,ADJ
grupo,no_calificado,suzuki,2,2,2487,,,PROPN
grupo,no_calificado,sweet,2,2,2487,,,PROPN
grupo,no_calificado,síndrome,2,2,2487,,,NOUN
grupo,no_calificado,tablero,2,2,2487,,,NOUN
grupo,no_calificado,tailgate,2,1,2487,,,NOUN
grupo,no_calificado,talento,2,2,2487,,,NOUN
grupo,no_calificado,talla,2,2,2487,,,PROPN
grupo,no_calificado,tank,2,2,2487,,,PROPN
grupo,no_calificado,tater,2,1,2487,-0.968,2.0,PROPN
grupo,no_calificado,tauntaun,2,1,2487,,,PROPN
grupo,no_calificado,tbt,2,2,2487,-0.501,1.0,PROPN
grupo,no_calificado,tdah,2,2,2487,,,PROPN
grupo,no_calificado,technology,2,2,2487,,,PROPN
grupo,no_calificado,techo,2,2,2487,-0.501,1.0,NOUN
grupo,no_calificado,televisión,2,2,2487,,,NOUN
grupo,no_calificado,ten,2,2,2487,,,NOUN
grupo,no_calificado,tenedor,2,2,2487,,,NOUN
grupo,no_calificado,tenis,2,2,2487,,,NOUN
grupo,no_calificado,terapia,2,2,2487,,,NOUN
grupo,no_calificado,terminado,2,2,2487,,,ADJ
grupo,no_calificado,tesis,2,2,2487,,,NOUN
grupo,no_calificado,thank,2,2,2487,,,PROPN
grupo,no_calificado,that,2,2,2487,,,PROPN
grupo,no_calificado,theatre,2,2,2487,,,PROPN
grupo,no_calificado,them,2,2,2487,,,PROPN
grupo,no_calificado,they,2,2,2487,,,PROPN
grupo,no_calificado,think,2,2,2487,,,NOUN
grupo,no_calificado,tho,2,2,2487,,,NOUN
grupo,no_calificado,thornville,2,2,2487,,,PROPN
grupo,no_calificado,tiburón,2,2,2487,-0.501,1.0,NOUN
grupo,no_calificado,tiranía,2,2,2487,,,NOUN
grupo,no_calificado,tiro,2,2,2487,,,NOUN
grupo,no_calificado,titular,2,2,2487,,,NOUN
grupo,no_calificado,tokio,2,2,2487,-0.501,1.0,PROPN
grupo,no_calificado,tomé,2,2,2487,,,PROPN
grupo,no_calificado,tonelada,2,2,2487,,,NOUN
grupo,no_calificado,toniray,2,1,2487,,,PROPN
grupo,no_calificado,tope,2,2,2487,,,NOUN
grupo,no_calificado,tour,2,2,2487,-1.338,3.0,NOUN
grupo,no_calificado,traemos,2,2,2487,,,PROPN
grupo,no_calificado,tranquilo,2,2,2487,-0.501,1.0,ADJ
grupo,no_calificado,trans,2,2,2487,,,PROPN
grupo,no_calificado,trofeo,2,2,2487,,,NOUN
grupo,no_calificado,troll,2,1,2487,,,PROPN
grupo,no_calificado,tropical,2,2,2487,,,PROPN
grupo,no_calificado,truco,2,2,2487,-0.501,1.0,NOUN
grupo,no_calificado,truthrevolt,2,2,2487,,,PROPN
grupo,no_calificado,tráfico,2,1,2487,,,NOUN
grupo,no_calificado,trágico,2,2,2487,,,ADJ
grupo,no_calificado,típico,2,2,2487,,,ADJ
grupo,no_calificado,ubicación,2,2,2487,,,NOUN
grupo,no_calificado,uhd,2,2,2487,,,PROPN
grupo,no_calificado,universitario,2,2,2487,,,ADJ
grupo,no_calificado,urawa,2,1,2487,,,PROPN
grupo,no_calificado,urbano,2,2,2487,,,ADJ
grupo,no_calificado,vaso,2,2,2487,,,NOUN
grupo,no_calificado,vaulks,2,2,2487,,,PROPN
grupo,no_calificado,vecino,2,2,2487,-0.501,1.0,ADJ
grupo,no_calificado,ventaja,2,2,2487,,,NOUN
grupo,no_calificado,verdaderamente,2,2,2487,,,PROPN
grupo,no_calificado,vería,2,2,2487,,,NOUN
grupo,no_calificado,villa,2,2,2487,,,PROPN
grupo,no_calificado,vinilo,2,2,2487,,,NOUN
grupo,no_calificado,vinilos,2,2,2487,,,PROPN
grupo,no_calificado,volquete,2,2,2487,,,ADJ
grupo,no_calificado,volumen,2,2,2487,-0.501,1.0,NOUN
grupo,no_calificado,vulgar,2,2,2487,,,ADJ
grupo,no_calificado,vía,2,2,2487,,,NOUN
grupo,no_calificado,víctima,2,2,2487,-0.501,1.0,NOUN
grupo,no_calificado,webbon,2,2,2487,,,PROPN
grupo,no_calificado,wednesday,2,2,2487,,,PROPN
grupo,no_calificado,week,2,2,2487,,,PROPN
grupo,no_calificado,when,2,2,2487,,,PROPN
grupo,no_calificado,wifi,2,2,2487,,,PROPN
grupo,no_calificado,wire,2,2,2487,,,PROPN
grupo,no_calificado,with,2,2,2487,,,PROPN
grupo,no_calificado,within,2,2,2487,,,PROPN
grupo,no_calificado,woke,2,2,2487,,,PROPN
grupo,no_calificado,worldcup,2,2,2487,,,PROPN
grupo,no_calificado,wright,2,2,2487,,,PROPN
grupo,no_calificado,yahweh,2,2,2487,,,PROPN
grupo,no_calificado,yay,2,2,2487,,,PROPN
grupo,no_calificado,yen,2,1,2487,,,NOUN
grupo,no_calificado,yenes,2,2,2487,,,NOUN
grupo,no_calificado,yeso,2,2,2487,,,NOUN
grupo,no_calificado,yoga,2,2,2487,,,NOUN
grupo,no_calificado,yokohama,2,2,2487,,,PROPN
grupo,no_calificado,zelanda,2,2,2487,,,PROPN
grupo,no_calificado,áfrica,2,2,2487,,,PROPN
grupo,no_calificado,álbum,2,2,2487,,,NOUN
grupo,no_calificado,ánimo,2,2,2487,,,NOUN
grupo,no_calificado,ético,2,2,2487,,,ADJ
grupo,no_calificado,índice,2,2,2487,,,NOUN
grupo,no_calificado,órden,2,2,2487,,,NOUN
grupo,no_calificado,北中米ワールドカップ現地組,2,2,2487,,,PROPN
grupo,no_calificado,aaron,1,1,2487,,,PROPN
grupo,no_calificado,aarp,1,1,2487,,,PROPN
grupo,no_calificado,abdomen,1,1,2487,,,NOUN
grupo,no_calificado,about,1,1,2487,,,NOUN
grupo,no_calificado,abridor,1,1,2487,,,NOUN
grupo,no_calificado,abrumador,1,1,2487,,,ADJ
grupo,no_calificado,absolutely,1,1,2487,,,PROPN
grupo,no_calificado,abstracto,1,1,2487,,,ADJ
grupo,no_calificado,abuelo,1,1,2487,,,NOUN
grupo,no_calificado,acab,1,1,2487,,,PROPN
grupo,no_calificado,academia,1,1,2487,,,NOUN
grupo,no_calificado,accesorio,1,1,2487,,,NOUN
grupo,no_calificado,aceptable,1,1,2487,,,ADJ
grupo,no_calificado,acero,1,1,2487,,,NOUN
grupo,no_calificado,acertado,1,1,2487,,,ADJ
grupo,no_calificado,achuchabl,1,1,2487,,,ADJ
grupo,no_calificado,acidez,1,1,2487,,,NOUN
grupo,no_calificado,acompañante,1,1,2487,,,NOUN
grupo,no_calificado,acosa,1,1,2487,,,NOUN
grupo,no_calificado,actividad,1,1,2487,,,NOUN
grupo,no_calificado,acto,1,1,2487,,,NOUN
grupo,no_calificado,actualícenme,1,1,2487,,,ADJ
grupo,no_calificado,acuático,1,1,2487,,,ADJ
grupo,no_calificado,adapt,1,1,2487,,,PROPN
grupo,no_calificado,adelanto,1,1,2487,,,NOUN
grupo,no_calificado,adesoro,1,1,2487,,,PROPN
grupo,no_calificado,adjunta,1,1,2487,,,NOUN
grupo,no_calificado,adjunto,1,1,2487,,,ADJ
grupo,no_calificado,admisión,1,1,2487,,,NOUN
grupo,no_calificado,adolescente,1,1,2487,,,NOUN
grupo,no_calificado,adolf,1,1,2487,,,PROPN
grupo,no_calificado,adopción,1,1,2487,,,NOUN
grupo,no_calificado,adoptado,1,1,2487,,,ADJ
grupo,no_calificado,adorado,1,1,2487,,,ADJ
grupo,no_calificado,adorador,1,1,2487,,,NOUN
grupo,no_calificado,adscrito,1,1,2487,,,ADJ
grupo,no_calificado,aduana,1,1,2487,,,PROPN
grupo,no_calificado,adultez,1,1,2487,,,NOUN
grupo,no_calificado,aerolínea,1,1,2487,,,NOUN
grupo,no_calificado,aeronave,1,1,2487,,,NOUN
grupo,no_calificado,afeminada,1,1,2487,,,ADJ
grupo,no_calificado,affirming,1,1,2487,,,PROPN
grupo,no_calificado,afición,1,1,2487,,,NOUN
grupo,no_calificado,afrutado,1,1,2487,,,ADJ
grupo,no_calificado,age,1,1,2487,,,PROPN
grupo,no_calificado,agencia,1,1,2487,,,NOUN
grupo,no_calificado,agorero,1,1,2487,,,NOUN
grupo,no_calificado,agradecimiento,1,1,2487,,,NOUN
grupo,no_calificado,agrado,1,1,2487,,,NOUN
grupo,no_calificado,agresivo,1,1,2487,,,ADJ
grupo,no_calificado,agricultor,1,1,2487,,,NOUN
grupo,no_calificado,agrippa,1,1,2487,,,PROPN
grupo,no_calificado,agrícola,1,1,2487,,,ADJ
grupo,no_calificado,agudo,1,1,2487,,,ADJ
grupo,no_calificado,ahh,1,1,2487,,,PROPN
grupo,no_calificado,ahogamiento,1,1,2487,,,NOUN
grupo,no_calificado,ahorraré,1,1,2487,,,ADJ
grupo,no_calificado,ahorro,1,1,2487,,,NOUN
grupo,no_calificado,aiart,1,1,2487,,,PROPN
grupo,no_calificado,aintsworth,1,1,2487,,,PROPN
grupo,no_calificado,aislado,1,1,2487,,,ADJ
grupo,no_calificado,aizawa,1,1,2487,,,PROPN
grupo,no_calificado,ajustado,1,1,2487,,,ADJ
grupo,no_calificado,akita,1,1,2487,,,PROPN
grupo,no_calificado,alamo,1,1,2487,,,PROPN
grupo,no_calificado,alarma,1,1,2487,,,NOUN
grupo,no_calificado,alcachofa,1,1,2487,,,NOUN
grupo,no_calificado,alcantarilla,1,1,2487,,,NOUN
grupo,no_calificado,aldous,1,1,2487,,,PROPN
grupo,no_calificado,aleatorio,1,1,2487,,,ADJ
grupo,no_calificado,alejado,1,1,2487,,,ADJ
grupo,no_calificado,alemania,1,1,2487,,,PROPN
grupo,no_calificado,alexa,1,1,2487,,,PROPN
grupo,no_calificado,algodón,1,1,2487,,,NOUN
grupo,no_calificado,algorítmico,1,1,2487,,,ADJ
grupo,no_calificado,aliado,1,1,2487,,,NOUN
grupo,no_calificado,alimentador,1,1,2487,,,NOUN
grupo,no_calificado,alinamin,1,1,2487,,,PROPN
grupo,no_calificado,alineación,1,1,2487,,,NOUN
grupo,no_calificado,alineado,1,1,2487,,,ADJ
grupo,no_calificado,aliviado,1,1,2487,,,ADJ
grupo,no_calificado,alivio,1,1,2487,,,NOUN
grupo,no_calificado,allberry,1,1,2487,,,PROPN
grupo,no_calificado,allende,1,1,2487,,,PROPN
grupo,no_calificado,alls,1,1,2487,,,PROPN
grupo,no_calificado,ally,1,1,2487,,,PROPN
grupo,no_calificado,almohada,1,1,2487,,,PROPN
grupo,no_calificado,alpaca,1,1,2487,,,NOUN
grupo,no_calificado,already,1,1,2487,,,PROPN
grupo,no_calificado,altitude,1,1,2487,,,NOUN
grupo,no_calificado,altísimo,1,1,2487,,,ADJ
grupo,no_calificado,alubia,1,1,2487,,,NOUN
grupo,no_calificado,aluminio,1,1,2487,,,NOUN
grupo,no_calificado,always,1,1,2487,,,PROPN
grupo,no_calificado,amanecer,1,1,2487,,,PROPN
grupo,no_calificado,amargado,1,1,2487,,,ADJ
grupo,no_calificado,amargo,1,1,2487,,,ADJ
grupo,no_calificado,amargor,1,1,2487,,,NOUN
grupo,no_calificado,ambición,1,1,2487,,,NOUN
grupo,no_calificado,ambo,1,1,2487,,,PROPN
grupo,no_calificado,ambro,1,1,2487,,,PROPN
grupo,no_calificado,amenazante,1,1,2487,,,ADJ
grupo,no_calificado,amigabl,1,1,2487,,,ADJ
grupo,no_calificado,amigable,1,1,2487,,,ADJ
grupo,no_calificado,amistoso,1,1,2487,,,ADJ
grupo,no_calificado,amo,1,1,2487,,,NOUN
grupo,no_calificado,amoris,1,1,2487,,,PROPN
grupo,no_calificado,amoroso,1,1,2487,,,ADJ
grupo,no_calificado,anabaptista,1,1,2487,,,NOUN
grupo,no_calificado,ancho,1,1,2487,,,ADJ
grupo,no_calificado,ancianos,1,1,2487,,,PROPN
grupo,no_calificado,anda,1,1,2487,,,NOUN
grupo,no_calificado,anderson,1,1,2487,,,PROPN
grupo,no_calificado,andre,1,1,2487,,,PROPN
grupo,no_calificado,anfield,1,1,2487,,,PROPN
grupo,no_calificado,anfitrión,1,1,2487,,,NOUN
grupo,no_calificado,angry,1,1,2487,,,PROPN
grupo,no_calificado,angélico,1,1,2487,,,ADJ
grupo,no_calificado,animador,1,1,2487,,,NOUN
grupo,no_calificado,aniversario,1,1,2487,,,NOUN
grupo,no_calificado,ann,1,1,2487,,,PROPN
grupo,no_calificado,anotador,1,1,2487,,,NOUN
grupo,no_calificado,another,1,1,2487,,,PROPN
grupo,no_calificado,ansia,1,1,2487,,,NOUN
grupo,no_calificado,ansioso,1,1,2487,,,ADJ
grupo,no_calificado,antelación,1,1,2487,,,NOUN
grupo,no_calificado,antepasado,1,1,2487,,,NOUN
grupo,no_calificado,anteprima,1,1,2487,,,PROPN
grupo,no_calificado,anterior,1,1,2487,,,ADJ
grupo,no_calificado,anticristiano,1,1,2487,,,ADJ
grupo,no_calificado,anticristián,1,1,2487,,,ADJ
grupo,no_calificado,anticristo,1,1,2487,,,NOUN
grupo,no_calificado,antinomianos,1,1,2487,,,PROPN
grupo,no_calificado,antinómico,1,1,2487,,,ADJ
grupo,no_calificado,antioquía,1,1,2487,,,PROPN
grupo,no_calificado,antisemita,1,1,2487,,,ADJ
grupo,no_calificado,antisemitismo,1,1,2487,,,NOUN
grupo,no_calificado,antología,1,1,2487,,,NOUN
grupo,no_calificado,anyway,1,1,2487,,,PROPN
grupo,no_calificado,aoi,1,1,2487,,,PROPN
grupo,no_calificado,aparato,1,1,2487,,,NOUN
grupo,no_calificado,aparcamiento,1,1,2487,,,NOUN
grupo,no_calificado,apariencia,1,1,2487,,,NOUN
grupo,no_calificado,apartamento,1,1,2487,,,NOUN
grupo,no_calificado,apasionante,1,1,2487,,,ADJ
grupo,no_calificado,apellido,1,1,2487,,,NOUN
grupo,no_calificado,apestoso,1,1,2487,,,ADJ
grupo,no_calificado,apestós,1,1,2487,,,ADJ
grupo,no_calificado,aplastamiento,1,1,2487,,,NOUN
grupo,no_calificado,apodo,1,1,2487,,,NOUN
grupo,no_calificado,apollo,1,1,2487,,,PROPN
grupo,no_calificado,apologético,1,1,2487,,,ADJ
grupo,no_calificado,aportación,1,1,2487,,,NOUN
grupo,no_calificado,apreciación,1,1,2487,,,NOUN
grupo,no_calificado,apretado,1,1,2487,,,ADJ
grupo,no_calificado,april,1,1,2487,,,PROPN
grupo,no_calificado,aprobado,1,1,2487,,,ADJ
grupo,no_calificado,apurado,1,1,2487,,,ADJ
grupo,no_calificado,apuro,1,1,2487,,,NOUN
grupo,no_calificado,apóyenla,1,1,2487,,,NOUN
grupo,no_calificado,arameo,1,1,2487,,,NOUN
grupo,no_calificado,arbitraje,1,1,2487,,,NOUN
grupo,no_calificado,arca,1,1,2487,,,NOUN
grupo,no_calificado,archivo,1,1,2487,,,NOUN
grupo,no_calificado,arco,1,1,2487,,,NOUN
grupo,no_calificado,ardilla,1,1,2487,,,NOUN
grupo,no_calificado,arduo,1,1,2487,,,ADJ
grupo,no_calificado,are,1,1,2487,,,PROPN
grupo,no_calificado,arena,1,1,2487,,,NOUN
grupo,no_calificado,argumento,1,1,2487,,,NOUN
grupo,no_calificado,arián,1,1,2487,,,ADJ
grupo,no_calificado,armadura,1,1,2487,,,NOUN
grupo,no_calificado,aros,1,1,2487,,,PROPN
grupo,no_calificado,arquitecto,1,1,2487,,,NOUN
grupo,no_calificado,arranquen,1,1,2487,,,PROPN
grupo,no_calificado,arrepentimiento,1,1,2487,,,NOUN
grupo,no_calificado,arrepentirme,1,1,2487,,,ADJ
grupo,no_calificado,arrogancia,1,1,2487,,,NOUN
grupo,no_calificado,arrogante,1,1,2487,,,ADJ
grupo,no_calificado,arrojado,1,1,2487,,,ADJ
grupo,no_calificado,arruinó,1,1,2487,,,PROPN
grupo,no_calificado,arsenal,1,1,2487,,,PROPN
grupo,no_calificado,art,1,1,2487,,,NOUN
grupo,no_calificado,artedigital,1,1,2487,,,PROPN
grupo,no_calificado,arvina,1,1,2487,,,PROPN
grupo,no_calificado,arándano,1,1,2487,,,ADJ
grupo,no_calificado,arándanos,1,1,2487,,,PROPN
grupo,no_calificado,asado,1,1,2487,,,ADJ
grupo,no_calificado,asamblea,1,1,2487,,,NOUN
grupo,no_calificado,asbury,1,1,2487,,,PROPN
grupo,no_calificado,ascendencia,1,1,2487,,,NOUN
grupo,no_calificado,asco,1,1,2487,,,NOUN
grupo,no_calificado,asequibilidad,1,1,2487,,,NOUN
grupo,no_calificado,asequible,1,1,2487,,,ADJ
grupo,no_calificado,asesinato,1,1,2487,,,NOUN
grupo,no_calificado,asf,1,1,2487,,,PROPN
grupo,no_calificado,asignación,1,1,2487,,,NOUN
grupo,no_calificado,asjklsdhljfhlasd,1,1,2487,,,PROPN
grupo,no_calificado,asombrado,1,1,2487,,,ADJ
grupo,no_calificado,asqueroso,1,1,2487,,,ADJ
grupo,no_calificado,ass,1,1,2487,,,PROPN
grupo,no_calificado,assault,1,1,2487,,,PROPN
grupo,no_calificado,atacante,1,1,2487,,,NOUN
grupo,no_calificado,atado,1,1,2487,,,ADJ
grupo,no_calificado,atajo,1,1,2487,,,NOUN
grupo,no_calificado,atardecer,1,1,2487,,,NOUN
grupo,no_calificado,atascado,1,1,2487,,,ADJ
grupo,no_calificado,aterricé,1,1,2487,,,PROPN
grupo,no_calificado,aterrizado,1,1,2487,,,ADJ
grupo,no_calificado,aterrizo,1,1,2487,,,ADJ
grupo,no_calificado,ateísmo,1,1,2487,,,NOUN
grupo,no_calificado,atlantic,1,1,2487,,,PROPN
grupo,no_calificado,atlético,1,1,2487,,,ADJ
grupo,no_calificado,atractivo,1,1,2487,,,ADJ
grupo,no_calificado,atrapado,1,1,2487,,,ADJ
grupo,no_calificado,atsunousuke,1,1,2487,,,PROPN
grupo,no_calificado,attell,1,1,2487,,,PROPN
grupo,no_calificado,atónito,1,1,2487,,,ADJ
grupo,no_calificado,audaz,1,1,2487,,,ADJ
grupo,no_calificado,audición,1,1,2487,,,NOUN
grupo,no_calificado,auditoría,1,1,2487,,,NOUN
grupo,no_calificado,autista,1,1,2487,,,ADJ
grupo,no_calificado,autobiografía,1,1,2487,,,NOUN
grupo,no_calificado,autocontrol,1,1,2487,,,NOUN
grupo,no_calificado,autodestrucción,1,1,2487,,,NOUN
grupo,no_calificado,autoestima,1,1,2487,,,NOUN
grupo,no_calificado,autogestión,1,1,2487,,,NOUN
grupo,no_calificado,automático,1,1,2487,,,ADJ
grupo,no_calificado,automóvil,1,1,2487,,,NOUN
grupo,no_calificado,autopilot,1,1,2487,,,PROPN
grupo,no_calificado,autoridad,1,1,2487,,,NOUN
grupo,no_calificado,autosacrificio,1,1,2487,,,NOUN
grupo,no_calificado,avance,1,1,2487,,,NOUN
grupo,no_calificado,avaro,1,1,2487,,,NOUN
grupo,no_calificado,avengers,1,1,2487,,,PROPN
grupo,no_calificado,aventura,1,1,2487,-1.166,2.0,NOUN
grupo,no_calificado,average,1,1,2487,,,PROPN
grupo,no_calificado,averigua,1,1,2487,,,PROPN
grupo,no_calificado,aviso,1,1,2487,,,NOUN
grupo,no_calificado,awe,1,1,2487,,,PROPN
grupo,no_calificado,aww,1,1,2487,,,NOUN
grupo,no_calificado,axioma,1,1,2487,,,NOUN
grupo,no_calificado,aye,1,1,2487,,,PROPN
grupo,no_calificado,ayeee,1,1,2487,,,PROPN
grupo,no_calificado,ayew,1,1,2487,,,PROPN
grupo,no_calificado,ayo,1,1,2487,,,NOUN
grupo,no_calificado,ayudaro,1,1,2487,,,NOUN
grupo,no_calificado,azulejos,1,1,2487,,,PROPN
grupo,no_calificado,azurlane,1,1,2487,,,PROPN
grupo,no_calificado,añooo,1,1,2487,,,PROPN
grupo,no_calificado,baal,1,1,2487,,,PROPN
grupo,no_calificado,babilónico,1,1,2487,,,ADJ
grupo,no_calificado,babylon,1,1,2487,,,PROPN
grupo,no_calificado,back,1,1,2487,,,PROPN
grupo,no_calificado,bacon,1,1,2487,,,NOUN
grupo,no_calificado,badobachi,1,1,2487,,,PROPN
grupo,no_calificado,badobachijp,1,1,2487,,,NOUN
grupo,no_calificado,baguette,1,1,2487,,,PROPN
grupo,no_calificado,bahía,1,1,2487,,,NOUN
grupo,no_calificado,bain,1,1,2487,,,PROPN
grupo,no_calificado,baiting,1,1,2487,,,PROPN
grupo,no_calificado,bajada,1,1,2487,,,NOUN
grupo,no_calificado,balcón,1,1,2487,,,NOUN
grupo,no_calificado,balogun,1,1,2487,,,PROPN
grupo,no_calificado,banca,1,1,2487,,,NOUN
grupo,no_calificado,bancarrota,1,1,2487,,,NOUN
grupo,no_calificado,baneado,1,1,2487,,,ADJ
grupo,no_calificado,bang,1,1,2487,,,PROPN
grupo,no_calificado,bangkok,1,1,2487,,,PROPN
grupo,no_calificado,banjo,1,1,2487,,,NOUN
grupo,no_calificado,bankofamerica,1,1,2487,,,PROPN
grupo,no_calificado,banquero,1,1,2487,,,NOUN
grupo,no_calificado,banquillo,1,1,2487,,,NOUN
grupo,no_calificado,banthacrap,1,1,2487,,,PROPN
grupo,no_calificado,barbero,1,1,2487,,,NOUN
grupo,no_calificado,barcos,1,1,2487,,,PROPN
grupo,no_calificado,barra,1,1,2487,,,NOUN
grupo,no_calificado,barriga,1,1,2487,,,NOUN
grupo,no_calificado,barrita,1,1,2487,,,NOUN
grupo,no_calificado,barro,1,1,2487,,,NOUN
grupo,no_calificado,barry,1,1,2487,,,PROPN
grupo,no_calificado,barça,1,1,2487,,,PROPN
grupo,no_calificado,basham,1,1,2487,,,PROPN
grupo,no_calificado,basically,1,1,2487,,,PROPN
grupo,no_calificado,basurero,1,1,2487,,,NOUN
grupo,no_calificado,batida,1,1,2487,,,PROPN
grupo,no_calificado,baucham,1,1,2487,,,PROPN
grupo,no_calificado,bayern,1,1,2487,,,PROPN
grupo,no_calificado,bbb,1,1,2487,,,PROPN
grupo,no_calificado,bbn,1,1,2487,,,PROPN
grupo,no_calificado,bde,1,1,2487,,,PROPN
grupo,no_calificado,bebe,1,1,2487,,,PROPN
grupo,no_calificado,bebida,1,1,2487,,,NOUN
grupo,no_calificado,because,1,1,2487,,,PROPN
grupo,no_calificado,bee,1,1,2487,,,PROPN
grupo,no_calificado,beef,1,1,2487,,,PROPN
grupo,no_calificado,beeno,1,1,2487,,,ADJ
grupo,no_calificado,bend,1,1,2487,,,PROPN
grupo,no_calificado,bendición,1,1,2487,,,NOUN
grupo,no_calificado,benjaminitas,1,1,2487,,,NOUN
grupo,no_calificado,benz,1,1,2487,,,PROPN
grupo,no_calificado,benéfico,1,1,2487,,,ADJ
grupo,no_calificado,berkeley,1,1,2487,,,PROPN
grupo,no_calificado,berkeleyism,1,1,2487,,,PROPN
grupo,no_calificado,besadme,1,1,2487,,,PROPN
grupo,no_calificado,best,1,1,2487,,,PROPN
grupo,no_calificado,beth,1,1,2487,,,PROPN
grupo,no_calificado,better,1,1,2487,,,PROPN
grupo,no_calificado,bibbidy,1,1,2487,,,NOUN
grupo,no_calificado,biberón,1,1,2487,,,NOUN
grupo,no_calificado,bible,1,1,2487,,,PROPN
grupo,no_calificado,biblia,1,1,2487,,,PROPN
grupo,no_calificado,bichito,1,1,2487,,,NOUN
grupo,no_calificado,bicho,1,1,2487,,,NOUN
grupo,no_calificado,bicicleta,1,1,2487,,,NOUN
grupo,no_calificado,biden,1,1,2487,,,PROPN
grupo,no_calificado,bikini,1,1,2487,,,NOUN
grupo,no_calificado,bilingüe,1,1,2487,,,ADJ
grupo,no_calificado,biloxi,1,1,2487,,,PROPN
grupo,no_calificado,bin,1,1,2487,,,PROPN
grupo,no_calificado,bingo,1,1,2487,,,NOUN
grupo,no_calificado,biofermin,1,1,2487,,,PROPN
grupo,no_calificado,biológico,1,1,2487,,,ADJ
grupo,no_calificado,bird,1,1,2487,,,PROPN
grupo,no_calificado,birds,1,1,2487,,,PROPN
grupo,no_calificado,birkenhead,1,1,2487,,,PROPN
grupo,no_calificado,bitch,1,1,2487,,,PROPN
grupo,no_calificado,blancas,1,1,2487,,,PROPN
grupo,no_calificado,blasfemia,1,1,2487,,,NOUN
grupo,no_calificado,blasfemo,1,1,2487,,,ADJ
grupo,no_calificado,blasts,1,1,2487,,,PROPN
grupo,no_calificado,blm,1,1,2487,,,PROPN
grupo,no_calificado,bloque,1,1,2487,,,NOUN
grupo,no_calificado,blowing,1,1,2487,,,PROPN
grupo,no_calificado,blud,1,1,2487,,,PROPN
grupo,no_calificado,bmw,1,1,2487,,,PROPN
grupo,no_calificado,bob,1,1,2487,,,PROPN
grupo,no_calificado,boba,1,1,2487,,,PROPN
grupo,no_calificado,bocado,1,1,2487,,,NOUN
grupo,no_calificado,bochornoso,1,1,2487,,,ADJ
grupo,no_calificado,bock,1,1,2487,,,PROPN
grupo,no_calificado,bogey,1,1,2487,,,NOUN
grupo,no_calificado,bohemian,1,1,2487,,,ADJ
grupo,no_calificado,boletín,1,1,2487,,,NOUN
grupo,no_calificado,bolsita,1,1,2487,,,NOUN
grupo,no_calificado,bombshell,1,1,2487,,,PROPN
grupo,no_calificado,bon,1,1,2487,,,PROPN
grupo,no_calificado,bonanza,1,1,2487,,,PROPN
grupo,no_calificado,bonjour,1,1,2487,,,PROPN
grupo,no_calificado,boom,1,1,2487,,,PROPN
grupo,no_calificado,boomer,1,1,2487,,,NOUN
grupo,no_calificado,boppity,1,1,2487,,,PROPN
grupo,no_calificado,boquiabierto,1,1,2487,,,ADJ
grupo,no_calificado,bordado,1,1,2487,,,NOUN
grupo,no_calificado,borde,1,1,2487,,,NOUN
grupo,no_calificado,borra,1,1,2487,,,PROPN
grupo,no_calificado,borrachera,1,1,2487,,,NOUN
grupo,no_calificado,borrador,1,1,2487,,,NOUN
grupo,no_calificado,bosque,1,1,2487,,,NOUN
grupo,no_calificado,boston,1,1,2487,,,PROPN
grupo,no_calificado,bots,1,1,2487,,,PROPN
grupo,no_calificado,bottom,1,1,2487,,,NOUN
grupo,no_calificado,botón,1,1,2487,,,NOUN
grupo,no_calificado,bouaddi,1,1,2487,,,PROPN
grupo,no_calificado,bourbon,1,1,2487,,,PROPN
grupo,no_calificado,bournemouth,1,1,2487,,,PROPN
grupo,no_calificado,boutique,1,1,2487,,,NOUN
grupo,no_calificado,boxeo,1,1,2487,,,NOUN
grupo,no_calificado,boyfriend,1,1,2487,,,NOUN
grupo,no_calificado,brad,1,1,2487,,,PROPN
grupo,no_calificado,braga,1,1,2487,,,NOUN
grupo,no_calificado,brajpn,1,1,2487,,,PROPN
grupo,no_calificado,brasa,1,1,2487,,,NOUN
grupo,no_calificado,braves,1,1,2487,,,PROPN
grupo,no_calificado,brisa,1,1,2487,,,NOUN
grupo,no_calificado,británica,1,1,2487,,,PROPN
grupo,no_calificado,broc,1,1,2487,,,PROPN
grupo,no_calificado,broccoli,1,1,2487,,,PROPN
grupo,no_calificado,bronce,1,1,2487,,,PROPN
grupo,no_calificado,brook,1,1,2487,,,PROPN
grupo,no_calificado,brooklyn,1,1,2487,,,PROPN
grupo,no_calificado,brough,1,1,2487,,,PROPN
grupo,no_calificado,brunch,1,1,2487,,,NOUN
grupo,no_calificado,bryce,1,1,2487,,,ADJ
grupo,no_calificado,brócoli,1,1,2487,,,NOUN
grupo,no_calificado,bucatini,1,1,2487,,,PROPN
grupo,no_calificado,bucees,1,1,2487,,,PROPN
grupo,no_calificado,buck,1,1,2487,,,PROPN
grupo,no_calificado,buckets,1,1,2487,,,PROPN
grupo,no_calificado,builders,1,1,2487,,,PROPN
grupo,no_calificado,building,1,1,2487,,,PROPN
grupo,no_calificado,builds,1,1,2487,,,PROPN
grupo,no_calificado,bullshit,1,1,2487,,,PROPN
grupo,no_calificado,bungalow,1,1,2487,,,NOUN
grupo,no_calificado,bunny,1,1,2487,,,PROPN
grupo,no_calificado,buque,1,1,2487,,,NOUN
grupo,no_calificado,burbuja,1,1,2487,,,NOUN
grupo,no_calificado,burger,1,1,2487,,,PROPN
grupo,no_calificado,burgers,1,1,2487,,,NOUN
grupo,no_calificado,burla,1,1,2487,,,NOUN
grupo,no_calificado,burn,1,1,2487,,,PROPN
grupo,no_calificado,business,1,1,2487,,,NOUN
grupo,no_calificado,butaca,1,1,2487,,,NOUN
grupo,no_calificado,butcher,1,1,2487,,,PROPN
grupo,no_calificado,buñuelos,1,1,2487,,,PROPN
grupo,no_calificado,bypass,1,1,2487,,,PROPN
grupo,no_calificado,bájalo,1,1,2487,,,NOUN
grupo,no_calificado,báñate,1,1,2487,,,PROPN
grupo,no_calificado,bélgica,1,1,2487,,,PROPN
grupo,no_calificado,bíblico,1,1,2487,,,ADJ
grupo,no_calificado,búscalo,1,1,2487,,,NOUN
grupo,no_calificado,búsqueda,1,1,2487,,,NOUN
grupo,no_calificado,cabaret,1,1,2487,,,NOUN
grupo,no_calificado,cabello,1,1,2487,,,NOUN
grupo,no_calificado,cabezazo,1,1,2487,,,NOUN
grupo,no_calificado,cabina,1,1,2487,,,NOUN
grupo,no_calificado,cableado,1,1,2487,,,NOUN
grupo,no_calificado,caca,1,1,2487,,,NOUN
grupo,no_calificado,cachondo,1,1,2487,,,ADJ
grupo,no_calificado,cachorro,1,1,2487,,,NOUN
grupo,no_calificado,cadena,1,1,2487,,,NOUN
grupo,no_calificado,cadera,1,1,2487,,,NOUN
grupo,no_calificado,caesar,1,1,2487,,,PROPN
grupo,no_calificado,caesars,1,1,2487,,,PROPN
grupo,no_calificado,cagado,1,1,2487,,,ADJ
grupo,no_calificado,cagó,1,1,2487,,,PROPN
grupo,no_calificado,caitiana,1,1,2487,,,PROPN
grupo,no_calificado,cajun,1,1,2487,,,PROPN
grupo,no_calificado,cajún,1,1,2487,,,PROPN
grupo,no_calificado,cake,1,1,2487,,,NOUN
grupo,no_calificado,calabacín,1,1,2487,,,PROPN
grupo,no_calificado,calada,1,1,2487,,,NOUN
grupo,no_calificado,calcetín,1,1,2487,,,NOUN
grupo,no_calificado,caldwell,1,1,2487,,,PROPN
grupo,no_calificado,calibre,1,1,2487,,,NOUN
grupo,no_calificado,call,1,1,2487,,,PROPN
grupo,no_calificado,callado,1,1,2487,,,ADJ
grupo,no_calificado,calle,1,1,2487,,,NOUN
grupo,no_calificado,callejero,1,1,2487,-1.529,3.0,PROPN
grupo,no_calificado,callum,1,1,2487,,,PROPN
grupo,no_calificado,calma,1,1,2487,,,NOUN
grupo,no_calificado,caloría,1,1,2487,,,NOUN
grupo,no_calificado,caluroso,1,1,2487,,,ADJ
grupo,no_calificado,calva,1,1,2487,,,PROPN
grupo,no_calificado,calvin,1,1,2487,,,PROPN
grupo,no_calificado,camarógrafo,1,1,2487,,,NOUN
grupo,no_calificado,cambias,1,1,2487,,,PROPN
grupo,no_calificado,camioneta,1,1,2487,,,NOUN
grupo,no_calificado,campaña,1,1,2487,,,NOUN
grupo,no_calificado,campbell,1,1,2487,,,PROPN
grupo,no_calificado,campeonas,1,1,2487,,,PROPN
grupo,no_calificado,campeón,1,1,2487,,,NOUN
grupo,no_calificado,campus,1,1,2487,,,NOUN
grupo,no_calificado,canasta,1,1,2487,,,NOUN
grupo,no_calificado,cancelación,1,1,2487,,,NOUN
grupo,no_calificado,cancelarte,1,1,2487,,,ADJ
grupo,no_calificado,candente,1,1,2487,,,ADJ
grupo,no_calificado,canelones,1,1,2487,,,PROPN
grupo,no_calificado,canelón,1,1,2487,,,NOUN
grupo,no_calificado,canibalismo,1,1,2487,,,NOUN
grupo,no_calificado,canoa,1,1,2487,,,NOUN
grupo,no_calificado,cansancio,1,1,2487,,,NOUN
grupo,no_calificado,cantón,1,1,2487,,,PROPN
grupo,no_calificado,caos,1,1,2487,,,NOUN
grupo,no_calificado,capitalismo,1,1,2487,,,NOUN
grupo,no_calificado,capitalización,1,1,2487,,,NOUN
grupo,no_calificado,capper,1,1,2487,,,NOUN
grupo,no_calificado,captura,1,1,2487,,,NOUN
grupo,no_calificado,carabao,1,1,2487,,,PROPN
grupo,no_calificado,cardo,1,1,2487,,,NOUN
grupo,no_calificado,caridad,1,1,2487,,,NOUN
grupo,no_calificado,carisma,1,1,2487,,,NOUN
grupo,no_calificado,carismanía,1,1,2487,,,NOUN
grupo,no_calificado,caritativo,1,1,2487,,,ADJ
grupo,no_calificado,cariñoso,1,1,2487,,,ADJ
grupo,no_calificado,carmen,1,1,2487,-1.166,2.0,PROPN
grupo,no_calificado,carnet,1,1,2487,,,NOUN
grupo,no_calificado,carril,1,1,2487,,,PROPN
grupo,no_calificado,cartera,1,1,2487,,,NOUN
grupo,no_calificado,carterista,1,1,2487,-1.166,2.0,NOUN
grupo,no_calificado,cartón,1,1,2487,,,NOUN
grupo,no_calificado,casado,1,1,2487,,,ADJ
grupo,no_calificado,casero,1,1,2487,,,ADJ
grupo,no_calificado,casilla,1,1,2487,,,NOUN
grupo,no_calificado,cassie,1,1,2487,,,PROPN
grupo,no_calificado,catecismo,1,1,2487,,,NOUN
grupo,no_calificado,cauli,1,1,2487,,,PROPN
grupo,no_calificado,cautela,1,1,2487,,,NOUN
grupo,no_calificado,cautiverio,1,1,2487,,,NOUN
grupo,no_calificado,caza,1,1,2487,,,NOUN
grupo,no_calificado,cazador,1,1,2487,,,NOUN
grupo,no_calificado,cañón,1,1,2487,,,NOUN
grupo,no_calificado,cebolla,1,1,2487,,,NOUN
grupo,no_calificado,cee,1,1,2487,,,PROPN
grupo,no_calificado,celebración,1,1,2487,,,NOUN
grupo,no_calificado,celoso,1,1,2487,,,ADJ
grupo,no_calificado,cemento,1,1,2487,,,NOUN
grupo,no_calificado,centrado,1,1,2487,,,ADJ
grupo,no_calificado,centrista,1,1,2487,,,ADJ
grupo,no_calificado,centrocampista,1,1,2487,,,NOUN
grupo,no_calificado,ceo,1,1,2487,,,PROPN
grupo,no_calificado,cerdo,1,1,2487,,,NOUN
grupo,no_calificado,ceremonia,1,1,2487,,,NOUN
grupo,no_calificado,ceremonial,1,1,2487,,,ADJ
grupo,no_calificado,certainty,1,1,2487,,,PROPN
grupo,no_calificado,certeza,1,1,2487,,,NOUN
grupo,no_calificado,champán,1,1,2487,,,NOUN
grupo,no_calificado,chang,1,1,2487,,,PROPN
grupo,no_calificado,chaqueta,1,1,2487,,,NOUN
grupo,no_calificado,charismaniacs,1,1,2487,,,PROPN
grupo,no_calificado,charles,1,1,2487,,,PROPN
grupo,no_calificado,charlie,1,1,2487,,,PROPN
grupo,no_calificado,charmin,1,1,2487,,,PROPN
grupo,no_calificado,chart,1,1,2487,,,PROPN
grupo,no_calificado,cheer,1,1,2487,,,ADJ
grupo,no_calificado,cheering,1,1,2487,,,ADJ
grupo,no_calificado,cheesesteak,1,1,2487,,,PROPN
grupo,no_calificado,cheifs,1,1,2487,,,PROPN
grupo,no_calificado,chels,1,1,2487,,,PROPN
grupo,no_calificado,cherokee,1,1,2487,,,NOUN
grupo,no_calificado,cherry,1,1,2487,,,PROPN
grupo,no_calificado,chiba,1,1,2487,,,PROPN
grupo,no_calificado,chicossssss,1,1,2487,,,ADJ
grupo,no_calificado,chigasaki,1,1,2487,,,PROPN
grupo,no_calificado,chii,1,1,2487,,,PROPN
grupo,no_calificado,chilidogs,1,1,2487,,,ADJ
grupo,no_calificado,chillona,1,1,2487,,,NOUN
grupo,no_calificado,chimenea,1,1,2487,,,NOUN
grupo,no_calificado,chimping,1,1,2487,,,PROPN
grupo,no_calificado,chingón,1,1,2487,,,ADJ
grupo,no_calificado,chip,1,1,2487,,,NOUN
grupo,no_calificado,chistes,1,1,2487,,,PROPN
grupo,no_calificado,chris,1,1,2487,,,PROPN
grupo,no_calificado,christ,1,1,2487,,,PROPN
grupo,no_calificado,christianity,1,1,2487,,,PROPN
grupo,no_calificado,chuletas,1,1,2487,,,PROPN
grupo,no_calificado,chuletón,1,1,2487,,,PROPN
grupo,no_calificado,church,1,1,2487,,,PROPN
grupo,no_calificado,churchill,1,1,2487,,,PROPN
grupo,no_calificado,chute,1,1,2487,,,NOUN
grupo,no_calificado,ciabattas,1,1,2487,,,PROPN
grupo,no_calificado,cicerón,1,1,2487,,,PROPN
grupo,no_calificado,ciego,1,1,2487,,,ADJ
grupo,no_calificado,ciencia,1,1,2487,,,NOUN
grupo,no_calificado,cientificismo,1,1,2487,,,NOUN
grupo,no_calificado,cifra,1,1,2487,,,NOUN
grupo,no_calificado,cigarrillo,1,1,2487,,,NOUN
grupo,no_calificado,cinci,1,1,2487,,,PROPN
grupo,no_calificado,cintura,1,1,2487,,,NOUN
grupo,no_calificado,circuit,1,1,2487,,,PROPN
grupo,no_calificado,circulation,1,1,2487,,,PROPN
grupo,no_calificado,city,1,1,2487,,,PROPN
grupo,no_calificado,civiles,1,1,2487,,,PROPN
grupo,no_calificado,clark,1,1,2487,,,PROPN
grupo,no_calificado,claro,1,1,2487,,,ADJ
grupo,no_calificado,clarísimo,1,1,2487,,,ADJ
grupo,no_calificado,clasificatorio,1,1,2487,,,NOUN
grupo,no_calificado,class,1,1,2487,,,PROPN
grupo,no_calificado,classics,1,1,2487,,,PROPN
grupo,no_calificado,claude,1,1,2487,,,PROPN
grupo,no_calificado,clause,1,1,2487,,,PROPN
grupo,no_calificado,clave,1,1,2487,,,NOUN
grupo,no_calificado,clickbait,1,1,2487,,,NOUN
grupo,no_calificado,clásica,1,1,2487,,,PROPN
grupo,no_calificado,clásicas,1,1,2487,,,NOUN
grupo,no_calificado,clérigo,1,1,2487,,,NOUN
grupo,no_calificado,clímax,1,1,2487,,,NOUN
grupo,no_calificado,clítoris,1,1,2487,,,NOUN
grupo,no_calificado,clón,1,1,2487,,,NOUN
grupo,no_calificado,coach,1,1,2487,,,PROPN
grupo,no_calificado,coaching,1,1,2487,,,NOUN
grupo,no_calificado,coal,1,1,2487,,,PROPN
grupo,no_calificado,coast,1,1,2487,,,PROPN
grupo,no_calificado,cobarde,1,1,2487,,,ADJ
grupo,no_calificado,cobolli,1,1,2487,,,PROPN
grupo,no_calificado,cobre,1,1,2487,,,NOUN
grupo,no_calificado,cocción,1,1,2487,,,NOUN
grupo,no_calificado,cochecito,1,1,2487,,,NOUN
grupo,no_calificado,cocido,1,1,2487,,,ADJ
grupo,no_calificado,cocina,1,1,2487,,,NOUN
grupo,no_calificado,cocinado,1,1,2487,,,ADJ
grupo,no_calificado,coco,1,1,2487,,,PROPN
grupo,no_calificado,coder,1,1,2487,,,PROPN
grupo,no_calificado,codicioso,1,1,2487,,,ADJ
grupo,no_calificado,codificación,1,1,2487,,,NOUN
grupo,no_calificado,codificado,1,1,2487,,,ADJ
grupo,no_calificado,coffee,1,1,2487,,,PROPN
grupo,no_calificado,cofradía,1,1,2487,,,NOUN
grupo,no_calificado,coinversión,1,1,2487,,,NOUN
grupo,no_calificado,colaboración,1,1,2487,,,NOUN
grupo,no_calificado,colchón,1,1,2487,,,NOUN
grupo,no_calificado,cole,1,1,2487,,,PROPN
grupo,no_calificado,colección,1,1,2487,,,NOUN
grupo,no_calificado,colegas,1,1,2487,,,PROPN
grupo,no_calificado,colegio,1,1,2487,,,NOUN
grupo,no_calificado,colgado,1,1,2487,-1.166,2.0,ADJ
grupo,no_calificado,colgante,1,1,2487,,,PROPN
grupo,no_calificado,college,1,1,2487,,,PROPN
grupo,no_calificado,colleges,1,1,2487,,,PROPN
grupo,no_calificado,colonia,1,1,2487,,,NOUN
grupo,no_calificado,coloreado,1,1,2487,,,ADJ
grupo,no_calificado,colorido,1,1,2487,,,ADJ
grupo,no_calificado,columbia,1,1,2487,,,PROPN
grupo,no_calificado,columna,1,1,2487,,,NOUN
grupo,no_calificado,com,1,1,2487,,,PROPN
grupo,no_calificado,comedia,1,1,2487,,,NOUN
grupo,no_calificado,comidas,1,1,2487,,,PROPN
grupo,no_calificado,comienzo,1,1,2487,,,NOUN
grupo,no_calificado,comité,1,1,2487,,,NOUN
grupo,no_calificado,commando,1,1,2487,,,ADJ
grupo,no_calificado,communist,1,1,2487,,,PROPN
grupo,no_calificado,comoセラビ,1,1,2487,,,ADJ
grupo,no_calificado,comparable,1,1,2487,,,ADJ
grupo,no_calificado,comparado,1,1,2487,,,ADJ
grupo,no_calificado,compatible,1,1,2487,,,ADJ
grupo,no_calificado,compañeros,1,1,2487,,,PROPN
grupo,no_calificado,compensación,1,1,2487,,,NOUN
grupo,no_calificado,competencia,1,1,2487,,,NOUN
grupo,no_calificado,componente,1,1,2487,,,NOUN
grupo,no_calificado,comprensión,1,1,2487,,,NOUN
grupo,no_calificado,compórtate,1,1,2487,,,PROPN
grupo,no_calificado,comunicado,1,1,2487,,,NOUN
grupo,no_calificado,comunismo,1,1,2487,,,NOUN
grupo,no_calificado,comunitario,1,1,2487,,,ADJ
grupo,no_calificado,comúnmente,1,1,2487,,,PROPN
grupo,no_calificado,concert,1,1,2487,,,PROPN
grupo,no_calificado,concilio,1,1,2487,,,NOUN
grupo,no_calificado,conclusión,1,1,2487,,,NOUN
grupo,no_calificado,concupiscencia,1,1,2487,,,NOUN
grupo,no_calificado,concurrido,1,1,2487,,,ADJ
grupo,no_calificado,condado,1,1,2487,,,NOUN
grupo,no_calificado,confederación,1,1,2487,,,NOUN
grupo,no_calificado,confesión,1,1,2487,,,NOUN
grupo,no_calificado,confiable,1,1,2487,,,ADJ
grupo,no_calificado,conformidad,1,1,2487,,,NOUN
grupo,no_calificado,congelado,1,1,2487,,,ADJ
grupo,no_calificado,congraciarte,1,1,2487,,,NOUN
grupo,no_calificado,conmovedor,1,1,2487,,,ADJ
grupo,no_calificado,conocedor,1,1,2487,,,ADJ
grupo,no_calificado,conquistamo,1,1,2487,,,NOUN
grupo,no_calificado,consciencia,1,1,2487,,,NOUN
grupo,no_calificado,conserje,1,1,2487,,,NOUN
grupo,no_calificado,considerable,1,1,2487,,,ADJ
grupo,no_calificado,considéalo,1,1,2487,,,PROPN
grupo,no_calificado,consola,1,1,2487,,,NOUN
grupo,no_calificado,conspiración,1,1,2487,,,NOUN
grupo,no_calificado,constante,1,1,2487,,,ADJ
grupo,no_calificado,constitución,1,1,2487,,,PROPN
grupo,no_calificado,consuelo,1,1,2487,,,NOUN
grupo,no_calificado,consultoría,1,1,2487,,,NOUN
grupo,no_calificado,contabilidad,1,1,2487,,,NOUN
grupo,no_calificado,contaminación,1,1,2487,,,NOUN
grupo,no_calificado,contest,1,1,2487,,,PROPN
grupo,no_calificado,continente,1,1,2487,,,NOUN
grupo,no_calificado,contrastado,1,1,2487,,,ADJ
grupo,no_calificado,contratista,1,1,2487,,,NOUN
grupo,no_calificado,contribución,1,1,2487,,,NOUN
grupo,no_calificado,contundente,1,1,2487,,,ADJ
grupo,no_calificado,conveniencia,1,1,2487,,,NOUN
grupo,no_calificado,converso,1,1,2487,,,NOUN
grupo,no_calificado,coorganizado,1,1,2487,,,ADJ
grupo,no_calificado,copamundialdelafifa,1,1,2487,,,PROPN
grupo,no_calificado,copia,1,1,2487,,,NOUN
grupo,no_calificado,coral,1,1,2487,,,PROPN
grupo,no_calificado,corbin,1,1,2487,,,PROPN
grupo,no_calificado,core,1,1,2487,,,ADJ
grupo,no_calificado,coreano,1,1,2487,,,ADJ
grupo,no_calificado,cornuall,1,1,2487,,,NOUN
grupo,no_calificado,corporal,1,1,2487,,,ADJ
grupo,no_calificado,correa,1,1,2487,,,NOUN
grupo,no_calificado,corredor,1,1,2487,,,NOUN
grupo,no_calificado,cortina,1,1,2487,,,NOUN
grupo,no_calificado,corán,1,1,2487,,,PROPN
grupo,no_calificado,cosido,1,1,2487,,,ADJ
grupo,no_calificado,cosmovisión,1,1,2487,,,NOUN
grupo,no_calificado,coste,1,1,2487,,,NOUN
grupo,no_calificado,cotidiano,1,1,2487,,,ADJ
grupo,no_calificado,cottage,1,1,2487,,,PROPN
grupo,no_calificado,cowboy,1,1,2487,,,NOUN
grupo,no_calificado,cowork,1,1,2487,,,PROPN
grupo,no_calificado,coña,1,1,2487,,,NOUN
grupo,no_calificado,crack,1,1,2487,,,NOUN
grupo,no_calificado,crashedstarr,1,1,2487,,,PROPN
grupo,no_calificado,creado,1,1,2487,,,ADJ
grupo,no_calificado,creators,1,1,2487,,,PROPN
grupo,no_calificado,creature,1,1,2487,,,PROPN
grupo,no_calificado,creces,1,1,2487,,,NOUN
grupo,no_calificado,creciente,1,1,2487,,,ADJ
grupo,no_calificado,crecimiento,1,1,2487,,,NOUN
grupo,no_calificado,crediticio,1,1,2487,,,ADJ
grupo,no_calificado,creek,1,1,2487,,,PROPN
grupo,no_calificado,creería,1,1,2487,,,NOUN
grupo,no_calificado,crema,1,1,2487,,,NOUN
grupo,no_calificado,cremosa,1,1,2487,,,ADJ
grupo,no_calificado,cremosas,1,1,2487,,,PROPN
grupo,no_calificado,cremosos,1,1,2487,,,PROPN
grupo,no_calificado,cremós,1,1,2487,,,ADJ
grupo,no_calificado,cresta,1,1,2487,,,NOUN
grupo,no_calificado,criminal,1,1,2487,,,ADJ
grupo,no_calificado,criptonita,1,1,2487,,,NOUN
grupo,no_calificado,criterio,1,1,2487,,,NOUN
grupo,no_calificado,croissants,1,1,2487,,,PROPN
grupo,no_calificado,cronograma,1,1,2487,,,NOUN
grupo,no_calificado,cruce,1,1,2487,,,NOUN
grupo,no_calificado,crucero,1,1,2487,,,NOUN
grupo,no_calificado,cruise,1,1,2487,,,PROPN
grupo,no_calificado,crujientes,1,1,2487,,,PROPN
grupo,no_calificado,crunchwrap,1,1,2487,,,PROPN
grupo,no_calificado,crunchwraps,1,1,2487,,,PROPN
grupo,no_calificado,cruzado,1,1,2487,,,ADJ
grupo,no_calificado,crying,1,1,2487,,,ADJ
grupo,no_calificado,crédulo,1,1,2487,,,ADJ
grupo,no_calificado,crítica,1,1,2487,,,NOUN
grupo,no_calificado,crónico,1,1,2487,,,ADJ
grupo,no_calificado,cuaderno,1,1,2487,,,NOUN
grupo,no_calificado,cuadruplex,1,1,2487,,,PROPN
grupo,no_calificado,cuatrillón,1,1,2487,,,NOUN
grupo,no_calificado,cuchara,1,1,2487,,,NOUN
grupo,no_calificado,cuckolds,1,1,2487,,,PROPN
grupo,no_calificado,cuelga,1,1,2487,,,PROPN
grupo,no_calificado,cuenco,1,1,2487,,,NOUN
grupo,no_calificado,culpabilidad,1,1,2487,,,NOUN
grupo,no_calificado,cultivo,1,1,2487,,,NOUN
grupo,no_calificado,cultural,1,1,2487,,,ADJ
grupo,no_calificado,culón,1,1,2487,,,NOUN
grupo,no_calificado,cumbre,1,1,2487,,,NOUN
grupo,no_calificado,cumpleaño,1,1,2487,,,NOUN
grupo,no_calificado,cumplido,1,1,2487,,,NOUN
grupo,no_calificado,cunt,1,1,2487,,,PROPN
grupo,no_calificado,cupcake,1,1,2487,,,NOUN
grupo,no_calificado,cupón,1,1,2487,,,NOUN
grupo,no_calificado,cursi,1,1,2487,,,ADJ
grupo,no_calificado,cuties,1,1,2487,,,PROPN
grupo,no_calificado,cutre,1,1,2487,,,ADJ
grupo,no_calificado,cáceres,1,1,2487,,,PROPN
grupo,no_calificado,cállate,1,1,2487,,,PROPN
grupo,no_calificado,cálmese,1,1,2487,,,PROPN
grupo,no_calificado,cántaro,1,1,2487,,,NOUN
grupo,no_calificado,cápsula,1,1,2487,,,NOUN
grupo,no_calificado,cárcel,1,1,2487,-1.166,2.0,NOUN
grupo,no_calificado,círculo,1,1,2487,,,NOUN
grupo,no_calificado,cómico,1,1,2487,,,ADJ
grupo,no_calificado,cómoda,1,1,2487,,,PROPN
grupo,no_calificado,cómplice,1,1,2487,,,NOUN
grupo,no_calificado,dame,1,1,2487,,,PROPN
grupo,no_calificado,daniel,1,1,2487,,,PROPN
grupo,no_calificado,danny,1,1,2487,,,PROPN
grupo,no_calificado,danos,1,1,2487,,,PROPN
grupo,no_calificado,darling,1,1,2487,,,PROPN
grupo,no_calificado,darren,1,1,2487,,,PROPN
grupo,no_calificado,darwin,1,1,2487,,,PROPN
grupo,no_calificado,date,1,1,2487,,,ADJ
grupo,no_calificado,dave,1,1,2487,,,PROPN
grupo,no_calificado,dazn,1,1,2487,,,PROPN
grupo,no_calificado,dañino,1,1,2487,,,ADJ
grupo,no_calificado,dea,1,1,2487,,,PROPN
grupo,no_calificado,deace,1,1,2487,,,PROPN
grupo,no_calificado,deacon,1,1,2487,,,PROPN
grupo,no_calificado,dear,1,1,2487,,,PROPN
grupo,no_calificado,deb,1,1,2487,,,PROPN
grupo,no_calificado,debido,1,1,2487,,,ADJ
grupo,no_calificado,debilidad,1,1,2487,,,NOUN
grupo,no_calificado,decisivo,1,1,2487,,,ADJ
grupo,no_calificado,deck,1,1,2487,,,PROPN
grupo,no_calificado,declan,1,1,2487,,,PROPN
grupo,no_calificado,decoración,1,1,2487,,,NOUN
grupo,no_calificado,dedicación,1,1,2487,,,NOUN
grupo,no_calificado,definitely,1,1,2487,,,PROPN
grupo,no_calificado,definitorio,1,1,2487,,,ADJ
grupo,no_calificado,deformidad,1,1,2487,,,NOUN
grupo,no_calificado,dei,1,1,2487,,,PROPN
grupo,no_calificado,dejad,1,1,2487,,,PROPN
grupo,no_calificado,delgado,1,1,2487,,,ADJ
grupo,no_calificado,delicatessen,1,1,2487,,,PROPN
grupo,no_calificado,deliciós,1,1,2487,,,ADJ
grupo,no_calificado,delincuencia,1,1,2487,,,NOUN
grupo,no_calificado,delta,1,1,2487,,,PROPN
grupo,no_calificado,delulu,1,1,2487,,,NOUN
grupo,no_calificado,deme,1,1,2487,,,PROPN
grupo,no_calificado,democrático,1,1,2487,,,ADJ
grupo,no_calificado,demonnomi,1,1,2487,,,PROPN
grupo,no_calificado,demora,1,1,2487,,,NOUN
grupo,no_calificado,denso,1,1,2487,,,ADJ
grupo,no_calificado,denuncia,1,1,2487,,,NOUN
grupo,no_calificado,depravación,1,1,2487,,,NOUN
grupo,no_calificado,depredador,1,1,2487,,,NOUN
grupo,no_calificado,deprimido,1,1,2487,,,ADJ
grupo,no_calificado,derechos,1,1,2487,,,PROPN
grupo,no_calificado,derek,1,1,2487,,,PROPN
grupo,no_calificado,derramado,1,1,2487,,,ADJ
grupo,no_calificado,derramarla,1,1,2487,,,NOUN
grupo,no_calificado,derribándolo,1,1,2487,,,NOUN
grupo,no_calificado,derrochadoro,1,1,2487,,,ADJ
grupo,no_calificado,derry,1,1,2487,,,PROPN
grupo,no_calificado,desabrochado,1,1,2487,,,ADJ
grupo,no_calificado,desactivado,1,1,2487,,,ADJ
grupo,no_calificado,desalineación,1,1,2487,,,NOUN
grupo,no_calificado,desantis,1,1,2487,,,NOUN
grupo,no_calificado,desarrollado,1,1,2487,,,ADJ
grupo,no_calificado,desatado,1,1,2487,,,ADJ
grupo,no_calificado,descarga,1,1,2487,,,PROPN
grupo,no_calificado,descenso,1,1,2487,,,NOUN
grupo,no_calificado,descente,1,1,2487,,,PROPN
grupo,no_calificado,desconcertante,1,1,2487,,,ADJ
grupo,no_calificado,desconexión,1,1,2487,,,NOUN
grupo,no_calificado,descuidado,1,1,2487,,,ADJ
grupo,no_calificado,desdentado,1,1,2487,,,ADJ
grupo,no_calificado,desempleado,1,1,2487,,,ADJ
grupo,no_calificado,desesperado,1,1,2487,,,ADJ
grupo,no_calificado,desfase,1,1,2487,,,NOUN
grupo,no_calificado,desgracia,1,1,2487,,,NOUN
grupo,no_calificado,deshonesto,1,1,2487,,,ADJ
grupo,no_calificado,desierto,1,1,2487,,,NOUN
grupo,no_calificado,desinformación,1,1,2487,,,NOUN
grupo,no_calificado,deslizador,1,1,2487,,,NOUN
grupo,no_calificado,deslumbrante,1,1,2487,,,ADJ
grupo,no_calificado,desnudo,1,1,2487,,,PROPN
grupo,no_calificado,desprecio,1,1,2487,,,NOUN
grupo,no_calificado,destituido,1,1,2487,,,ADJ
grupo,no_calificado,destroyer,1,1,2487,,,PROPN
grupo,no_calificado,destrozado,1,1,2487,,,ADJ
grupo,no_calificado,desventaja,1,1,2487,,,NOUN
grupo,no_calificado,determinación,1,1,2487,,,NOUN
grupo,no_calificado,determinado,1,1,2487,,,ADJ
grupo,no_calificado,devastado,1,1,2487,,,ADJ
grupo,no_calificado,development,1,1,2487,,,PROPN
grupo,no_calificado,devil,1,1,2487,,,PROPN
grupo,no_calificado,devorador,1,1,2487,,,NOUN
grupo,no_calificado,dew,1,1,2487,,,PROPN
grupo,no_calificado,deísmo,1,1,2487,,,NOUN
grupo,no_calificado,diabetes,1,1,2487,,,NOUN
grupo,no_calificado,diabético,1,1,2487,,,ADJ
grupo,no_calificado,diabólico,1,1,2487,,,ADJ
grupo,no_calificado,diamante,1,1,2487,,,NOUN
grupo,no_calificado,dibujo,1,1,2487,,,NOUN
grupo,no_calificado,diccionario,1,1,2487,,,NOUN
grupo,no_calificado,diciembre,1,1,2487,,,NOUN
grupo,no_calificado,dictador,1,1,2487,,,NOUN
grupo,no_calificado,did,1,1,2487,,,ADJ
grupo,no_calificado,diente,1,1,2487,,,NOUN
grupo,no_calificado,dieta,1,1,2487,,,NOUN
grupo,no_calificado,dietista,1,1,2487,,,NOUN
grupo,no_calificado,dignidad,1,1,2487,,,NOUN
grupo,no_calificado,digno,1,1,2487,,,ADJ
grupo,no_calificado,dih,1,1,2487,,,PROPN
grupo,no_calificado,dil,1,1,2487,,,NOUN
grupo,no_calificado,dilema,1,1,2487,,,NOUN
grupo,no_calificado,ding,1,1,2487,,,PROPN
grupo,no_calificado,dingarin,1,1,2487,,,PROPN
grupo,no_calificado,dinámica,1,1,2487,,,NOUN
grupo,no_calificado,dippin,1,1,2487,,,PROPN
grupo,no_calificado,director,1,1,2487,,,NOUN
grupo,no_calificado,dirigido,1,1,2487,,,ADJ
grupo,no_calificado,disciplina,1,1,2487,,,NOUN
grupo,no_calificado,disclosure,1,1,2487,,,PROPN
grupo,no_calificado,discord,1,1,2487,,,PROPN
grupo,no_calificado,disculpe,1,1,2487,,,PROPN
grupo,no_calificado,discusión,1,1,2487,,,NOUN
grupo,no_calificado,discussion,1,1,2487,,,PROPN
grupo,no_calificado,discípulos,1,1,2487,,,PROPN
grupo,no_calificado,disfrazado,1,1,2487,,,ADJ
grupo,no_calificado,disojari,1,1,2487,,,PROPN
grupo,no_calificado,disparado,1,1,2487,,,ADJ
grupo,no_calificado,disparidad,1,1,2487,,,NOUN
grupo,no_calificado,disparo,1,1,2487,,,NOUN
grupo,no_calificado,dispositivo,1,1,2487,,,NOUN
grupo,no_calificado,distancia,1,1,2487,,,NOUN
grupo,no_calificado,distracción,1,1,2487,,,NOUN
grupo,no_calificado,diverso,1,1,2487,,,ADJ
grupo,no_calificado,dividendo,1,1,2487,,,NOUN
grupo,no_calificado,divisivo,1,1,2487,,,ADJ
grupo,no_calificado,diviértete,1,1,2487,,,PROPN
grupo,no_calificado,divorciado,1,1,2487,,,ADJ
grupo,no_calificado,divorcio,1,1,2487,,,NOUN
grupo,no_calificado,diálogo,1,1,2487,,,NOUN
grupo,no_calificado,diáspora,1,1,2487,,,NOUN
grupo,no_calificado,dnc,1,1,2487,,,PROPN
grupo,no_calificado,doblado,1,1,2487,,,ADJ
grupo,no_calificado,doc,1,1,2487,,,PROPN
grupo,no_calificado,docena,1,1,2487,,,NOUN
grupo,no_calificado,documentación,1,1,2487,,,NOUN
grupo,no_calificado,documento,1,1,2487,,,NOUN
grupo,no_calificado,does,1,1,2487,,,PROPN
grupo,no_calificado,dogs,1,1,2487,,,PROPN
grupo,no_calificado,doha,1,1,2487,,,PROPN
grupo,no_calificado,dole,1,1,2487,,,PROPN
grupo,no_calificado,dominante,1,1,2487,,,ADJ
grupo,no_calificado,doméstico,1,1,2487,,,ADJ
grupo,no_calificado,don,1,1,2487,,,PROPN
grupo,no_calificado,dona,1,1,2487,,,NOUN
grupo,no_calificado,doncaster,1,1,2487,,,PROPN
grupo,no_calificado,donna,1,1,2487,,,PROPN
grupo,no_calificado,donovan,1,1,2487,,,PROPN
grupo,no_calificado,donut,1,1,2487,,,NOUN
grupo,no_calificado,doomsday,1,1,2487,,,PROPN
grupo,no_calificado,dopamina,1,1,2487,,,NOUN
grupo,no_calificado,dormitorio,1,1,2487,,,NOUN
grupo,no_calificado,doro,1,1,2487,,,ADJ
grupo,no_calificado,dosis,1,1,2487,,,NOUN
grupo,no_calificado,douglass,1,1,2487,,,PROPN
grupo,no_calificado,down,1,1,2487,,,PROPN
grupo,no_calificado,draco,1,1,2487,,,PROPN
grupo,no_calificado,draft,1,1,2487,,,NOUN
grupo,no_calificado,drake,1,1,2487,,,PROPN
grupo,no_calificado,drenaje,1,1,2487,,,NOUN
grupo,no_calificado,drippydip,1,1,2487,,,PROPN
grupo,no_calificado,droid,1,1,2487,,,NOUN
grupo,no_calificado,droide,1,1,2487,,,ADJ
grupo,no_calificado,dualismo,1,1,2487,,,NOUN
grupo,no_calificado,dulzura,1,1,2487,,,NOUN
grupo,no_calificado,dumb,1,1,2487,,,PROPN
grupo,no_calificado,duolingo,1,1,2487,,,PROPN
grupo,no_calificado,dusk,1,1,2487,,,PROPN
grupo,no_calificado,dynamics,1,1,2487,,,PROPN
grupo,no_calificado,décimo,1,1,2487,,,ADJ
grupo,no_calificado,earp,1,1,2487,,,PROPN
grupo,no_calificado,ebonics,1,1,2487,,,PROPN
grupo,no_calificado,echo,1,1,2487,,,PROPN
grupo,no_calificado,eclesiástico,1,1,2487,,,ADJ
grupo,no_calificado,ecologista,1,1,2487,,,ADJ
grupo,no_calificado,economista,1,1,2487,,,NOUN
grupo,no_calificado,edge,1,1,2487,,,PROPN
grupo,no_calificado,edina,1,1,2487,,,PROPN
grupo,no_calificado,editor,1,1,2487,,,NOUN
grupo,no_calificado,editorial,1,1,2487,,,NOUN
grupo,no_calificado,educado,1,1,2487,,,ADJ
grupo,no_calificado,educadora,1,1,2487,,,NOUN
grupo,no_calificado,eeeeeeeeeee,1,1,2487,,,PROPN
grupo,no_calificado,eeuu,1,1,2487,,,PROPN
grupo,no_calificado,efecto,1,1,2487,,,NOUN
grupo,no_calificado,efervescente,1,1,2487,,,ADJ
grupo,no_calificado,efl,1,1,2487,,,PROPN
grupo,no_calificado,eje,1,1,2487,,,NOUN
grupo,no_calificado,ejecutado,1,1,2487,,,ADJ
grupo,no_calificado,elasticidad,1,1,2487,,,NOUN
grupo,no_calificado,electoral,1,1,2487,,,ADJ
grupo,no_calificado,elegancia,1,1,2487,,,NOUN
grupo,no_calificado,elegiré,1,1,2487,,,PROPN
grupo,no_calificado,elemento,1,1,2487,,,NOUN
grupo,no_calificado,elevado,1,1,2487,,,ADJ
grupo,no_calificado,eli,1,1,2487,,,PROPN
grupo,no_calificado,eliminate,1,1,2487,,,PROPN
grupo,no_calificado,elle,1,1,2487,,,PROPN
grupo,no_calificado,elliot,1,1,2487,,,PROPN
grupo,no_calificado,elote,1,1,2487,-1.83,4.0,PROPN
grupo,no_calificado,embarque,1,1,2487,,,PROPN
grupo,no_calificado,embotellado,1,1,2487,,,ADJ
grupo,no_calificado,emergencia,1,1,2487,,,NOUN
grupo,no_calificado,emily,1,1,2487,,,PROPN
grupo,no_calificado,emma,1,1,2487,,,PROPN
grupo,no_calificado,emocional,1,1,2487,,,ADJ
grupo,no_calificado,emocionante,1,1,2487,,,ADJ
grupo,no_calificado,emotivo,1,1,2487,,,ADJ
grupo,no_calificado,empacado,1,1,2487,,,PROPN
grupo,no_calificado,empaque,1,1,2487,,,NOUN
grupo,no_calificado,empatía,1,1,2487,,,NOUN
grupo,no_calificado,empañado,1,1,2487,,,ADJ
grupo,no_calificado,empire,1,1,2487,,,PROPN
grupo,no_calificado,empleado,1,1,2487,,,NOUN
grupo,no_calificado,empleo,1,1,2487,,,NOUN
grupo,no_calificado,empobrecido,1,1,2487,,,ADJ
grupo,no_calificado,emprendedor,1,1,2487,,,NOUN
grupo,no_calificado,emprendimiento,1,1,2487,,,NOUN
grupo,no_calificado,empírico,1,1,2487,,,ADJ
grupo,no_calificado,enantiodromio,1,1,2487,,,ADJ
grupo,no_calificado,encantado,1,1,2487,,,ADJ
grupo,no_calificado,encantadora,1,1,2487,,,PROPN
grupo,no_calificado,enchuf,1,1,2487,,,NOUN
grupo,no_calificado,endure,1,1,2487,,,PROPN
grupo,no_calificado,energizante,1,1,2487,,,ADJ
grupo,no_calificado,enero,1,1,2487,,,NOUN
grupo,no_calificado,enferma,1,1,2487,,,NOUN
grupo,no_calificado,enfermedad,1,1,2487,,,NOUN
grupo,no_calificado,enfermo,1,1,2487,,,ADJ
grupo,no_calificado,engañoso,1,1,2487,,,ADJ
grupo,no_calificado,engdrc,1,1,2487,,,PROPN
grupo,no_calificado,engels,1,1,2487,,,PROPN
grupo,no_calificado,english,1,1,2487,,,PROPN
grupo,no_calificado,enlazado,1,1,2487,,,ADJ
grupo,no_calificado,enmienda,1,1,2487,,,NOUN
grupo,no_calificado,enmárcalos,1,1,2487,,,PROPN
grupo,no_calificado,enojado,1,1,2487,,,ADJ
grupo,no_calificado,ensaladas,1,1,2487,,,PROPN
grupo,no_calificado,ensalado,1,1,2487,,,ADJ
grupo,no_calificado,enseñado,1,1,2487,,,ADJ
grupo,no_calificado,entitlement,1,1,2487,,,PROPN
grupo,no_calificado,entorno,1,1,2487,-1.166,2.0,NOUN
grupo,no_calificado,entourage,1,1,2487,,,PROPN
grupo,no_calificado,entusiasmo,1,1,2487,,,NOUN
grupo,no_calificado,enviándote,1,1,2487,,,PROPN
grupo,no_calificado,envuélvelo,1,1,2487,,,NOUN
grupo,no_calificado,envíenme,1,1,2487,,,PROPN
grupo,no_calificado,epc,1,1,2487,,,PROPN
grupo,no_calificado,epstein,1,1,2487,,,PROPN
grupo,no_calificado,epístola,1,1,2487,,,NOUN
grupo,no_calificado,equity,1,1,2487,,,PROPN
grupo,no_calificado,ernie,1,1,2487,,,PROPN
grupo,no_calificado,erróneo,1,1,2487,,,ADJ
grupo,no_calificado,eru,1,1,2487,,,PROPN
grupo,no_calificado,erótico,1,1,2487,,,ADJ
grupo,no_calificado,escala,1,1,2487,,,NOUN
grupo,no_calificado,escaso,1,1,2487,,,ADJ
grupo,no_calificado,esclavitud,1,1,2487,,,NOUN
grupo,no_calificado,esclaviza,1,1,2487,,,NOUN
grupo,no_calificado,escoria,1,1,2487,,,NOUN
grupo,no_calificado,escorpión,1,1,2487,,,NOUN
grupo,no_calificado,escritor,1,1,2487,,,NOUN
grupo,no_calificado,escritorio,1,1,2487,,,NOUN
grupo,no_calificado,escritura,1,1,2487,,,NOUN
grupo,no_calificado,escrituras,1,1,2487,,,PROPN
grupo,no_calificado,escuadrón,1,1,2487,,,NOUN
grupo,no_calificado,escudo,1,1,2487,,,NOUN
grupo,no_calificado,escúchenme,1,1,2487,,,PROPN
grupo,no_calificado,espacial,1,1,2487,,,ADJ
grupo,no_calificado,espada,1,1,2487,,,NOUN
grupo,no_calificado,espantapájaros,1,1,2487,,,NOUN
grupo,no_calificado,esparcido,1,1,2487,,,ADJ
grupo,no_calificado,español,1,1,2487,-1.166,2.0,ADJ
grupo,no_calificado,especially,1,1,2487,,,PROPN
grupo,no_calificado,especificación,1,1,2487,,,NOUN
grupo,no_calificado,especulativo,1,1,2487,,,ADJ
grupo,no_calificado,espejo,1,1,2487,,,NOUN
grupo,no_calificado,esperándola,1,1,2487,,,PROPN
grupo,no_calificado,espiral,1,1,2487,,,NOUN
grupo,no_calificado,esposito,1,1,2487,,,PROPN
grupo,no_calificado,esposo,1,1,2487,,,NOUN
grupo,no_calificado,espuma,1,1,2487,,,NOUN
grupo,no_calificado,espárragos,1,1,2487,,,PROPN
grupo,no_calificado,esqueleto,1,1,2487,,,NOUN
grupo,no_calificado,esquina,1,1,2487,,,NOUN
grupo,no_calificado,est,1,1,2487,,,PROPN
grupo,no_calificado,estable,1,1,2487,,,ADJ
grupo,no_calificado,estadía,1,1,2487,,,NOUN
grupo,no_calificado,estadística,1,1,2487,,,NOUN
grupo,no_calificado,estafa,1,1,2487,,,NOUN
grupo,no_calificado,estafadoro,1,1,2487,,,ADJ
grupo,no_calificado,estatus,1,1,2487,,,NOUN
grupo,no_calificado,estereotipo,1,1,2487,,,NOUN
grupo,no_calificado,estimado,1,1,2487,,,ADJ
grupo,no_calificado,estrategia,1,1,2487,,,NOUN
grupo,no_calificado,estructurado,1,1,2487,,,ADJ
grupo,no_calificado,estrés,1,1,2487,,,NOUN
grupo,no_calificado,estudia,1,1,2487,,,ADJ
grupo,no_calificado,estudiantil,1,1,2487,,,ADJ
grupo,no_calificado,estupidez,1,1,2487,,,NOUN
grupo,no_calificado,esté,1,1,2487,,,ADJ
grupo,no_calificado,estética,1,1,2487,,,NOUN
grupo,no_calificado,etc,1,1,2487,,,PROPN
grupo,no_calificado,eternidad,1,1,2487,,,NOUN
grupo,no_calificado,etete,1,1,2487,,,PROPN
grupo,no_calificado,ethos,1,1,2487,,,NOUN
grupo,no_calificado,eufemismo,1,1,2487,,,NOUN
grupo,no_calificado,eufórico,1,1,2487,,,ADJ
grupo,no_calificado,europeo,1,1,2487,,,NOUN
grupo,no_calificado,euros,1,1,2487,,,NOUN
grupo,no_calificado,evangelistas,1,1,2487,,,PROPN
grupo,no_calificado,ever,1,1,2487,,,PROPN
grupo,no_calificado,everspin,1,1,2487,,,PROPN
grupo,no_calificado,every,1,1,2487,,,PROPN
grupo,no_calificado,exactramente,1,1,2487,,,ADJ
grupo,no_calificado,exagerado,1,1,2487,,,ADJ
grupo,no_calificado,exalumno,1,1,2487,,,NOUN
grupo,no_calificado,exclusivo,1,1,2487,,,ADJ
grupo,no_calificado,excursión,1,1,2487,,,NOUN
grupo,no_calificado,excusa,1,1,2487,,,NOUN
grupo,no_calificado,exento,1,1,2487,,,ADJ
grupo,no_calificado,existencia,1,1,2487,,,NOUN
grupo,no_calificado,exorcismo,1,1,2487,,,NOUN
grupo,no_calificado,experto,1,1,2487,,,NOUN
grupo,no_calificado,explica,1,1,2487,,,ADJ
grupo,no_calificado,explicación,1,1,2487,,,NOUN
grupo,no_calificado,explorer,1,1,2487,,,PROPN
grupo,no_calificado,explosivo,1,1,2487,,,ADJ
grupo,no_calificado,explotación,1,1,2487,,,NOUN
grupo,no_calificado,explícamelo,1,1,2487,,,PROPN
grupo,no_calificado,expuesto,1,1,2487,,,ADJ
grupo,no_calificado,extensión,1,1,2487,,,NOUN
grupo,no_calificado,exterior,1,1,2487,,,ADJ
grupo,no_calificado,externalidad,1,1,2487,,,NOUN
grupo,no_calificado,extraterrestr,1,1,2487,,,NOUN
grupo,no_calificado,extrema,1,1,2487,,,PROPN
grupo,no_calificado,extreme,1,1,2487,,,PROPN
grupo,no_calificado,exótico,1,1,2487,,,ADJ
grupo,no_calificado,fabuloso,1,1,2487,-1.529,3.0,ADJ
grupo,no_calificado,facturada,1,1,2487,,,ADJ
grupo,no_calificado,faggotry,1,1,2487,,,ADJ
grupo,no_calificado,fags,1,1,2487,,,PROPN
grupo,no_calificado,falda,1,1,2487,,,NOUN
grupo,no_calificado,falla,1,1,2487,,,NOUN
grupo,no_calificado,fallo,1,1,2487,,,NOUN
grupo,no_calificado,falsificación,1,1,2487,,,NOUN
grupo,no_calificado,famicom,1,1,2487,,,PROPN
grupo,no_calificado,famoso,1,1,2487,,,ADJ
grupo,no_calificado,famous,1,1,2487,,,PROPN
grupo,no_calificado,fanboy,1,1,2487,,,NOUN
grupo,no_calificado,fanta,1,1,2487,,,PROPN
grupo,no_calificado,fanático,1,1,2487,,,ADJ
grupo,no_calificado,farming,1,1,2487,,,PROPN
grupo,no_calificado,farrik,1,1,2487,,,PROPN
grupo,no_calificado,farsa,1,1,2487,,,NOUN
grupo,no_calificado,fase,1,1,2487,,,NOUN
grupo,no_calificado,fatiga,1,1,2487,,,NOUN
grupo,no_calificado,fault,1,1,2487,,,PROPN
grupo,no_calificado,favorable,1,1,2487,,,ADJ
grupo,no_calificado,fawk,1,1,2487,,,PROPN
grupo,no_calificado,fed,1,1,2487,,,PROPN
grupo,no_calificado,federal,1,1,2487,,,ADJ
grupo,no_calificado,fedoro,1,1,2487,,,ADJ
grupo,no_calificado,feed,1,1,2487,,,NOUN
grupo,no_calificado,feligrés,1,1,2487,,,NOUN
grupo,no_calificado,feminismo,1,1,2487,,,NOUN
grupo,no_calificado,fenomenal,1,1,2487,,,ADJ
grupo,no_calificado,fentanyl,1,1,2487,,,NOUN
grupo,no_calificado,fenómeno,1,1,2487,,,NOUN
grupo,no_calificado,feo,1,1,2487,,,ADJ
grupo,no_calificado,feria,1,1,2487,,,NOUN
grupo,no_calificado,ferrik,1,1,2487,,,PROPN
grupo,no_calificado,fertilizant,1,1,2487,,,ADJ
grupo,no_calificado,fetiche,1,1,2487,,,PROPN
grupo,no_calificado,fibra,1,1,2487,,,NOUN
grupo,no_calificado,ficticio,1,1,2487,,,ADJ
grupo,no_calificado,fidelidad,1,1,2487,,,NOUN
grupo,no_calificado,fiel,1,1,2487,,,ADJ
grupo,no_calificado,figma,1,1,2487,,,PROPN
grupo,no_calificado,fil,1,1,2487,,,NOUN
grupo,no_calificado,filipinas,1,1,2487,,,PROPN
grupo,no_calificado,filósofo,1,1,2487,,,NOUN
grupo,no_calificado,final,1,1,2487,,,NOUN
grupo,no_calificado,finales,1,1,2487,,,NOUN
grupo,no_calificado,financiado,1,1,2487,,,ADJ
grupo,no_calificado,financiaré,1,1,2487,,,NOUN
grupo,no_calificado,finca,1,1,2487,,,NOUN
grupo,no_calificado,finde,1,1,2487,,,NOUN
grupo,no_calificado,fine,1,1,2487,,,PROPN
grupo,no_calificado,fingerlings,1,1,2487,,,PROPN
grupo,no_calificado,finish,1,1,2487,,,NOUN
grupo,no_calificado,finlandia,1,1,2487,,,PROPN
grupo,no_calificado,finsubs,1,1,2487,,,NOUN
grupo,no_calificado,firestick,1,1,2487,,,PROPN
grupo,no_calificado,firme,1,1,2487,,,ADJ
grupo,no_calificado,fitness,1,1,2487,,,PROPN
grupo,no_calificado,flaco,1,1,2487,,,ADJ
grupo,no_calificado,flaming,1,1,2487,,,PROPN
grupo,no_calificado,flashscore,1,1,2487,,,PROPN
grupo,no_calificado,flota,1,1,2487,,,NOUN
grupo,no_calificado,flujo,1,1,2487,,,NOUN
grupo,no_calificado,flynt,1,1,2487,,,PROPN
grupo,no_calificado,foco,1,1,2487,,,NOUN
grupo,no_calificado,fomc,1,1,2487,,,PROPN
grupo,no_calificado,food,1,1,2487,,,PROPN
grupo,no_calificado,footballer,1,1,2487,,,PROPN
grupo,no_calificado,forestal,1,1,2487,,,ADJ
grupo,no_calificado,forge,1,1,2487,,,PROPN
grupo,no_calificado,forget,1,1,2487,,,NOUN
grupo,no_calificado,forgettable,1,1,2487,,,ADJ
grupo,no_calificado,formal,1,1,2487,,,ADJ
grupo,no_calificado,former,1,1,2487,,,NOUN
grupo,no_calificado,forzado,1,1,2487,,,ADJ
grupo,no_calificado,fosa,1,1,2487,,,NOUN
grupo,no_calificado,foso,1,1,2487,,,NOUN
grupo,no_calificado,fotónico,1,1,2487,,,ADJ
grupo,no_calificado,founder,1,1,2487,,,PROPN
grupo,no_calificado,foundermaxx,1,1,2487,,,NOUN
grupo,no_calificado,four,1,1,2487,,,PROPN
grupo,no_calificado,fracción,1,1,2487,,,NOUN
grupo,no_calificado,fragmentación,1,1,2487,,,NOUN
grupo,no_calificado,frambuesa,1,1,2487,,,NOUN
grupo,no_calificado,france,1,1,2487,,,PROPN
grupo,no_calificado,francisco,1,1,2487,,,PROPN
grupo,no_calificado,franquiciado,1,1,2487,,,NOUN
grupo,no_calificado,franquicias,1,1,2487,,,PROPN
grupo,no_calificado,fraswe,1,1,2487,,,PROPN
grupo,no_calificado,fraternidad,1,1,2487,,,NOUN
grupo,no_calificado,frecuencia,1,1,2487,,,NOUN
grupo,no_calificado,frecuente,1,1,2487,,,ADJ
grupo,no_calificado,frederick,1,1,2487,,,PROPN
grupo,no_calificado,french,1,1,2487,,,PROPN
grupo,no_calificado,fresa,1,1,2487,,,NOUN
grupo,no_calificado,friday,1,1,2487,,,PROPN
grupo,no_calificado,friendly,1,1,2487,,,PROPN
grupo,no_calificado,frijol,1,1,2487,-1.529,3.0,NOUN
grupo,no_calificado,frijoles,1,1,2487,,,PROPN
grupo,no_calificado,fritas,1,1,2487,,,NOUN
grupo,no_calificado,front,1,1,2487,,,PROPN
grupo,no_calificado,frutal,1,1,2487,,,ADJ
grupo,no_calificado,fruto,1,1,2487,,,NOUN
grupo,no_calificado,ftw,1,1,2487,,,PROPN
grupo,no_calificado,fuente,1,1,2487,,,NOUN
grupo,no_calificado,fugaz,1,1,2487,,,ADJ
grupo,no_calificado,fuji,1,1,2487,,,PROPN
grupo,no_calificado,fun,1,1,2487,,,PROPN
grupo,no_calificado,fundado,1,1,2487,,,ADJ
grupo,no_calificado,fundido,1,1,2487,,,ADJ
grupo,no_calificado,furia,1,1,2487,,,NOUN
grupo,no_calificado,gabby,1,1,2487,,,PROPN
grupo,no_calificado,gal,1,1,2487,,,NOUN
grupo,no_calificado,gala,1,1,2487,,,PROPN
grupo,no_calificado,galarza,1,1,2487,,,PROPN
grupo,no_calificado,gallina,1,1,2487,,,NOUN
grupo,no_calificado,ganado,1,1,2487,,,ADJ
grupo,no_calificado,ganador,1,1,2487,,,NOUN
grupo,no_calificado,ganga,1,1,2487,,,NOUN
grupo,no_calificado,gareth,1,1,2487,,,PROPN
grupo,no_calificado,gary,1,1,2487,,,PROPN
grupo,no_calificado,gasto,1,1,2487,,,NOUN
grupo,no_calificado,gate,1,1,2487,,,PROPN
grupo,no_calificado,gelato,1,1,2487,,,PROPN
grupo,no_calificado,generación,1,1,2487,,,NOUN
grupo,no_calificado,generado,1,1,2487,,,ADJ
grupo,no_calificado,genocidio,1,1,2487,,,NOUN
grupo,no_calificado,gentil,1,1,2487,,,NOUN
grupo,no_calificado,gentileza,1,1,2487,,,NOUN
grupo,no_calificado,gentrifiquen,1,1,2487,,,PROPN
grupo,no_calificado,genuino,1,1,2487,,,ADJ
grupo,no_calificado,genuín,1,1,2487,,,ADJ
grupo,no_calificado,george,1,1,2487,,,PROPN
grupo,no_calificado,gestionado,1,1,2487,,,ADJ
grupo,no_calificado,ghana,1,1,2487,,,PROPN
grupo,no_calificado,giancarlo,1,1,2487,,,PROPN
grupo,no_calificado,gig,1,1,2487,,,PROPN
grupo,no_calificado,gilipollez,1,1,2487,,,NOUN
grupo,no_calificado,gimp,1,1,2487,,,NOUN
grupo,no_calificado,giroud,1,1,2487,,,PROPN
grupo,no_calificado,glaseada,1,1,2487,,,ADJ
grupo,no_calificado,glasser,1,1,2487,,,PROPN
grupo,no_calificado,global,1,1,2487,,,ADJ
grupo,no_calificado,globalismo,1,1,2487,,,NOUN
grupo,no_calificado,globalista,1,1,2487,,,NOUN
grupo,no_calificado,globohomo,1,1,2487,,,PROPN
grupo,no_calificado,glorificado,1,1,2487,,,ADJ
grupo,no_calificado,goat,1,1,2487,,,PROPN
grupo,no_calificado,gobernado,1,1,2487,,,ADJ
grupo,no_calificado,goleador,1,1,2487,,,NOUN
grupo,no_calificado,golfo,1,1,2487,,,PROPN
grupo,no_calificado,golpe,1,1,2487,,,NOUN
grupo,no_calificado,goodeats,1,1,2487,,,PROPN
grupo,no_calificado,goofy,1,1,2487,,,PROPN
grupo,no_calificado,goonies,1,1,2487,,,PROPN
grupo,no_calificado,gorda,1,1,2487,,,ADJ
grupo,no_calificado,gork,1,1,2487,,,PROPN
grupo,no_calificado,gps,1,1,2487,,,PROPN
grupo,no_calificado,graaaacias,1,1,2487,,,PROPN
grupo,no_calificado,grabs,1,1,2487,,,PROPN
grupo,no_calificado,graduación,1,1,2487,,,NOUN
grupo,no_calificado,graduado,1,1,2487,,,ADJ
grupo,no_calificado,grand,1,1,2487,,,PROPN
grupo,no_calificado,grandeza,1,1,2487,,,NOUN
grupo,no_calificado,granja,1,1,2487,,,NOUN
grupo,no_calificado,granola,1,1,2487,,,NOUN
grupo,no_calificado,gratefulーーーー,1,1,2487,,,PROPN
grupo,no_calificado,gratitud,1,1,2487,,,NOUN
grupo,no_calificado,greatest,1,1,2487,,,PROPN
grupo,no_calificado,greedy,1,1,2487,,,PROPN
grupo,no_calificado,grim,1,1,2487,,,PROPN
grupo,no_calificado,grito,1,1,2487,,,NOUN
grupo,no_calificado,grosería,1,1,2487,,,NOUN
grupo,no_calificado,groups,1,1,2487,,,PROPN
grupo,no_calificado,grupal,1,1,2487,,,PROPN
grupo,no_calificado,gráfico,1,1,2487,,,NOUN
grupo,no_calificado,grúa,1,1,2487,,,NOUN
grupo,no_calificado,guacamole,1,1,2487,-1.529,3.0,PROPN
grupo,no_calificado,guadalajara,1,1,2487,,,PROPN
grupo,no_calificado,guante,1,1,2487,,,PROPN
grupo,no_calificado,guard,1,1,2487,,,PROPN
grupo,no_calificado,guarda,1,1,2487,,,PROPN
grupo,no_calificado,guardado,1,1,2487,,,ADJ
grupo,no_calificado,guardia,1,1,2487,,,NOUN
grupo,no_calificado,gubernamental,1,1,2487,,,ADJ
grupo,no_calificado,gudetama,1,1,2487,,,PROPN
grupo,no_calificado,guerrero,1,1,2487,,,PROPN
grupo,no_calificado,guillaume,1,1,2487,,,PROPN
grupo,no_calificado,guiño,1,1,2487,,,NOUN
grupo,no_calificado,gustavo,1,1,2487,,,PROPN
grupo,no_calificado,haberno,1,1,2487,,,ADJ
grupo,no_calificado,habitante,1,1,2487,,,NOUN
grupo,no_calificado,habitual,1,1,2487,,,NOUN
grupo,no_calificado,hablant,1,1,2487,,,NOUN
grupo,no_calificado,haciéndote,1,1,2487,,,NOUN
grupo,no_calificado,hacía,1,1,2487,,,PROPN
grupo,no_calificado,haití,1,1,2487,,,PROPN
grupo,no_calificado,hambre,1,1,2487,,,NOUN
grupo,no_calificado,hamilton,1,1,2487,,,PROPN
grupo,no_calificado,hammered,1,1,2487,,,PROPN
grupo,no_calificado,hanamaki,1,1,2487,,,PROPN
grupo,no_calificado,happy,1,1,2487,,,ADJ
grupo,no_calificado,hargreaves,1,1,2487,,,PROPN
grupo,no_calificado,harlan,1,1,2487,,,PROPN
grupo,no_calificado,harriet,1,1,2487,,,PROPN
grupo,no_calificado,harrogate,1,1,2487,,,PROPN
grupo,no_calificado,harto,1,1,2487,,,ADJ
grupo,no_calificado,harvey,1,1,2487,,,PROPN
grupo,no_calificado,has,1,1,2487,,,PROPN
grupo,no_calificado,hasselback,1,1,2487,,,PROPN
grupo,no_calificado,hat,1,1,2487,,,PROPN
grupo,no_calificado,hater,1,1,2487,,,NOUN
grupo,no_calificado,haters,1,1,2487,,,PROPN
grupo,no_calificado,have,1,1,2487,,,PROPN
grupo,no_calificado,haven,1,1,2487,,,PROPN
grupo,no_calificado,hawaii,1,1,2487,,,PROPN
grupo,no_calificado,hayes,1,1,2487,,,PROPN
grupo,no_calificado,haz,1,1,2487,,,NOUN
grupo,no_calificado,hazlo,1,1,2487,,,NOUN
grupo,no_calificado,hbomax,1,1,2487,,,PROPN
grupo,no_calificado,hedonismo,1,1,2487,,,NOUN
grupo,no_calificado,heights,1,1,2487,,,PROPN
grupo,no_calificado,heiser,1,1,2487,,,PROPN
grupo,no_calificado,helicóptero,1,1,2487,,,NOUN
grupo,no_calificado,hell,1,1,2487,,,PROPN
grupo,no_calificado,helped,1,1,2487,,,PROPN
grupo,no_calificado,henderson,1,1,2487,,,PROPN
grupo,no_calificado,her,1,1,2487,,,PROPN
grupo,no_calificado,heredado,1,1,2487,,,ADJ
grupo,no_calificado,herida,1,1,2487,,,NOUN
grupo,no_calificado,hermenéutica,1,1,2487,,,NOUN
grupo,no_calificado,hermético,1,1,2487,,,ADJ
grupo,no_calificado,heroína,1,1,2487,,,NOUN
grupo,no_calificado,heurística,1,1,2487,,,ADJ
grupo,no_calificado,hhc,1,1,2487,,,PROPN
grupo,no_calificado,high,1,1,2487,,,PROPN
grupo,no_calificado,hilarante,1,1,2487,,,ADJ
grupo,no_calificado,him,1,1,2487,,,PROPN
grupo,no_calificado,hinata,1,1,2487,,,PROPN
grupo,no_calificado,hindú,1,1,2487,,,NOUN
grupo,no_calificado,hipercompetitivo,1,1,2487,,,ADJ
grupo,no_calificado,hiperentusiasmo,1,1,2487,,,NOUN
grupo,no_calificado,his,1,1,2487,,,PROPN
grupo,no_calificado,historiador,1,1,2487,,,NOUN
grupo,no_calificado,historial,1,1,2487,,,NOUN
grupo,no_calificado,histérico,1,1,2487,,,ADJ
grupo,no_calificado,hiueuhehuehue,1,1,2487,,,PROPN
grupo,no_calificado,hnd,1,1,2487,,,PROPN
grupo,no_calificado,hoeflation,1,1,2487,,,PROPN
grupo,no_calificado,holden,1,1,2487,,,PROPN
grupo,no_calificado,holliday,1,1,2487,,,PROPN
grupo,no_calificado,homenaje,1,1,2487,,,NOUN
grupo,no_calificado,homo,1,1,2487,,,PROPN
grupo,no_calificado,homogeneizado,1,1,2487,,,ADJ
grupo,no_calificado,homoousio,1,1,2487,,,ADJ
grupo,no_calificado,homosexual,1,1,2487,,,ADJ
grupo,no_calificado,honda,1,1,2487,,,PROPN
grupo,no_calificado,honestly,1,1,2487,,,PROPN
grupo,no_calificado,honey,1,1,2487,,,PROPN
grupo,no_calificado,honse,1,1,2487,,,PROPN
grupo,no_calificado,hooked,1,1,2487,,,PROPN
grupo,no_calificado,hormigonera,1,1,2487,,,NOUN
grupo,no_calificado,horneado,1,1,2487,,,ADJ
grupo,no_calificado,horno,1,1,2487,,,NOUN
grupo,no_calificado,hostil,1,1,2487,,,ADJ
grupo,no_calificado,hotelero,1,1,2487,,,ADJ
grupo,no_calificado,how,1,1,2487,,,PROPN
grupo,no_calificado,httr,1,1,2487,,,PROPN
grupo,no_calificado,hueles,1,1,2487,,,PROPN
grupo,no_calificado,hughes,1,1,2487,,,PROPN
grupo,no_calificado,humedad,1,1,2487,,,NOUN
grupo,no_calificado,humildad,1,1,2487,,,NOUN
grupo,no_calificado,humor,1,1,2487,,,NOUN
grupo,no_calificado,hundreds,1,1,2487,,,PROPN
grupo,no_calificado,huxley,1,1,2487,,,PROPN
grupo,no_calificado,hábil,1,1,2487,,,ADJ
grupo,no_calificado,hábitat,1,1,2487,,,NOUN
grupo,no_calificado,húmedo,1,1,2487,,,ADJ
grupo,no_calificado,ibew,1,1,2487,,,PROPN
grupo,no_calificado,ibispaint,1,1,2487,,,PROPN
grupo,no_calificado,ida,1,1,2487,,,NOUN
grupo,no_calificado,ideal,1,1,2487,,,ADJ
grupo,no_calificado,identificación,1,1,2487,,,NOUN
grupo,no_calificado,ideológico,1,1,2487,,,ADJ
grupo,no_calificado,idiomático,1,1,2487,,,ADJ
grupo,no_calificado,idk,1,1,2487,,,PROPN
grupo,no_calificado,idólatra,1,1,2487,,,NOUN
grupo,no_calificado,iglesias,1,1,2487,,,PROPN
grupo,no_calificado,ignorado,1,1,2487,,,ADJ
grupo,no_calificado,ihop,1,1,2487,,,PROPN
grupo,no_calificado,ilegal,1,1,2487,,,NOUN
grupo,no_calificado,illinois,1,1,2487,,,PROPN
grupo,no_calificado,ilusión,1,1,2487,,,NOUN
grupo,no_calificado,ilustración,1,1,2487,,,PROPN
grupo,no_calificado,imagina,1,1,2487,,,PROPN
grupo,no_calificado,imaginación,1,1,2487,,,NOUN
grupo,no_calificado,imitación,1,1,2487,,,NOUN
grupo,no_calificado,imitador,1,1,2487,,,NOUN
grupo,no_calificado,impactante,1,1,2487,,,ADJ
grupo,no_calificado,imperfecto,1,1,2487,,,ADJ
grupo,no_calificado,importa,1,1,2487,,,ADJ
grupo,no_calificado,importe,1,1,2487,,,NOUN
grupo,no_calificado,impostor,1,1,2487,,,NOUN
grupo,no_calificado,improvisado,1,1,2487,,,ADJ
grupo,no_calificado,impulsado,1,1,2487,,,ADJ
grupo,no_calificado,inasequible,1,1,2487,,,ADJ
grupo,no_calificado,inauguración,1,1,2487,,,NOUN
grupo,no_calificado,incapaz,1,1,2487,,,ADJ
grupo,no_calificado,incendio,1,1,2487,,,NOUN
grupo,no_calificado,incidente,1,1,2487,,,NOUN
grupo,no_calificado,inclusiva,1,1,2487,,,ADJ
grupo,no_calificado,incorporación,1,1,2487,,,NOUN
grupo,no_calificado,incredible,1,1,2487,,,PROPN
grupo,no_calificado,incómodo,1,1,2487,,,ADJ
grupo,no_calificado,indeed,1,1,2487,,,PROPN
grupo,no_calificado,indiana,1,1,2487,,,PROPN
grupo,no_calificado,indio,1,1,2487,,,NOUN
grupo,no_calificado,individual,1,1,2487,,,ADJ
grupo,no_calificado,inesperado,1,1,2487,,,ADJ
grupo,no_calificado,inevitable,1,1,2487,,,ADJ
grupo,no_calificado,inexistencia,1,1,2487,,,NOUN
grupo,no_calificado,inexperto,1,1,2487,,,ADJ
grupo,no_calificado,inferencia,1,1,2487,,,NOUN
grupo,no_calificado,infernal,1,1,2487,,,ADJ
grupo,no_calificado,infiltraro,1,1,2487,,,ADJ
grupo,no_calificado,infinito,1,1,2487,,,ADJ
grupo,no_calificado,inflexión,1,1,2487,,,NOUN
grupo,no_calificado,influencers,1,1,2487,,,NOUN
grupo,no_calificado,influenciado,1,1,2487,,,ADJ
grupo,no_calificado,info,1,1,2487,,,NOUN
grupo,no_calificado,infomercial,1,1,2487,,,NOUN
grupo,no_calificado,informativo,1,1,2487,,,ADJ
grupo,no_calificado,infracción,1,1,2487,,,NOUN
grupo,no_calificado,ingenioso,1,1,2487,,,ADJ
grupo,no_calificado,ingenius,1,1,2487,,,PROPN
grupo,no_calificado,iniciado,1,1,2487,,,ADJ
grupo,no_calificado,iniciativa,1,1,2487,,,NOUN
grupo,no_calificado,iniquidad,1,1,2487,,,NOUN
grupo,no_calificado,inmediato,1,1,2487,,,NOUN
grupo,no_calificado,inmigración,1,1,2487,,,NOUN
grupo,no_calificado,inminente,1,1,2487,,,ADJ
grupo,no_calificado,innnnnn,1,1,2487,,,PROPN
grupo,no_calificado,inquietante,1,1,2487,,,ADJ
grupo,no_calificado,inquietud,1,1,2487,,,NOUN
grupo,no_calificado,inquilino,1,1,2487,,,NOUN
grupo,no_calificado,inseguridad,1,1,2487,,,NOUN
grupo,no_calificado,insignio,1,1,2487,,,ADJ
grupo,no_calificado,inspector,1,1,2487,,,PROPN
grupo,no_calificado,inspirado,1,1,2487,,,ADJ
grupo,no_calificado,inspirador,1,1,2487,,,ADJ
grupo,no_calificado,insta,1,1,2487,,,PROPN
grupo,no_calificado,instalación,1,1,2487,,,NOUN
grupo,no_calificado,instinto,1,1,2487,,,NOUN
grupo,no_calificado,insuficiente,1,1,2487,,,ADJ
grupo,no_calificado,integrado,1,1,2487,,,ADJ
grupo,no_calificado,integridad,1,1,2487,,,NOUN
grupo,no_calificado,inteligencia,1,1,2487,,,NOUN
grupo,no_calificado,intensidad,1,1,2487,,,NOUN
grupo,no_calificado,intento,1,1,2487,,,NOUN
grupo,no_calificado,intercambio,1,1,2487,,,NOUN
grupo,no_calificado,interior,1,1,2487,,,ADJ
grupo,no_calificado,intermitente,1,1,2487,,,ADJ
grupo,no_calificado,interseccionalidad,1,1,2487,,,NOUN
grupo,no_calificado,intersección,1,1,2487,,,NOUN
grupo,no_calificado,interstate,1,1,2487,,,PROPN
grupo,no_calificado,interés,1,1,2487,,,NOUN
grupo,no_calificado,intérprete,1,1,2487,,,NOUN
grupo,no_calificado,inundación,1,1,2487,,,NOUN
grupo,no_calificado,invasor,1,1,2487,,,NOUN
grupo,no_calificado,inversionista,1,1,2487,,,NOUN
grupo,no_calificado,invertido,1,1,2487,,,ADJ
grupo,no_calificado,investigación,1,1,2487,,,NOUN
grupo,no_calificado,investigado,1,1,2487,,,ADJ
grupo,no_calificado,invitación,1,1,2487,,,NOUN
grupo,no_calificado,iohannes,1,1,2487,,,PROPN
grupo,no_calificado,iowa,1,1,2487,,,PROPN
grupo,no_calificado,ipa,1,1,2487,,,PROPN
grupo,no_calificado,iptv,1,1,2487,,,PROPN
grupo,no_calificado,irak,1,1,2487,,,PROPN
grupo,no_calificado,irreal,1,1,2487,,,ADJ
grupo,no_calificado,irritado,1,1,2487,,,ADJ
grupo,no_calificado,iryna,1,1,2487,,,PROPN
grupo,no_calificado,ishikawa,1,1,2487,,,PROPN
grupo,no_calificado,isla,1,1,2487,,,PROPN
grupo,no_calificado,islámica,1,1,2487,,,PROPN
grupo,no_calificado,isnt,1,1,2487,,,PROPN
grupo,no_calificado,itinerant,1,1,2487,,,ADJ
grupo,no_calificado,ito,1,1,2487,,,PROPN
grupo,no_calificado,its,1,1,2487,,,PROPN
grupo,no_calificado,itvx,1,1,2487,,,PROPN
grupo,no_calificado,ivan,1,1,2487,,,PROPN
grupo,no_calificado,ivy,1,1,2487,,,PROPN
grupo,no_calificado,izquierdo,1,1,2487,,,ADJ
grupo,no_calificado,jaba,1,1,2487,,,PROPN
grupo,no_calificado,jabba,1,1,2487,,,PROPN
grupo,no_calificado,jacobo,1,1,2487,,,PROPN
grupo,no_calificado,jacuzzi,1,1,2487,,,NOUN
grupo,no_calificado,jajajajajajajajajaja,1,1,2487,,,PROPN
grupo,no_calificado,jake,1,1,2487,,,PROPN
grupo,no_calificado,jalapeno,1,1,2487,-1.166,2.0,PROPN
grupo,no_calificado,jamaica,1,1,2487,,,PROPN
grupo,no_calificado,jamaicano,1,1,2487,,,ADJ
grupo,no_calificado,jane,1,1,2487,,,PROPN
grupo,no_calificado,janet,1,1,2487,,,PROPN
grupo,no_calificado,japoneses,1,1,2487,,,PROPN
grupo,no_calificado,jays,1,1,2487,,,PROPN
grupo,no_calificado,jeff,1,1,2487,,,PROPN
grupo,no_calificado,jerarquía,1,1,2487,,,NOUN
grupo,no_calificado,jerusalén,1,1,2487,,,PROPN
grupo,no_calificado,jerárquico,1,1,2487,,,ADJ
grupo,no_calificado,jesus,1,1,2487,,,PROPN
grupo,no_calificado,jetpack,1,1,2487,,,NOUN
grupo,no_calificado,jew,1,1,2487,,,PROPN
grupo,no_calificado,jews,1,1,2487,,,PROPN
grupo,no_calificado,jezabel,1,1,2487,,,PROPN
grupo,no_calificado,jfk,1,1,2487,,,PROPN
grupo,no_calificado,jiggle,1,1,2487,,,PROPN
grupo,no_calificado,jnr,1,1,2487,,,PROPN
grupo,no_calificado,johnny,1,1,2487,,,PROPN
grupo,no_calificado,jolly,1,1,2487,,,NOUN
grupo,no_calificado,jon,1,1,2487,,,PROPN
grupo,no_calificado,jonathan,1,1,2487,,,PROPN
grupo,no_calificado,jones,1,1,2487,,,PROPN
grupo,no_calificado,jonrón,1,1,2487,,,NOUN
grupo,no_calificado,jorts,1,1,2487,,,PROPN
grupo,no_calificado,josh,1,1,2487,,,PROPN
grupo,no_calificado,joshua,1,1,2487,,,PROPN
grupo,no_calificado,josé,1,1,2487,,,PROPN
grupo,no_calificado,jovencito,1,1,2487,,,NOUN
grupo,no_calificado,jovi,1,1,2487,,,PROPN
grupo,no_calificado,joya,1,1,2487,,,NOUN
grupo,no_calificado,juan,1,1,2487,,,PROPN
grupo,no_calificado,juanita,1,1,2487,,,PROPN
grupo,no_calificado,jubilación,1,1,2487,,,NOUN
grupo,no_calificado,judaizant,1,1,2487,,,NOUN
grupo,no_calificado,judaizante,1,1,2487,,,ADJ
grupo,no_calificado,judas,1,1,2487,,,PROPN
grupo,no_calificado,judaísmo,1,1,2487,,,NOUN
grupo,no_calificado,judicial,1,1,2487,,,ADJ
grupo,no_calificado,judía,1,1,2487,,,NOUN
grupo,no_calificado,judías,1,1,2487,,,PROPN
grupo,no_calificado,jueces,1,1,2487,,,PROPN
grupo,no_calificado,jueza,1,1,2487,,,NOUN
grupo,no_calificado,jugada,1,1,2487,,,NOUN
grupo,no_calificado,jugaste,1,1,2487,,,PROPN
grupo,no_calificado,jugo,1,1,2487,,,NOUN
grupo,no_calificado,jugoas,1,1,2487,,,PROPN
grupo,no_calificado,jugosas,1,1,2487,,,PROPN
grupo,no_calificado,jugoso,1,1,2487,,,ADJ
grupo,no_calificado,juguet,1,1,2487,,,ADJ
grupo,no_calificado,juicio,1,1,2487,,,NOUN
grupo,no_calificado,jump,1,1,2487,,,PROPN
grupo,no_calificado,juneteenth,1,1,2487,,,PROPN
grupo,no_calificado,junnosuke,1,1,2487,,,PROPN
grupo,no_calificado,junta,1,1,2487,,,PROPN
grupo,no_calificado,junya,1,1,2487,,,PROPN
grupo,no_calificado,juramento,1,1,2487,,,NOUN
grupo,no_calificado,just,1,1,2487,,,PROPN
grupo,no_calificado,justa,1,1,2487,,,PROPN
grupo,no_calificado,jódete,1,1,2487,,,PROPN
grupo,no_calificado,kaiser,1,1,2487,,,PROPN
grupo,no_calificado,kakitani,1,1,2487,,,PROPN
grupo,no_calificado,kakkonto,1,1,2487,,,PROPN
grupo,no_calificado,kamata,1,1,2487,,,PROPN
grupo,no_calificado,kampf,1,1,2487,,,PROPN
grupo,no_calificado,karabast,1,1,2487,,,PROPN
grupo,no_calificado,karl,1,1,2487,,,PROPN
grupo,no_calificado,kash,1,1,2487,,,PROPN
grupo,no_calificado,keio,1,1,2487,,,PROPN
grupo,no_calificado,kellerites,1,1,2487,,,PROPN
grupo,no_calificado,kendall,1,1,2487,,,PROPN
grupo,no_calificado,kentanji,1,1,2487,,,PROPN
grupo,no_calificado,keropons,1,1,2487,,,PROPN
grupo,no_calificado,kevin,1,1,2487,,,PROPN
grupo,no_calificado,keystone,1,1,2487,,,PROPN
grupo,no_calificado,kfc,1,1,2487,,,PROPN
grupo,no_calificado,kilómetro,1,1,2487,,,NOUN
grupo,no_calificado,king,1,1,2487,,,PROPN
grupo,no_calificado,kirk,1,1,2487,,,PROPN
grupo,no_calificado,kiss,1,1,2487,,,PROPN
grupo,no_calificado,kit,1,1,2487,,,NOUN
grupo,no_calificado,kiwi,1,1,2487,,,PROPN
grupo,no_calificado,kix,1,1,2487,,,PROPN
grupo,no_calificado,knicks,1,1,2487,,,PROPN
grupo,no_calificado,know,1,1,2487,,,PROPN
grupo,no_calificado,komi,1,1,2487,,,PROPN
grupo,no_calificado,konna,1,1,2487,,,PROPN
grupo,no_calificado,konsa,1,1,2487,,,PROPN
grupo,no_calificado,koolaid,1,1,2487,,,PROPN
grupo,no_calificado,kowtow,1,1,2487,,,PROPN
grupo,no_calificado,krispie,1,1,2487,,,PROPN
grupo,no_calificado,kroc,1,1,2487,,,PROPN
grupo,no_calificado,laboral,1,1,2487,,,ADJ
grupo,no_calificado,lacy,1,1,2487,,,PROPN
grupo,no_calificado,laden,1,1,2487,,,PROPN
grupo,no_calificado,ladrillo,1,1,2487,,,NOUN
grupo,no_calificado,lagunitas,1,1,2487,,,PROPN
grupo,no_calificado,lamelo,1,1,2487,,,PROPN
grupo,no_calificado,lamentable,1,1,2487,,,ADJ
grupo,no_calificado,lance,1,1,2487,,,PROPN
grupo,no_calificado,larga,1,1,2487,,,NOUN
grupo,no_calificado,larp,1,1,2487,,,NOUN
grupo,no_calificado,larping,1,1,2487,,,PROPN
grupo,no_calificado,last,1,1,2487,,,PROPN
grupo,no_calificado,lateral,1,1,2487,,,NOUN
grupo,no_calificado,latin,1,1,2487,,,PROPN
grupo,no_calificado,latino,1,1,2487,,,ADJ
grupo,no_calificado,latte,1,1,2487,,,NOUN
grupo,no_calificado,latín,1,1,2487,,,NOUN
grupo,no_calificado,lavar,1,1,2487,,,PROPN
grupo,no_calificado,lbj,1,1,2487,,,PROPN
grupo,no_calificado,leagues,1,1,2487,,,PROPN
grupo,no_calificado,learnedwrong,1,1,2487,,,NOUN
grupo,no_calificado,lebron,1,1,2487,,,PROPN
grupo,no_calificado,lector,1,1,2487,,,NOUN
grupo,no_calificado,lectura,1,1,2487,,,NOUN
grupo,no_calificado,lee,1,1,2487,,,PROPN
grupo,no_calificado,leer,1,1,2487,,,PROPN
grupo,no_calificado,legendario,1,1,2487,,,ADJ
grupo,no_calificado,legítimo,1,1,2487,,,ADJ
grupo,no_calificado,lejano,1,1,2487,,,ADJ
grupo,no_calificado,lema,1,1,2487,,,NOUN
grupo,no_calificado,lemgas,1,1,2487,,,PROPN
grupo,no_calificado,lending,1,1,2487,,,PROPN
grupo,no_calificado,lengua,1,1,2487,,,NOUN
grupo,no_calificado,lenguaje,1,1,2487,,,NOUN
grupo,no_calificado,leo,1,1,2487,,,PROPN
grupo,no_calificado,leroy,1,1,2487,,,PROPN
grupo,no_calificado,lesbiana,1,1,2487,,,NOUN
grupo,no_calificado,lesbycast,1,1,2487,,,PROPN
grupo,no_calificado,letra,1,1,2487,,,NOUN
grupo,no_calificado,letrero,1,1,2487,,,NOUN
grupo,no_calificado,leví,1,1,2487,,,PROPN
grupo,no_calificado,lewis,1,1,2487,,,PROPN
grupo,no_calificado,lexi,1,1,2487,,,PROPN
grupo,no_calificado,leyenda,1,1,2487,,,PROPN
grupo,no_calificado,lfg,1,1,2487,,,PROPN
grupo,no_calificado,lgbtq,1,1,2487,,,PROPN
grupo,no_calificado,libertador,1,1,2487,,,NOUN
grupo,no_calificado,libertarianismo,1,1,2487,,,NOUN
grupo,no_calificado,libertario,1,1,2487,,,ADJ
grupo,no_calificado,liberty,1,1,2487,,,PROPN
grupo,no_calificado,libidinal,1,1,2487,,,PROPN
grupo,no_calificado,libra,1,1,2487,,,NOUN
grupo,no_calificado,licencia,1,1,2487,,,NOUN
grupo,no_calificado,licor,1,1,2487,,,NOUN
grupo,no_calificado,liderarno,1,1,2487,,,NOUN
grupo,no_calificado,liderazgo,1,1,2487,,,NOUN
grupo,no_calificado,life,1,1,2487,,,PROPN
grupo,no_calificado,lifemaxxing,1,1,2487,,,PROPN
grupo,no_calificado,light,1,1,2487,,,PROPN
grupo,no_calificado,lightning,1,1,2487,,,PROPN
grupo,no_calificado,lights,1,1,2487,,,PROPN
grupo,no_calificado,likes,1,1,2487,,,ADJ
grupo,no_calificado,lime,1,1,2487,,,PROPN
grupo,no_calificado,limón,1,1,2487,,,NOUN
grupo,no_calificado,lindsay,1,1,2487,,,PROPN
grupo,no_calificado,line,1,1,2487,,,PROPN
grupo,no_calificado,lines,1,1,2487,,,PROPN
grupo,no_calificado,lisiado,1,1,2487,,,ADJ
grupo,no_calificado,living,1,1,2487,,,PROPN
grupo,no_calificado,llanto,1,1,2487,,,NOUN
grupo,no_calificado,llegado,1,1,2487,,,ADJ
grupo,no_calificado,lmaoo,1,1,2487,,,PROPN
grupo,no_calificado,lmaoooo,1,1,2487,,,PROPN
grupo,no_calificado,lobby,1,1,2487,,,NOUN
grupo,no_calificado,loca,1,1,2487,,,NOUN
grupo,no_calificado,loft,1,1,2487,,,PROPN
grupo,no_calificado,lol,1,1,2487,,,NOUN
grupo,no_calificado,look,1,1,2487,,,NOUN
grupo,no_calificado,loro,1,1,2487,,,PROPN
grupo,no_calificado,lounge,1,1,2487,,,PROPN
grupo,no_calificado,louvre,1,1,2487,,,PROPN
grupo,no_calificado,loveveryone,1,1,2487,,,PROPN
grupo,no_calificado,lsu,1,1,2487,,,PROPN
grupo,no_calificado,ltv,1,1,2487,,,PROPN
grupo,no_calificado,lucas,1,1,2487,,,PROPN
grupo,no_calificado,lucha,1,1,2487,,,NOUN
grupo,no_calificado,luchador,1,1,2487,,,PROPN
grupo,no_calificado,luck,1,1,2487,,,PROPN
grupo,no_calificado,lucy,1,1,2487,,,PROPN
grupo,no_calificado,ludita,1,1,2487,,,NOUN
grupo,no_calificado,lujo,1,1,2487,,,NOUN
grupo,no_calificado,lujoso,1,1,2487,,,ADJ
grupo,no_calificado,lukaku,1,1,2487,,,PROPN
grupo,no_calificado,luke,1,1,2487,,,PROPN
grupo,no_calificado,lulworth,1,1,2487,,,PROPN
grupo,no_calificado,lunds,1,1,2487,,,PROPN
grupo,no_calificado,lunático,1,1,2487,,,NOUN
grupo,no_calificado,luther,1,1,2487,,,PROPN
grupo,no_calificado,lástima,1,1,2487,,,NOUN
grupo,no_calificado,líbrano,1,1,2487,,,NOUN
grupo,no_calificado,líquido,1,1,2487,,,ADJ
grupo,no_calificado,lópez,1,1,2487,,,PROPN
grupo,no_calificado,mac,1,1,2487,,,PROPN
grupo,no_calificado,macarrón,1,1,2487,,,NOUN
grupo,no_calificado,macarthur,1,1,2487,,,PROPN
grupo,no_calificado,mace,1,1,2487,,,PROPN
grupo,no_calificado,machacado,1,1,2487,,,ADJ
grupo,no_calificado,machi,1,1,2487,,,PROPN
grupo,no_calificado,machino,1,1,2487,,,PROPN
grupo,no_calificado,maddy,1,1,2487,,,PROPN
grupo,no_calificado,made,1,1,2487,,,PROPN
grupo,no_calificado,madeline,1,1,2487,,,PROPN
grupo,no_calificado,maestro,1,1,2487,,,ADJ
grupo,no_calificado,magia,1,1,2487,,,NOUN
grupo,no_calificado,magistrado,1,1,2487,,,NOUN
grupo,no_calificado,magistral,1,1,2487,,,ADJ
grupo,no_calificado,mainoo,1,1,2487,,,PROPN
grupo,no_calificado,major,1,1,2487,,,PROPN
grupo,no_calificado,majísimo,1,1,2487,,,ADJ
grupo,no_calificado,makers,1,1,2487,,,PROPN
grupo,no_calificado,makes,1,1,2487,,,NOUN
grupo,no_calificado,makino,1,1,2487,,,PROPN
grupo,no_calificado,malcolm,1,1,2487,,,PROPN
grupo,no_calificado,maldición,1,1,2487,,,NOUN
grupo,no_calificado,maldini,1,1,2487,,,PROPN
grupo,no_calificado,maldita,1,1,2487,,,PROPN
grupo,no_calificado,malfoy,1,1,2487,,,PROPN
grupo,no_calificado,malsano,1,1,2487,,,ADJ
grupo,no_calificado,malvinas,1,1,2487,,,PROPN
grupo,no_calificado,mamada,1,1,2487,,,NOUN
grupo,no_calificado,manchado,1,1,2487,,,ADJ
grupo,no_calificado,manga,1,1,2487,,,NOUN
grupo,no_calificado,manifiesto,1,1,2487,,,NOUN
grupo,no_calificado,mann,1,1,2487,,,PROPN
grupo,no_calificado,manotazo,1,1,2487,,,NOUN
grupo,no_calificado,manta,1,1,2487,,,NOUN
grupo,no_calificado,mantecosas,1,1,2487,,,PROPN
grupo,no_calificado,mantenimiento,1,1,2487,,,NOUN
grupo,no_calificado,manual,1,1,2487,,,PROPN
grupo,no_calificado,manzambi,1,1,2487,,,PROPN
grupo,no_calificado,mapache,1,1,2487,,,NOUN
grupo,no_calificado,maquiavélico,1,1,2487,,,NOUN
grupo,no_calificado,maquinaria,1,1,2487,,,NOUN
grupo,no_calificado,maravillosa,1,1,2487,,,PROPN
grupo,no_calificado,marcado,1,1,2487,,,ADJ
grupo,no_calificado,marcador,1,1,2487,,,NOUN
grupo,no_calificado,marcha,1,1,2487,,,NOUN
grupo,no_calificado,marcus,1,1,2487,,,PROPN
grupo,no_calificado,marea,1,1,2487,,,NOUN
grupo,no_calificado,mareado,1,1,2487,,,ADJ
grupo,no_calificado,marfil,1,1,2487,,,PROPN
grupo,no_calificado,mari,1,1,2487,,,PROPN
grupo,no_calificado,maricón,1,1,2487,,,NOUN
grupo,no_calificado,marinara,1,1,2487,,,PROPN
grupo,no_calificado,marine,1,1,2487,,,NOUN
grupo,no_calificado,marisco,1,1,2487,,,NOUN
grupo,no_calificado,marlboro,1,1,2487,,,PROPN
grupo,no_calificado,marlín,1,1,2487,,,NOUN
grupo,no_calificado,marriott,1,1,2487,,,PROPN
grupo,no_calificado,marte,1,1,2487,,,PROPN
grupo,no_calificado,marvelrival,1,1,2487,,,NOUN
grupo,no_calificado,marvelrivals,1,1,2487,,,PROPN
grupo,no_calificado,marx,1,1,2487,,,PROPN
grupo,no_calificado,marxismo,1,1,2487,,,NOUN
grupo,no_calificado,marxist,1,1,2487,,,PROPN
grupo,no_calificado,maría,1,1,2487,,,PROPN
grupo,no_calificado,masa,1,1,2487,,,NOUN
grupo,no_calificado,masculinidad,1,1,2487,,,NOUN
grupo,no_calificado,mason,1,1,2487,,,PROPN
grupo,no_calificado,masoquista,1,1,2487,,,NOUN
grupo,no_calificado,masturbar,1,1,2487,,,NOUN
grupo,no_calificado,mateo,1,1,2487,,,PROPN
grupo,no_calificado,material,1,1,2487,,,NOUN
grupo,no_calificado,materialismo,1,1,2487,,,NOUN
grupo,no_calificado,matizado,1,1,2487,,,ADJ
grupo,no_calificado,matriarca,1,1,2487,,,NOUN
grupo,no_calificado,matrimonio,1,1,2487,,,NOUN
grupo,no_calificado,matrícula,1,1,2487,,,NOUN
grupo,no_calificado,mattea,1,1,2487,,,PROPN
grupo,no_calificado,maxton,1,1,2487,,,PROPN
grupo,no_calificado,maya,1,1,2487,-1.166,2.0,PROPN
grupo,no_calificado,mayweather,1,1,2487,,,PROPN
grupo,no_calificado,mazorca,1,1,2487,,,NOUN
grupo,no_calificado,mbappe,1,1,2487,,,PROPN
grupo,no_calificado,mbappé,1,1,2487,,,PROPN
grupo,no_calificado,mcconnell,1,1,2487,,,PROPN
grupo,no_calificado,mcdonald,1,1,2487,,,PROPN
grupo,no_calificado,mcgee,1,1,2487,,,PROPN
grupo,no_calificado,mcgowen,1,1,2487,,,PROPN
grupo,no_calificado,mckenzie,1,1,2487,,,PROPN
grupo,no_calificado,meador,1,1,2487,,,PROPN
grupo,no_calificado,mean,1,1,2487,,,PROPN
grupo,no_calificado,meatball,1,1,2487,,,PROPN
grupo,no_calificado,mecanismo,1,1,2487,,,NOUN
grupo,no_calificado,mecánico,1,1,2487,,,ADJ
grupo,no_calificado,media,1,1,2487,,,PROPN
grupo,no_calificado,medias,1,1,2487,,,NOUN
grupo,no_calificado,medible,1,1,2487,,,ADJ
grupo,no_calificado,medicamento,1,1,2487,,,NOUN
grupo,no_calificado,medicina,1,1,2487,,,NOUN
grupo,no_calificado,medieval,1,1,2487,,,ADJ
grupo,no_calificado,mediocentro,1,1,2487,,,NOUN
grupo,no_calificado,mediático,1,1,2487,,,ADJ
grupo,no_calificado,megan,1,1,2487,,,PROPN
grupo,no_calificado,meij,1,1,2487,,,PROPN
grupo,no_calificado,mein,1,1,2487,,,PROPN
grupo,no_calificado,mejiro,1,1,2487,,,PROPN
grupo,no_calificado,mejoramiento,1,1,2487,,,NOUN
grupo,no_calificado,mejores,1,1,2487,,,NOUN
grupo,no_calificado,mella,1,1,2487,,,NOUN
grupo,no_calificado,melocotón,1,1,2487,,,NOUN
grupo,no_calificado,melt,1,1,2487,,,PROPN
grupo,no_calificado,mencionado,1,1,2487,,,ADJ
grupo,no_calificado,mención,1,1,2487,,,NOUN
grupo,no_calificado,mensual,1,1,2487,,,ADJ
grupo,no_calificado,mental,1,1,2487,,,ADJ
grupo,no_calificado,mentor,1,1,2487,,,NOUN
grupo,no_calificado,menú,1,1,2487,,,NOUN
grupo,no_calificado,mercancía,1,1,2487,,,PROPN
grupo,no_calificado,mercedes,1,1,2487,,,PROPN
grupo,no_calificado,merci,1,1,2487,,,PROPN
grupo,no_calificado,merez,1,1,2487,,,ADJ
grupo,no_calificado,merienda,1,1,2487,,,PROPN
grupo,no_calificado,message,1,1,2487,,,NOUN
grupo,no_calificado,metete,1,1,2487,,,PROPN
grupo,no_calificado,mezcla,1,1,2487,,,NOUN
grupo,no_calificado,mezclado,1,1,2487,,,ADJ
grupo,no_calificado,mezclilla,1,1,2487,,,NOUN
grupo,no_calificado,miami,1,1,2487,,,PROPN
grupo,no_calificado,mianiversariox,1,1,2487,,,PROPN
grupo,no_calificado,michelle,1,1,2487,,,PROPN
grupo,no_calificado,microonda,1,1,2487,,,NOUN
grupo,no_calificado,microsoft,1,1,2487,,,PROPN
grupo,no_calificado,middlesbrough,1,1,2487,,,PROPN
grupo,no_calificado,mido,1,1,2487,,,ADJ
grupo,no_calificado,miente,1,1,2487,,,ADJ
grupo,no_calificado,mierdo,1,1,2487,,,ADJ
grupo,no_calificado,migaja,1,1,2487,,,NOUN
grupo,no_calificado,miguel,1,1,2487,,,PROPN
grupo,no_calificado,millerita,1,1,2487,,,PROPN
grupo,no_calificado,milímetro,1,1,2487,,,NOUN
grupo,no_calificado,minimalista,1,1,2487,,,ADJ
grupo,no_calificado,ministro,1,1,2487,,,PROPN
grupo,no_calificado,minneapolis,1,1,2487,,,PROPN
grupo,no_calificado,minorista,1,1,2487,,,ADJ
grupo,no_calificado,miss,1,1,2487,,,PROPN
grupo,no_calificado,misántropo,1,1,2487,,,NOUN
grupo,no_calificado,mixto,1,1,2487,,,ADJ
grupo,no_calificado,mocosa,1,1,2487,,,NOUN
grupo,no_calificado,moderado,1,1,2487,,,ADJ
grupo,no_calificado,moderador,1,1,2487,,,NOUN
grupo,no_calificado,modernista,1,1,2487,,,ADJ
grupo,no_calificado,mojado,1,1,2487,,,ADJ
grupo,no_calificado,moldeada,1,1,2487,,,ADJ
grupo,no_calificado,mollera,1,1,2487,,,NOUN
grupo,no_calificado,montaña,1,1,2487,,,NOUN
grupo,no_calificado,montego,1,1,2487,,,PROPN
grupo,no_calificado,mora,1,1,2487,,,PROPN
grupo,no_calificado,moriyasu,1,1,2487,,,PROPN
grupo,no_calificado,morro,1,1,2487,,,NOUN
grupo,no_calificado,mossad,1,1,2487,,,PROPN
grupo,no_calificado,mostaza,1,1,2487,,,NOUN
grupo,no_calificado,motor,1,1,2487,,,NOUN
grupo,no_calificado,motores,1,1,2487,,,PROPN
grupo,no_calificado,mountain,1,1,2487,,,PROPN
grupo,no_calificado,mouton,1,1,2487,,,PROPN
grupo,no_calificado,mozzarella,1,1,2487,,,NOUN
grupo,no_calificado,mph,1,1,2487,,,NOUN
grupo,no_calificado,mram,1,1,2487,,,PROPN
grupo,no_calificado,muchachos,1,1,2487,,,PROPN
grupo,no_calificado,mugunghwa,1,1,2487,,,PROPN
grupo,no_calificado,mukbang,1,1,2487,,,PROPN
grupo,no_calificado,multicultural,1,1,2487,,,ADJ
grupo,no_calificado,mum,1,1,2487,,,PROPN
grupo,no_calificado,mural,1,1,2487,,,NOUN
grupo,no_calificado,muraoka,1,1,2487,,,PROPN
grupo,no_calificado,muro,1,1,2487,,,NOUN
grupo,no_calificado,murphy,1,1,2487,,,PROPN
grupo,no_calificado,musculoso,1,1,2487,,,ADJ
grupo,no_calificado,museo,1,1,2487,,,NOUN
grupo,no_calificado,musk,1,1,2487,,,PROPN
grupo,no_calificado,musky,1,1,2487,,,PROPN
grupo,no_calificado,mustard,1,1,2487,,,PROPN
grupo,no_calificado,mágico,1,1,2487,-1.166,2.0,ADJ
grupo,no_calificado,málaga,1,1,2487,,,PROPN
grupo,no_calificado,mánager,1,1,2487,,,NOUN
grupo,no_calificado,mánchester,1,1,2487,,,PROPN
grupo,no_calificado,médico,1,1,2487,,,NOUN
grupo,no_calificado,mérito,1,1,2487,,,NOUN
grupo,no_calificado,mírenla,1,1,2487,,,ADJ
grupo,no_calificado,mórbidamente,1,1,2487,,,ADJ
grupo,no_calificado,mórbido,1,1,2487,,,ADJ
grupo,no_calificado,móvil,1,1,2487,,,ADJ
grupo,no_calificado,múnich,1,1,2487,,,PROPN
grupo,no_calificado,músculo,1,1,2487,,,NOUN
grupo,no_calificado,naans,1,1,2487,,,PROPN
grupo,no_calificado,nacionalidad,1,1,2487,,,NOUN
grupo,no_calificado,nacionalista,1,1,2487,,,ADJ
grupo,no_calificado,nagano,1,1,2487,,,PROPN
grupo,no_calificado,nagatomo,1,1,2487,,,PROPN
grupo,no_calificado,nalga,1,1,2487,,,NOUN
grupo,no_calificado,nalgada,1,1,2487,,,NOUN
grupo,no_calificado,nana,1,1,2487,,,NOUN
grupo,no_calificado,naparc,1,1,2487,,,PROPN
grupo,no_calificado,nariz,1,1,2487,,,NOUN
grupo,no_calificado,narrative,1,1,2487,,,PROPN
grupo,no_calificado,nashville,1,1,2487,,,PROPN
grupo,no_calificado,natación,1,1,2487,,,NOUN
grupo,no_calificado,national,1,1,2487,,,PROPN
grupo,no_calificado,nations,1,1,2487,,,PROPN
grupo,no_calificado,natto,1,1,2487,,,NOUN
grupo,no_calificado,navidad,1,1,2487,,,PROPN
grupo,no_calificado,naz,1,1,2487,,,PROPN
grupo,no_calificado,nda,1,1,2487,,,PROPN
grupo,no_calificado,necesito,1,1,2487,,,ADJ
grupo,no_calificado,needs,1,1,2487,,,PROPN
grupo,no_calificado,needthat,1,1,2487,,,PROPN
grupo,no_calificado,negación,1,1,2487,,,NOUN
grupo,no_calificado,negatividad,1,1,2487,,,NOUN
grupo,no_calificado,negativo,1,1,2487,,,ADJ
grupo,no_calificado,negros,1,1,2487,,,PROPN
grupo,no_calificado,neoconservadoro,1,1,2487,,,ADJ
grupo,no_calificado,neonazi,1,1,2487,,,ADJ
grupo,no_calificado,netflix,1,1,2487,,,PROPN
grupo,no_calificado,networking,1,1,2487,,,NOUN
grupo,no_calificado,never,1,1,2487,,,PROPN
grupo,no_calificado,newcastle,1,1,2487,,,PROPN
grupo,no_calificado,news,1,1,2487,,,PROPN
grupo,no_calificado,nhl,1,1,2487,,,PROPN
grupo,no_calificado,nice,1,1,2487,,,PROPN
grupo,no_calificado,nick,1,1,2487,,,NOUN
grupo,no_calificado,nicolas,1,1,2487,,,PROPN
grupo,no_calificado,nicotina,1,1,2487,,,NOUN
grupo,no_calificado,nigeria,1,1,2487,,,PROPN
grupo,no_calificado,nigeriano,1,1,2487,,,NOUN
grupo,no_calificado,nikuman,1,1,2487,,,NOUN
grupo,no_calificado,nimby,1,1,2487,,,PROPN
grupo,no_calificado,nippon,1,1,2487,,,PROPN
grupo,no_calificado,niñita,1,1,2487,,,NOUN
grupo,no_calificado,nocturno,1,1,2487,,,ADJ
grupo,no_calificado,nolan,1,1,2487,,,PROPN
grupo,no_calificado,nombra,1,1,2487,,,NOUN
grupo,no_calificado,nomi,1,1,2487,,,PROPN
grupo,no_calificado,nomidown,1,1,2487,,,NOUN
grupo,no_calificado,nominal,1,1,2487,,,ADJ
grupo,no_calificado,nonce,1,1,2487,,,NOUN
grupo,no_calificado,noodle,1,1,2487,,,PROPN
grupo,no_calificado,noooooooo,1,1,2487,,,PROPN
grupo,no_calificado,noreste,1,1,2487,,,NOUN
grupo,no_calificado,norte,1,1,2487,,,NOUN
grupo,no_calificado,norteamericano,1,1,2487,,,NOUN
grupo,no_calificado,northampton,1,1,2487,,,PROPN
grupo,no_calificado,noruego,1,1,2487,,,ADJ
grupo,no_calificado,nostálgico,1,1,2487,,,ADJ
grupo,no_calificado,not,1,1,2487,,,PROPN
grupo,no_calificado,notive,1,1,2487,,,PROPN
grupo,no_calificado,notre,1,1,2487,,,PROPN
grupo,no_calificado,novio,1,1,2487,,,NOUN
grupo,no_calificado,now,1,1,2487,,,PROPN
grupo,no_calificado,noé,1,1,2487,,,PROPN
grupo,no_calificado,null,1,1,2487,,,PROPN
grupo,no_calificado,numeroso,1,1,2487,,,ADJ
grupo,no_calificado,nutrición,1,1,2487,,,NOUN
grupo,no_calificado,néctar,1,1,2487,,,NOUN
grupo,no_calificado,nórdico,1,1,2487,,,ADJ
grupo,no_calificado,oak,1,1,2487,,,PROPN
grupo,no_calificado,obesidad,1,1,2487,,,NOUN
grupo,no_calificado,obeso,1,1,2487,,,ADJ
grupo,no_calificado,obispo,1,1,2487,,,NOUN
grupo,no_calificado,objeción,1,1,2487,,,NOUN
grupo,no_calificado,obligación,1,1,2487,,,NOUN
grupo,no_calificado,ocasión,1,1,2487,,,NOUN
grupo,no_calificado,occidente,1,1,2487,,,PROPN
grupo,no_calificado,ocean,1,1,2487,,,PROPN
grupo,no_calificado,ocs,1,1,2487,,,PROPN
grupo,no_calificado,octubre,1,1,2487,,,NOUN
grupo,no_calificado,ocupado,1,1,2487,,,ADJ
grupo,no_calificado,océano,1,1,2487,,,NOUN
grupo,no_calificado,odia,1,1,2487,,,PROPN
grupo,no_calificado,odiado,1,1,2487,,,ADJ
grupo,no_calificado,odiador,1,1,2487,,,NOUN
grupo,no_calificado,odioso,1,1,2487,,,ADJ
grupo,no_calificado,odiseo,1,1,2487,,,PROPN
grupo,no_calificado,oeste,1,1,2487,,,ADJ
grupo,no_calificado,ofensivo,1,1,2487,,,ADJ
grupo,no_calificado,offside,1,1,2487,,,ADJ
grupo,no_calificado,oficina,1,1,2487,,,NOUN
grupo,no_calificado,ogden,1,1,2487,,,PROPN
grupo,no_calificado,ohh,1,1,2487,,,PROPN
grupo,no_calificado,ohhhhh,1,1,2487,,,PROPN
grupo,no_calificado,ohhhhhhhh,1,1,2487,,,PROPN
grupo,no_calificado,oimachi,1,1,2487,,,PROPN
grupo,no_calificado,old,1,1,2487,,,PROPN
grupo,no_calificado,ollise,1,1,2487,,,PROPN
grupo,no_calificado,olvídate,1,1,2487,,,PROPN
grupo,no_calificado,olímpicos,1,1,2487,,,PROPN
grupo,no_calificado,omg,1,1,2487,,,PROPN
grupo,no_calificado,omggg,1,1,2487,,,PROPN
grupo,no_calificado,omiさん,1,1,2487,,,PROPN
grupo,no_calificado,onion,1,1,2487,,,PROPN
grupo,no_calificado,onlyfans,1,1,2487,,,PROPN
grupo,no_calificado,onza,1,1,2487,,,NOUN
grupo,no_calificado,onドリンクチケットを,1,1,2487,,,ADJ
grupo,no_calificado,opcional,1,1,2487,,,ADJ
grupo,no_calificado,operativo,1,1,2487,,,ADJ
grupo,no_calificado,oportunista,1,1,2487,,,ADJ
grupo,no_calificado,oprah,1,1,2487,,,PROPN
grupo,no_calificado,opresión,1,1,2487,,,NOUN
grupo,no_calificado,optimista,1,1,2487,,,ADJ
grupo,no_calificado,orador,1,1,2487,,,NOUN
grupo,no_calificado,orange,1,1,2487,,,PROPN
grupo,no_calificado,ordenado,1,1,2487,,,ADJ
grupo,no_calificado,ordo,1,1,2487,,,NOUN
grupo,no_calificado,organizado,1,1,2487,,,ADJ
grupo,no_calificado,orientado,1,1,2487,,,ADJ
grupo,no_calificado,oriental,1,1,2487,,,PROPN
grupo,no_calificado,origen,1,1,2487,,,NOUN
grupo,no_calificado,orlando,1,1,2487,,,PROPN
grupo,no_calificado,orleans,1,1,2487,,,PROPN
grupo,no_calificado,ortodoxa,1,1,2487,,,PROPN
grupo,no_calificado,ortografía,1,1,2487,,,NOUN
grupo,no_calificado,orwelliano,1,1,2487,,,ADJ
grupo,no_calificado,orwellián,1,1,2487,,,ADJ
grupo,no_calificado,oráculo,1,1,2487,,,NOUN
grupo,no_calificado,osama,1,1,2487,,,PROPN
grupo,no_calificado,oscs,1,1,2487,,,PROPN
grupo,no_calificado,oscuridad,1,1,2487,,,NOUN
grupo,no_calificado,oulanem,1,1,2487,,,PROPN
grupo,no_calificado,our,1,1,2487,,,PROPN
grupo,no_calificado,oura,1,1,2487,,,PROPN
grupo,no_calificado,overton,1,1,2487,,,PROPN
grupo,no_calificado,oye,1,1,2487,,,PROPN
grupo,no_calificado,oyster,1,1,2487,,,PROPN
grupo,no_calificado,pagado,1,1,2487,,,ADJ
grupo,no_calificado,pagano,1,1,2487,,,NOUN
grupo,no_calificado,pahrump,1,1,2487,,,PROPN
grupo,no_calificado,paint,1,1,2487,,,PROPN
grupo,no_calificado,paisaje,1,1,2487,,,NOUN
grupo,no_calificado,paja,1,1,2487,,,NOUN
grupo,no_calificado,pala,1,1,2487,,,NOUN
grupo,no_calificado,palabrota,1,1,2487,,,NOUN
grupo,no_calificado,paleo,1,1,2487,,,NOUN
grupo,no_calificado,palillo,1,1,2487,,,NOUN
grupo,no_calificado,paliza,1,1,2487,,,NOUN
grupo,no_calificado,palo,1,1,2487,,,NOUN
grupo,no_calificado,pandemia,1,1,2487,,,NOUN
grupo,no_calificado,panel,1,1,2487,,,NOUN
grupo,no_calificado,panini,1,1,2487,,,PROPN
grupo,no_calificado,paninis,1,1,2487,,,PROPN
grupo,no_calificado,papas,1,1,2487,,,PROPN
grupo,no_calificado,papi,1,1,2487,,,NOUN
grupo,no_calificado,papista,1,1,2487,,,ADJ
grupo,no_calificado,parcial,1,1,2487,,,ADJ
grupo,no_calificado,pare,1,1,2487,,,NOUN
grupo,no_calificado,parecer,1,1,2487,,,NOUN
grupo,no_calificado,parmesano,1,1,2487,,,NOUN
grupo,no_calificado,parodia,1,1,2487,,,NOUN
grupo,no_calificado,parpadeó,1,1,2487,,,NOUN
grupo,no_calificado,parque,1,1,2487,,,NOUN
grupo,no_calificado,participación,1,1,2487,,,NOUN
grupo,no_calificado,participant,1,1,2487,,,ADJ
grupo,no_calificado,participation,1,1,2487,,,PROPN
grupo,no_calificado,partida,1,1,2487,,,NOUN
grupo,no_calificado,partridge,1,1,2487,,,PROPN
grupo,no_calificado,parábola,1,1,2487,,,NOUN
grupo,no_calificado,pasaje,1,1,2487,,,NOUN
grupo,no_calificado,pasajero,1,1,2487,,,NOUN
grupo,no_calificado,pasarela,1,1,2487,,,NOUN
grupo,no_calificado,paseos,1,1,2487,,,PROPN
grupo,no_calificado,pasillo,1,1,2487,,,NOUN
grupo,no_calificado,pasmo,1,1,2487,,,PROPN
grupo,no_calificado,pastora,1,1,2487,,,NOUN
grupo,no_calificado,pastoral,1,1,2487,,,ADJ
grupo,no_calificado,pastrami,1,1,2487,,,PROPN
grupo,no_calificado,pata,1,1,2487,,,NOUN
grupo,no_calificado,patel,1,1,2487,,,PROPN
grupo,no_calificado,paternidad,1,1,2487,,,NOUN
grupo,no_calificado,pateé,1,1,2487,,,PROPN
grupo,no_calificado,patience,1,1,2487,,,PROPN
grupo,no_calificado,patillas,1,1,2487,,,PROPN
grupo,no_calificado,patinet,1,1,2487,,,NOUN
grupo,no_calificado,patio,1,1,2487,,,NOUN
grupo,no_calificado,patreon,1,1,2487,,,NOUN
grupo,no_calificado,patriarca,1,1,2487,,,PROPN
grupo,no_calificado,patriot,1,1,2487,,,PROPN
grupo,no_calificado,patriota,1,1,2487,,,PROPN
grupo,no_calificado,patriótico,1,1,2487,,,ADJ
grupo,no_calificado,patrocinio,1,1,2487,,,NOUN
grupo,no_calificado,pausa,1,1,2487,,,NOUN
grupo,no_calificado,pavlovián,1,1,2487,,,ADJ
grupo,no_calificado,payasa,1,1,2487,,,ADJ
grupo,no_calificado,paypal,1,1,2487,,,PROPN
grupo,no_calificado,paz,1,1,2487,,,NOUN
grupo,no_calificado,pañal,1,1,2487,,,NOUN
grupo,no_calificado,pca,1,1,2487,,,PROPN
grupo,no_calificado,pecado,1,1,2487,,,NOUN
grupo,no_calificado,pecaminosamente,1,1,2487,,,NOUN
grupo,no_calificado,pecho,1,1,2487,,,NOUN
grupo,no_calificado,pechugona,1,1,2487,,,NOUN
grupo,no_calificado,pederasta,1,1,2487,,,NOUN
grupo,no_calificado,pegajoso,1,1,2487,,,ADJ
grupo,no_calificado,peinado,1,1,2487,,,NOUN
grupo,no_calificado,pelado,1,1,2487,,,ADJ
grupo,no_calificado,pelea,1,1,2487,,,NOUN
grupo,no_calificado,pelele,1,1,2487,,,NOUN
grupo,no_calificado,peligro,1,1,2487,,,NOUN
grupo,no_calificado,peluche,1,1,2487,,,NOUN
grupo,no_calificado,peluquería,1,1,2487,,,NOUN
grupo,no_calificado,pendejo,1,1,2487,,,PROPN
grupo,no_calificado,penetración,1,1,2487,,,NOUN
grupo,no_calificado,peor,1,1,2487,,,ADJ
grupo,no_calificado,pepinillo,1,1,2487,,,NOUN
grupo,no_calificado,pepinillos,1,1,2487,,,PROPN
grupo,no_calificado,pepino,1,1,2487,,,NOUN
grupo,no_calificado,perdedora,1,1,2487,,,PROPN
grupo,no_calificado,perdición,1,1,2487,,,NOUN
grupo,no_calificado,perdí,1,1,2487,,,PROPN
grupo,no_calificado,perezoso,1,1,2487,,,ADJ
grupo,no_calificado,periódico,1,1,2487,,,NOUN
grupo,no_calificado,perkins,1,1,2487,,,PROPN
grupo,no_calificado,perpendicular,1,1,2487,,,ADJ
grupo,no_calificado,persecución,1,1,2487,,,NOUN
grupo,no_calificado,personalizado,1,1,2487,,,ADJ
grupo,no_calificado,pertenencia,1,1,2487,,,NOUN
grupo,no_calificado,perverts,1,1,2487,,,PROPN
grupo,no_calificado,pesca,1,1,2487,,,NOUN
grupo,no_calificado,pescada,1,1,2487,,,ADJ
grupo,no_calificado,pestaña,1,1,2487,,,NOUN
grupo,no_calificado,petición,1,1,2487,,,NOUN
grupo,no_calificado,pez,1,1,2487,,,NOUN
grupo,no_calificado,phat,1,1,2487,,,PROPN
grupo,no_calificado,phil,1,1,2487,,,PROPN
grupo,no_calificado,philly,1,1,2487,,,PROPN
grupo,no_calificado,phoenix,1,1,2487,,,PROPN
grupo,no_calificado,physical,1,1,2487,,,ADJ
grupo,no_calificado,picada,1,1,2487,,,ADJ
grupo,no_calificado,picadas,1,1,2487,,,PROPN
grupo,no_calificado,pickleball,1,1,2487,,,PROPN
grupo,no_calificado,pico,1,1,2487,,,NOUN
grupo,no_calificado,pieles,1,1,2487,,,PROPN
grupo,no_calificado,pigeon,1,1,2487,,,PROPN
grupo,no_calificado,pijama,1,1,2487,,,NOUN
grupo,no_calificado,pijamada,1,1,2487,,,NOUN
grupo,no_calificado,pila,1,1,2487,,,NOUN
grupo,no_calificado,pimiento,1,1,2487,,,NOUN
grupo,no_calificado,pimientos,1,1,2487,,,PROPN
grupo,no_calificado,pin,1,1,2487,,,NOUN
grupo,no_calificado,pinta,1,1,2487,,,NOUN
grupo,no_calificado,pintoresco,1,1,2487,,,ADJ
grupo,no_calificado,pique,1,1,2487,,,PROPN
grupo,no_calificado,piscinazo,1,1,2487,,,NOUN
grupo,no_calificado,pitaya,1,1,2487,,,PROPN
grupo,no_calificado,pitch,1,1,2487,,,PROPN
grupo,no_calificado,pitmaster,1,1,2487,,,PROPN
grupo,no_calificado,pitt,1,1,2487,,,PROPN
grupo,no_calificado,piña,1,1,2487,,,NOUN
grupo,no_calificado,placer,1,1,2487,,,NOUN
grupo,no_calificado,places,1,1,2487,,,PROPN
grupo,no_calificado,planta,1,1,2487,,,NOUN
grupo,no_calificado,platónico,1,1,2487,,,ADJ
grupo,no_calificado,players,1,1,2487,,,PROPN
grupo,no_calificado,playoffs,1,1,2487,,,PROPN
grupo,no_calificado,playstation,1,1,2487,,,PROPN
grupo,no_calificado,plazo,1,1,2487,,,NOUN
grupo,no_calificado,plebeyo,1,1,2487,,,NOUN
grupo,no_calificado,plump,1,1,2487,,,PROPN
grupo,no_calificado,plástico,1,1,2487,,,NOUN
grupo,no_calificado,plátano,1,1,2487,,,NOUN
grupo,no_calificado,pobre,1,1,2487,,,ADJ
grupo,no_calificado,podcast,1,1,2487,-1.166,2.0,NOUN
grupo,no_calificado,podredumbre,1,1,2487,,,NOUN
grupo,no_calificado,poesías,1,1,2487,,,PROPN
grupo,no_calificado,polla,1,1,2487,,,NOUN
grupo,no_calificado,polvo,1,1,2487,,,NOUN
grupo,no_calificado,político,1,1,2487,,,ADJ
grupo,no_calificado,poncho,1,1,2487,,,PROPN
grupo,no_calificado,ponle,1,1,2487,,,PROPN
grupo,no_calificado,pony,1,1,2487,,,PROPN
grupo,no_calificado,pop,1,1,2487,,,ADJ
grupo,no_calificado,pope,1,1,2487,,,PROPN
grupo,no_calificado,porra,1,1,2487,,,NOUN
grupo,no_calificado,porro,1,1,2487,,,NOUN
grupo,no_calificado,poscristiana,1,1,2487,,,ADJ
grupo,no_calificado,posesión,1,1,2487,,,NOUN
grupo,no_calificado,posicionamiento,1,1,2487,,,NOUN
grupo,no_calificado,poste,1,1,2487,,,NOUN
grupo,no_calificado,postergado,1,1,2487,,,ADJ
grupo,no_calificado,potato,1,1,2487,,,PROPN
grupo,no_calificado,potatosalad,1,1,2487,,,PROPN
grupo,no_calificado,power,1,1,2487,,,PROPN
grupo,no_calificado,practicante,1,1,2487,,,ADJ
grupo,no_calificado,prada,1,1,2487,,,PROPN
grupo,no_calificado,praga,1,1,2487,,,PROPN
grupo,no_calificado,precepto,1,1,2487,,,NOUN
grupo,no_calificado,preconstrucción,1,1,2487,,,NOUN
grupo,no_calificado,precuela,1,1,2487,,,NOUN
grupo,no_calificado,precursor,1,1,2487,,,NOUN
grupo,no_calificado,predator,1,1,2487,,,PROPN
grupo,no_calificado,predeterminado,1,1,2487,,,ADJ
grupo,no_calificado,predicador,1,1,2487,,,NOUN
grupo,no_calificado,predominante,1,1,2487,,,ADJ
grupo,no_calificado,preferencial,1,1,2487,,,ADJ
grupo,no_calificado,premisa,1,1,2487,,,NOUN
grupo,no_calificado,prenton,1,1,2487,,,PROPN
grupo,no_calificado,prep,1,1,2487,,,PROPN
grupo,no_calificado,preparación,1,1,2487,,,NOUN
grupo,no_calificado,preroll,1,1,2487,,,NOUN
grupo,no_calificado,prerolls,1,1,2487,,,PROPN
grupo,no_calificado,presbiteriana,1,1,2487,,,PROPN
grupo,no_calificado,presbiterio,1,1,2487,,,PROPN
grupo,no_calificado,presencia,1,1,2487,,,NOUN
grupo,no_calificado,presidencial,1,1,2487,,,ADJ
grupo,no_calificado,presupuestario,1,1,2487,,,ADJ
grupo,no_calificado,previo,1,1,2487,,,ADJ
grupo,no_calificado,prima,1,1,2487,,,NOUN
grupo,no_calificado,primaria,1,1,2487,,,PROPN
grupo,no_calificado,prime,1,1,2487,,,PROPN
grupo,no_calificado,primero,1,1,2487,,,ADJ
grupo,no_calificado,prince,1,1,2487,,,PROPN
grupo,no_calificado,prisión,1,1,2487,,,NOUN
grupo,no_calificado,pro,1,1,2487,,,PROPN
grupo,no_calificado,probabilidad,1,1,2487,,,NOUN
grupo,no_calificado,probablemente,1,1,2487,,,PROPN
grupo,no_calificado,probably,1,1,2487,,,PROPN
grupo,no_calificado,profeta,1,1,2487,,,NOUN
grupo,no_calificado,programar,1,1,2487,,,PROPN
grupo,no_calificado,prohibido,1,1,2487,,,ADJ
grupo,no_calificado,promesa,1,1,2487,,,NOUN
grupo,no_calificado,promocional,1,1,2487,,,ADJ
grupo,no_calificado,propa,1,1,2487,,,PROPN
grupo,no_calificado,propagandista,1,1,2487,,,NOUN
grupo,no_calificado,proposicional,1,1,2487,,,ADJ
grupo,no_calificado,prostitución,1,1,2487,,,NOUN
grupo,no_calificado,protección,1,1,2487,,,NOUN
grupo,no_calificado,protein,1,1,2487,,,PROPN
grupo,no_calificado,protesta,1,1,2487,,,NOUN
grupo,no_calificado,protestante,1,1,2487,,,ADJ
grupo,no_calificado,protoabolicionista,1,1,2487,,,ADJ
grupo,no_calificado,provocador,1,1,2487,,,ADJ
grupo,no_calificado,provolone,1,1,2487,,,PROPN
grupo,no_calificado,proyector,1,1,2487,,,NOUN
grupo,no_calificado,práctica,1,1,2487,,,NOUN
grupo,no_calificado,príncipes,1,1,2487,,,PROPN
grupo,no_calificado,psicología,1,1,2487,,,NOUN
grupo,no_calificado,psicológico,1,1,2487,,,ADJ
grupo,no_calificado,psicópata,1,1,2487,,,ADJ
grupo,no_calificado,psyop,1,1,2487,,,ADJ
grupo,no_calificado,pto,1,1,2487,,,PROPN
grupo,no_calificado,publirreportaje,1,1,2487,,,NOUN
grupo,no_calificado,puedes,1,1,2487,,,PROPN
grupo,no_calificado,puerto,1,1,2487,-1.529,3.0,PROPN
grupo,no_calificado,puestos,1,1,2487,,,PROPN
grupo,no_calificado,puff,1,1,2487,,,PROPN
grupo,no_calificado,pulgadas,1,1,2487,,,NOUN
grupo,no_calificado,puma,1,1,2487,,,PROPN
grupo,no_calificado,puntapié,1,1,2487,,,NOUN
grupo,no_calificado,puntuación,1,1,2487,,,NOUN
grupo,no_calificado,purgatorio,1,1,2487,,,PROPN
grupo,no_calificado,puritano,1,1,2487,,,NOUN
grupo,no_calificado,puñetazo,1,1,2487,,,NOUN
grupo,no_calificado,puño,1,1,2487,,,NOUN
grupo,no_calificado,pwc,1,1,2487,,,PROPN
grupo,no_calificado,pymes,1,1,2487,,,PROPN
grupo,no_calificado,pyro,1,1,2487,,,PROPN
grupo,no_calificado,pánico,1,1,2487,,,NOUN
grupo,no_calificado,párrafo,1,1,2487,,,NOUN
grupo,no_calificado,pásate,1,1,2487,,,NOUN
grupo,no_calificado,públicas,1,1,2487,,,NOUN
grupo,no_calificado,púlpito,1,1,2487,,,NOUN
grupo,no_calificado,quansah,1,1,2487,,,PROPN
grupo,no_calificado,queenneverfalls,1,1,2487,,,ADJ
grupo,no_calificado,queja,1,1,2487,,,NOUN
grupo,no_calificado,ques,1,1,2487,,,PROPN
grupo,no_calificado,quesadilla,1,1,2487,-1.83,4.0,NOUN
grupo,no_calificado,quickeats,1,1,2487,,,PROPN
grupo,no_calificado,quienquiera,1,1,2487,,,NOUN
grupo,no_calificado,quieres,1,1,2487,,,PROPN
grupo,no_calificado,quiet,1,1,2487,,,PROPN
grupo,no_calificado,quieto,1,1,2487,,,ADJ
grupo,no_calificado,quédate,1,1,2487,,,PROPN
grupo,no_calificado,rabia,1,1,2487,,,NOUN
grupo,no_calificado,rabo,1,1,2487,,,NOUN
grupo,no_calificado,racionalismo,1,1,2487,,,NOUN
grupo,no_calificado,radar,1,1,2487,,,NOUN
grupo,no_calificado,radiación,1,1,2487,,,NOUN
grupo,no_calificado,radiante,1,1,2487,,,ADJ
grupo,no_calificado,radio,1,1,2487,,,PROPN
grupo,no_calificado,rafa,1,1,2487,,,PROPN
grupo,no_calificado,rage,1,1,2487,,,PROPN
grupo,no_calificado,raiders,1,1,2487,,,PROPN
grupo,no_calificado,rakai,1,1,2487,,,PROPN
grupo,no_calificado,rakuten,1,1,2487,,,PROPN
grupo,no_calificado,ramen,1,1,2487,,,NOUN
grupo,no_calificado,rana,1,1,2487,,,NOUN
grupo,no_calificado,ranchers,1,1,2487,,,NOUN
grupo,no_calificado,rango,1,1,2487,,,NOUN
grupo,no_calificado,ranking,1,1,2487,,,NOUN
grupo,no_calificado,rapsody,1,1,2487,,,NOUN
grupo,no_calificado,rash,1,1,2487,,,NOUN
grupo,no_calificado,rashford,1,1,2487,,,PROPN
grupo,no_calificado,rastro,1,1,2487,,,NOUN
grupo,no_calificado,ratificación,1,1,2487,,,NOUN
grupo,no_calificado,ratio,1,1,2487,,,NOUN
grupo,no_calificado,ray,1,1,2487,,,PROPN
grupo,no_calificado,raza,1,1,2487,,,NOUN
grupo,no_calificado,reabastecido,1,1,2487,,,ADJ
grupo,no_calificado,reasentamiento,1,1,2487,,,NOUN
grupo,no_calificado,rebels,1,1,2487,,,PROPN
grupo,no_calificado,rebote,1,1,2487,,,NOUN
grupo,no_calificado,recado,1,1,2487,,,NOUN
grupo,no_calificado,recargo,1,1,2487,,,NOUN
grupo,no_calificado,recinto,1,1,2487,,,NOUN
grupo,no_calificado,recip,1,1,2487,,,NOUN
grupo,no_calificado,recipientes,1,1,2487,,,PROPN
grupo,no_calificado,reclutamiento,1,1,2487,,,NOUN
grupo,no_calificado,recolección,1,1,2487,,,NOUN
grupo,no_calificado,reconvene,1,1,2487,,,PROPN
grupo,no_calificado,recuperación,1,1,2487,,,NOUN
grupo,no_calificado,recurrencia,1,1,2487,,,NOUN
grupo,no_calificado,recurrente,1,1,2487,,,ADJ
grupo,no_calificado,redondo,1,1,2487,,,ADJ
grupo,no_calificado,reds,1,1,2487,,,PROPN
grupo,no_calificado,reece,1,1,2487,,,PROPN
grupo,no_calificado,reembarque,1,1,2487,,,PROPN
grupo,no_calificado,reemplazo,1,1,2487,,,NOUN
grupo,no_calificado,reformado,1,1,2487,,,ADJ
grupo,no_calificado,reformadores,1,1,2487,,,PROPN
grupo,no_calificado,refugio,1,1,2487,,,NOUN
grupo,no_calificado,refunfuñan,1,1,2487,,,NOUN
grupo,no_calificado,regalía,1,1,2487,,,NOUN
grupo,no_calificado,regimiento,1,1,2487,,,NOUN
grupo,no_calificado,regionally,1,1,2487,,,PROPN
grupo,no_calificado,registrado,1,1,2487,,,ADJ
grupo,no_calificado,región,1,1,2487,,,NOUN
grupo,no_calificado,regulación,1,1,2487,,,NOUN
grupo,no_calificado,regular,1,1,2487,,,ADJ
grupo,no_calificado,regístrate,1,1,2487,,,PROPN
grupo,no_calificado,reid,1,1,2487,,,PROPN
grupo,no_calificado,reiwa,1,1,2487,,,PROPN
grupo,no_calificado,relegado,1,1,2487,,,ADJ
grupo,no_calificado,relleno,1,1,2487,,,NOUN
grupo,no_calificado,reloj,1,1,2487,,,NOUN
grupo,no_calificado,relámpago,1,1,2487,,,NOUN
grupo,no_calificado,remate,1,1,2487,,,NOUN
grupo,no_calificado,reminders,1,1,2487,,,PROPN
grupo,no_calificado,reojo,1,1,2487,,,NOUN
grupo,no_calificado,reparación,1,1,2487,,,NOUN
grupo,no_calificado,repetibl,1,1,2487,,,ADJ
grupo,no_calificado,report,1,1,2487,,,PROPN
grupo,no_calificado,representación,1,1,2487,,,NOUN
grupo,no_calificado,representante,1,1,2487,,,NOUN
grupo,no_calificado,reprimenda,1,1,2487,,,NOUN
grupo,no_calificado,republicano,1,1,2487,,,PROPN
grupo,no_calificado,repugnant,1,1,2487,,,ADJ
grupo,no_calificado,repunte,1,1,2487,,,NOUN
grupo,no_calificado,resaca,1,1,2487,,,NOUN
grupo,no_calificado,resfriado,1,1,2487,,,NOUN
grupo,no_calificado,residencia,1,1,2487,,,NOUN
grupo,no_calificado,resistance,1,1,2487,,,PROPN
grupo,no_calificado,resistencia,1,1,2487,,,NOUN
grupo,no_calificado,resistente,1,1,2487,,,ADJ
grupo,no_calificado,resource,1,1,2487,,,PROPN
grupo,no_calificado,respaldo,1,1,2487,,,NOUN
grupo,no_calificado,respetabl,1,1,2487,,,ADJ
grupo,no_calificado,resumen,1,1,2487,,,NOUN
grupo,no_calificado,retard,1,1,2487,,,NOUN
grupo,no_calificado,retarded,1,1,2487,,,NOUN
grupo,no_calificado,retrasado,1,1,2487,,,ADJ
grupo,no_calificado,retroalimentación,1,1,2487,,,NOUN
grupo,no_calificado,retórica,1,1,2487,,,PROPN
grupo,no_calificado,reuters,1,1,2487,,,PROPN
grupo,no_calificado,reveladoro,1,1,2487,,,ADJ
grupo,no_calificado,reventa,1,1,2487,,,NOUN
grupo,no_calificado,reverend,1,1,2487,,,PROPN
grupo,no_calificado,reversión,1,1,2487,,,NOUN
grupo,no_calificado,revestimiento,1,1,2487,,,NOUN
grupo,no_calificado,revisara,1,1,2487,,,ADJ
grupo,no_calificado,revisionismo,1,1,2487,,,NOUN
grupo,no_calificado,revisionista,1,1,2487,,,ADJ
grupo,no_calificado,revolut,1,1,2487,,,PROPN
grupo,no_calificado,revés,1,1,2487,,,NOUN
grupo,no_calificado,rezonificación,1,1,2487,,,NOUN
grupo,no_calificado,rich,1,1,2487,,,PROPN
grupo,no_calificado,riders,1,1,2487,,,PROPN
grupo,no_calificado,right,1,1,2487,,,PROPN
grupo,no_calificado,riguroso,1,1,2487,,,ADJ
grupo,no_calificado,rincón,1,1,2487,,,NOUN
grupo,no_calificado,rippin,1,1,2487,,,PROPN
grupo,no_calificado,rise,1,1,2487,,,PROPN
grupo,no_calificado,riu,1,1,2487,,,PROPN
grupo,no_calificado,rival,1,1,2487,,,ADJ
grupo,no_calificado,rizo,1,1,2487,,,NOUN
grupo,no_calificado,rnrmommy,1,1,2487,,,PROPN
grupo,no_calificado,rob,1,1,2487,,,PROPN
grupo,no_calificado,rol,1,1,2487,,,NOUN
grupo,no_calificado,roma,1,1,2487,,,PROPN
grupo,no_calificado,ron,1,1,2487,,,PROPN
grupo,no_calificado,ronaldinho,1,1,2487,,,PROPN
grupo,no_calificado,ronaldo,1,1,2487,,,PROPN
grupo,no_calificado,rooney,1,1,2487,,,PROPN
grupo,no_calificado,roots,1,1,2487,,,PROPN
grupo,no_calificado,rostov,1,1,2487,,,PROPN
grupo,no_calificado,rotacional,1,1,2487,,,ADJ
grupo,no_calificado,rotatorio,1,1,2487,,,ADJ
grupo,no_calificado,rotini,1,1,2487,,,NOUN
grupo,no_calificado,rovaniemi,1,1,2487,,,PROPN
grupo,no_calificado,rovell,1,1,2487,,,PROPN
grupo,no_calificado,roy,1,1,2487,,,PROPN
grupo,no_calificado,royal,1,1,2487,,,PROPN
grupo,no_calificado,rubias,1,1,2487,,,PROPN
grupo,no_calificado,rudy,1,1,2487,,,PROPN
grupo,no_calificado,rugby,1,1,2487,,,PROPN
grupo,no_calificado,rumors,1,1,2487,,,NOUN
grupo,no_calificado,rushdoony,1,1,2487,,,PROPN
grupo,no_calificado,russell,1,1,2487,,,PROPN
grupo,no_calificado,ruta,1,1,2487,,,NOUN
grupo,no_calificado,rutina,1,1,2487,,,NOUN
grupo,no_calificado,rww,1,1,2487,,,PROPN
grupo,no_calificado,ryan,1,1,2487,,,PROPN
grupo,no_calificado,ryokan,1,1,2487,,,PROPN
grupo,no_calificado,ryoma,1,1,2487,,,PROPN
grupo,no_calificado,ryukakusan,1,1,2487,,,PROPN
grupo,no_calificado,ryukei,1,1,2487,,,PROPN
grupo,no_calificado,régimen,1,1,2487,,,PROPN
grupo,no_calificado,río,1,1,2487,,,NOUN
grupo,no_calificado,sabbat,1,1,2487,,,PROPN
grupo,no_calificado,sabio,1,1,2487,,,ADJ
grupo,no_calificado,sacudida,1,1,2487,,,NOUN
grupo,no_calificado,sadiq,1,1,2487,,,PROPN
grupo,no_calificado,said,1,1,2487,,,PROPN
grupo,no_calificado,saitama,1,1,2487,,,PROPN
grupo,no_calificado,saka,1,1,2487,,,PROPN
grupo,no_calificado,sake,1,1,2487,,,PROPN
grupo,no_calificado,sal,1,1,2487,,,NOUN
grupo,no_calificado,salads,1,1,2487,,,PROPN
grupo,no_calificado,saldo,1,1,2487,,,NOUN
grupo,no_calificado,salford,1,1,2487,,,PROPN
grupo,no_calificado,salgo,1,1,2487,,,NOUN
grupo,no_calificado,salteado,1,1,2487,,,ADJ
grupo,no_calificado,saludos,1,1,2487,,,PROPN
grupo,no_calificado,salva,1,1,2487,,,PROPN
grupo,no_calificado,sammies,1,1,2487,,,PROPN
grupo,no_calificado,sammy,1,1,2487,,,PROPN
grupo,no_calificado,samuel,1,1,2487,,,PROPN
grupo,no_calificado,samurai,1,1,2487,,,PROPN
grupo,no_calificado,samuraiblue,1,1,2487,,,PROPN
grupo,no_calificado,samurái,1,1,2487,,,PROPN
grupo,no_calificado,saneticen,1,1,2487,,,NOUN
grupo,no_calificado,santificado,1,1,2487,,,ADJ
grupo,no_calificado,santo,1,1,2487,,,ADJ
grupo,no_calificado,sapo,1,1,2487,,,PROPN
grupo,no_calificado,sapporo,1,1,2487,,,PROPN
grupo,no_calificado,saque,1,1,2487,,,NOUN
grupo,no_calificado,sarcástico,1,1,2487,,,ADJ
grupo,no_calificado,satanic,1,1,2487,,,PROPN
grupo,no_calificado,satisfacción,1,1,2487,,,NOUN
grupo,no_calificado,satisfactorio,1,1,2487,,,ADJ
grupo,no_calificado,satisfecho,1,1,2487,,,ADJ
grupo,no_calificado,sato,1,1,2487,,,PROPN
grupo,no_calificado,saturado,1,1,2487,,,ADJ
grupo,no_calificado,satán,1,1,2487,,,PROPN
grupo,no_calificado,sauce,1,1,2487,,,PROPN
grupo,no_calificado,sbc,1,1,2487,,,PROPN
grupo,no_calificado,scott,1,1,2487,,,PROPN
grupo,no_calificado,seaman,1,1,2487,,,PROPN
grupo,no_calificado,sec,1,1,2487,,,PROPN
grupo,no_calificado,sección,1,1,2487,,,NOUN
grupo,no_calificado,secular,1,1,2487,,,ADJ
grupo,no_calificado,secundaria,1,1,2487,,,NOUN
grupo,no_calificado,sede,1,1,2487,,,NOUN
grupo,no_calificado,sediento,1,1,2487,,,ADJ
grupo,no_calificado,sedán,1,1,2487,,,NOUN
grupo,no_calificado,see,1,1,2487,,,PROPN
grupo,no_calificado,seeker,1,1,2487,,,NOUN
grupo,no_calificado,segregación,1,1,2487,,,NOUN
grupo,no_calificado,seguimiento,1,1,2487,,,NOUN
grupo,no_calificado,selectivo,1,1,2487,,,ADJ
grupo,no_calificado,sell,1,1,2487,,,PROPN
grupo,no_calificado,sellado,1,1,2487,,,ADJ
grupo,no_calificado,sencillo,1,1,2487,,,ADJ
grupo,no_calificado,sendai,1,1,2487,,,PROPN
grupo,no_calificado,sendero,1,1,2487,,,NOUN
grupo,no_calificado,sensibilidad,1,1,2487,,,NOUN
grupo,no_calificado,sensible,1,1,2487,,,ADJ
grupo,no_calificado,sensor,1,1,2487,,,NOUN
grupo,no_calificado,separado,1,1,2487,,,ADJ
grupo,no_calificado,septiembre,1,1,2487,,,NOUN
grupo,no_calificado,serpiente,1,1,2487,,,NOUN
grupo,no_calificado,severo,1,1,2487,,,ADJ
grupo,no_calificado,sexual,1,1,2487,,,ADJ
grupo,no_calificado,sexys,1,1,2487,,,PROPN
grupo,no_calificado,sey,1,1,2487,,,PROPN
grupo,no_calificado,señalización,1,1,2487,,,NOUN
grupo,no_calificado,señoras,1,1,2487,,,PROPN
grupo,no_calificado,shakkari,1,1,2487,,,PROPN
grupo,no_calificado,shanghai,1,1,2487,,,PROPN
grupo,no_calificado,she,1,1,2487,,,PROPN
grupo,no_calificado,sheffield,1,1,2487,,,PROPN
grupo,no_calificado,shelly,1,1,2487,,,PROPN
grupo,no_calificado,sherman,1,1,2487,,,PROPN
grupo,no_calificado,shindo,1,1,2487,,,PROPN
grupo,no_calificado,shirasu,1,1,2487,,,PROPN
grupo,no_calificado,shmeat,1,1,2487,,,NOUN
grupo,no_calificado,shock,1,1,2487,,,NOUN
grupo,no_calificado,shonandai,1,1,2487,,,PROPN
grupo,no_calificado,shrewsbury,1,1,2487,,,PROPN
grupo,no_calificado,shuckers,1,1,2487,,,PROPN
grupo,no_calificado,shull,1,1,2487,,,PROPN
grupo,no_calificado,shutcho,1,1,2487,,,PROPN
grupo,no_calificado,sidedish,1,1,2487,,,PROPN
grupo,no_calificado,sienna,1,1,2487,,,PROPN
grupo,no_calificado,sigan,1,1,2487,,,PROPN
grupo,no_calificado,significado,1,1,2487,,,NOUN
grupo,no_calificado,significativo,1,1,2487,,,ADJ
grupo,no_calificado,sikh,1,1,2487,,,PROPN
grupo,no_calificado,silicon,1,1,2487,,,PROPN
grupo,no_calificado,silueta,1,1,2487,,,NOUN
grupo,no_calificado,silver,1,1,2487,,,PROPN
grupo,no_calificado,simeón,1,1,2487,,,PROPN
grupo,no_calificado,similitud,1,1,2487,,,NOUN
grupo,no_calificado,simio,1,1,2487,,,NOUN
grupo,no_calificado,since,1,1,2487,,,PROPN
grupo,no_calificado,sincronización,1,1,2487,,,NOUN
grupo,no_calificado,sindicato,1,1,2487,,,NOUN
grupo,no_calificado,singapur,1,1,2487,,,PROPN
grupo,no_calificado,singularidad,1,1,2487,,,NOUN
grupo,no_calificado,sintaxis,1,1,2487,,,NOUN
grupo,no_calificado,sionista,1,1,2487,,,PROPN
grupo,no_calificado,siquem,1,1,2487,,,PROPN
grupo,no_calificado,sir,1,1,2487,,,PROPN
grupo,no_calificado,sirena,1,1,2487,,,NOUN
grupo,no_calificado,site,1,1,2487,,,PROPN
grupo,no_calificado,siéntete,1,1,2487,,,NOUN
grupo,no_calificado,sketch,1,1,2487,,,NOUN
grupo,no_calificado,skimask,1,1,2487,,,PROPN
grupo,no_calificado,skylar,1,1,2487,,,PROPN
grupo,no_calificado,skyline,1,1,2487,,,PROPN
grupo,no_calificado,slater,1,1,2487,,,PROPN
grupo,no_calificado,slice,1,1,2487,,,PROPN
grupo,no_calificado,slop,1,1,2487,,,ADJ
grupo,no_calificado,sloppy,1,1,2487,,,PROPN
grupo,no_calificado,slwwoiperover,1,1,2487,,,NOUN
grupo,no_calificado,small,1,1,2487,,,PROPN
grupo,no_calificado,smashed,1,1,2487,,,PROPN
grupo,no_calificado,smbtwit,1,1,2487,,,PROPN
grupo,no_calificado,smithsonian,1,1,2487,,,PROPN
grupo,no_calificado,smoothie,1,1,2487,,,NOUN
grupo,no_calificado,snap,1,1,2487,,,ADJ
grupo,no_calificado,snowboard,1,1,2487,,,NOUN
grupo,no_calificado,soberanía,1,1,2487,,,NOUN
grupo,no_calificado,sobrecarga,1,1,2487,,,NOUN
grupo,no_calificado,sobrecosto,1,1,2487,,,NOUN
grupo,no_calificado,sobrevaloración,1,1,2487,,,NOUN
grupo,no_calificado,sobrino,1,1,2487,,,NOUN
grupo,no_calificado,socialismo,1,1,2487,,,NOUN
grupo,no_calificado,socialista,1,1,2487,,,NOUN
grupo,no_calificado,sodomita,1,1,2487,,,NOUN
grupo,no_calificado,software,1,1,2487,,,NOUN
grupo,no_calificado,solapa,1,1,2487,,,NOUN
grupo,no_calificado,soldado,1,1,2487,,,NOUN
grupo,no_calificado,solicitante,1,1,2487,,,NOUN
grupo,no_calificado,solicitud,1,1,2487,,,NOUN
grupo,no_calificado,solución,1,1,2487,,,NOUN
grupo,no_calificado,somen,1,1,2487,,,PROPN
grupo,no_calificado,someone,1,1,2487,,,PROPN
grupo,no_calificado,somnoliento,1,1,2487,,,NOUN
grupo,no_calificado,sona,1,1,2487,,,NOUN
grupo,no_calificado,sonido,1,1,2487,,,NOUN
grupo,no_calificado,sonna,1,1,2487,,,NOUN
grupo,no_calificado,sonoro,1,1,2487,,,ADJ
grupo,no_calificado,sorajiro,1,1,2487,,,PROPN
grupo,no_calificado,sorprendido,1,1,2487,,,ADJ
grupo,no_calificado,sostenido,1,1,2487,,,ADJ
grupo,no_calificado,soteriología,1,1,2487,,,NOUN
grupo,no_calificado,sound,1,1,2487,,,PROPN
grupo,no_calificado,southgate,1,1,2487,,,PROPN
grupo,no_calificado,soviética,1,1,2487,,,PROPN
grupo,no_calificado,soñemos,1,1,2487,,,PROPN
grupo,no_calificado,spaaut,1,1,2487,,,PROPN
grupo,no_calificado,space,1,1,2487,,,PROPN
grupo,no_calificado,spam,1,1,2487,,,PROPN
grupo,no_calificado,spanish,1,1,2487,,,PROPN
grupo,no_calificado,spence,1,1,2487,,,PROPN
grupo,no_calificado,spencer,1,1,2487,,,PROPN
grupo,no_calificado,spicy,1,1,2487,,,PROPN
grupo,no_calificado,splc,1,1,2487,,,PROPN
grupo,no_calificado,sports,1,1,2487,,,PROPN
grupo,no_calificado,sprague,1,1,2487,,,PROPN
grupo,no_calificado,sprayne,1,1,2487,,,PROPN
grupo,no_calificado,springs,1,1,2487,,,PROPN
grupo,no_calificado,sproul,1,1,2487,,,PROPN
grupo,no_calificado,spurs,1,1,2487,,,PROPN
grupo,no_calificado,stadium,1,1,2487,,,PROPN
grupo,no_calificado,stage,1,1,2487,,,NOUN
grupo,no_calificado,stand,1,1,2487,,,NOUN
grupo,no_calificado,startup,1,1,2487,,,NOUN
grupo,no_calificado,steffany,1,1,2487,,,PROPN
grupo,no_calificado,stella,1,1,2487,,,PROPN
grupo,no_calificado,still,1,1,2487,,,PROPN
grupo,no_calificado,stock,1,1,2487,,,NOUN
grupo,no_calificado,stockport,1,1,2487,,,PROPN
grupo,no_calificado,stocks,1,1,2487,,,PROPN
grupo,no_calificado,stone,1,1,2487,,,PROPN
grupo,no_calificado,stones,1,1,2487,,,PROPN
grupo,no_calificado,stop,1,1,2487,,,PROPN
grupo,no_calificado,stranger,1,1,2487,,,PROPN
grupo,no_calificado,strava,1,1,2487,,,PROPN
grupo,no_calificado,strawberry,1,1,2487,,,PROPN
grupo,no_calificado,streamers,1,1,2487,,,NOUN
grupo,no_calificado,street,1,1,2487,-1.166,2.0,PROPN
grupo,no_calificado,stripes,1,1,2487,,,PROPN
grupo,no_calificado,striptease,1,1,2487,,,NOUN
grupo,no_calificado,striver,1,1,2487,,,PROPN
grupo,no_calificado,stroll,1,1,2487,,,PROPN
grupo,no_calificado,stryker,1,1,2487,,,PROPN
grupo,no_calificado,studio,1,1,2487,,,PROPN
grupo,no_calificado,stumpguy,1,1,2487,,,PROPN
grupo,no_calificado,stupid,1,1,2487,,,PROPN
grupo,no_calificado,subcampeón,1,1,2487,,,NOUN
grupo,no_calificado,subdivisión,1,1,2487,,,NOUN
grupo,no_calificado,subiría,1,1,2487,,,ADJ
grupo,no_calificado,submarinos,1,1,2487,,,PROPN
grupo,no_calificado,subreddit,1,1,2487,,,NOUN
grupo,no_calificado,subs,1,1,2487,,,PROPN
grupo,no_calificado,subterráneo,1,1,2487,,,ADJ
grupo,no_calificado,subtítulo,1,1,2487,,,NOUN
grupo,no_calificado,suburbio,1,1,2487,,,NOUN
grupo,no_calificado,subvención,1,1,2487,,,NOUN
grupo,no_calificado,subyacente,1,1,2487,,,ADJ
grupo,no_calificado,subámonos,1,1,2487,,,PROPN
grupo,no_calificado,sucesora,1,1,2487,,,NOUN
grupo,no_calificado,such,1,1,2487,,,PROPN
grupo,no_calificado,sudamericano,1,1,2487,,,ADJ
grupo,no_calificado,sudamérica,1,1,2487,,,PROPN
grupo,no_calificado,sudo,1,1,2487,,,NOUN
grupo,no_calificado,suelto,1,1,2487,,,ADJ
grupo,no_calificado,suffering,1,1,2487,,,PROPN
grupo,no_calificado,suica,1,1,2487,,,PROPN
grupo,no_calificado,suite,1,1,2487,,,NOUN
grupo,no_calificado,suma,1,1,2487,,,NOUN
grupo,no_calificado,summary,1,1,2487,,,ADJ
grupo,no_calificado,summereats,1,1,2487,,,PROPN
grupo,no_calificado,summervibes,1,1,2487,,,PROPN
grupo,no_calificado,sums,1,1,2487,,,PROPN
grupo,no_calificado,sun,1,1,2487,,,PROPN
grupo,no_calificado,super,1,1,2487,,,PROPN
grupo,no_calificado,superdotado,1,1,2487,,,ADJ
grupo,no_calificado,superficial,1,1,2487,,,ADJ
grupo,no_calificado,superhéroe,1,1,2487,,,NOUN
grupo,no_calificado,superhéroes,1,1,2487,,,NOUN
grupo,no_calificado,superintendente,1,1,2487,,,NOUN
grupo,no_calificado,superpropagador,1,1,2487,,,NOUN
grupo,no_calificado,supongo,1,1,2487,,,PROPN
grupo,no_calificado,supportmoms,1,1,2487,,,PROPN
grupo,no_calificado,supremas,1,1,2487,,,PROPN
grupo,no_calificado,sureste,1,1,2487,,,NOUN
grupo,no_calificado,suruga,1,1,2487,,,PROPN
grupo,no_calificado,surveying,1,1,2487,,,PROPN
grupo,no_calificado,susceptible,1,1,2487,,,ADJ
grupo,no_calificado,suscripción,1,1,2487,,,NOUN
grupo,no_calificado,suscriptor,1,1,2487,,,NOUN
grupo,no_calificado,suspendido,1,1,2487,,,ADJ
grupo,no_calificado,swa,1,1,2487,,,PROPN
grupo,no_calificado,syndicate,1,1,2487,,,PROPN
grupo,no_calificado,sácame,1,1,2487,,,PROPN
grupo,no_calificado,sáquennos,1,1,2487,,,PROPN
grupo,no_calificado,sátira,1,1,2487,,,ADJ
grupo,no_calificado,séptico,1,1,2487,,,ADJ
grupo,no_calificado,síganme,1,1,2487,,,PROPN
grupo,no_calificado,síntoma,1,1,2487,,,NOUN
grupo,no_calificado,sólido,1,1,2487,,,ADJ
grupo,no_calificado,tableta,1,1,2487,,,NOUN
grupo,no_calificado,taburete,1,1,2487,,,NOUN
grupo,no_calificado,tailgat,1,1,2487,,,ADJ
grupo,no_calificado,takeuchi,1,1,2487,,,PROPN
grupo,no_calificado,taladro,1,1,2487,,,NOUN
grupo,no_calificado,talentós,1,1,2487,,,ADJ
grupo,no_calificado,talksport,1,1,2487,,,PROPN
grupo,no_calificado,tanaj,1,1,2487,,,PROPN
grupo,no_calificado,tanner,1,1,2487,,,PROPN
grupo,no_calificado,tanque,1,1,2487,,,NOUN
grupo,no_calificado,target,1,1,2487,,,PROPN
grupo,no_calificado,tarifa,1,1,2487,-1.166,2.0,NOUN
grupo,no_calificado,tarro,1,1,2487,,,NOUN
grupo,no_calificado,tasador,1,1,2487,,,NOUN
grupo,no_calificado,tasty,1,1,2487,,,PROPN
grupo,no_calificado,taters,1,1,2487,,,PROPN
grupo,no_calificado,tatters,1,1,2487,,,PROPN
grupo,no_calificado,tatuado,1,1,2487,,,ADJ
grupo,no_calificado,tatuaj,1,1,2487,,,NOUN
grupo,no_calificado,taught,1,1,2487,,,PROPN
grupo,no_calificado,tazón,1,1,2487,,,NOUN
grupo,no_calificado,tba,1,1,2487,,,PROPN
grupo,no_calificado,tecnólogo,1,1,2487,,,ADJ
grupo,no_calificado,teenmom,1,1,2487,,,PROPN
grupo,no_calificado,tela,1,1,2487,,,NOUN
grupo,no_calificado,telefonía,1,1,2487,,,NOUN
grupo,no_calificado,telefónica,1,1,2487,,,PROPN
grupo,no_calificado,telón,1,1,2487,,,NOUN
grupo,no_calificado,temazo,1,1,2487,,,NOUN
grupo,no_calificado,temblor,1,1,2487,,,NOUN
grupo,no_calificado,temblorós,1,1,2487,,,ADJ
grupo,no_calificado,tembló,1,1,2487,,,PROPN
grupo,no_calificado,temporal,1,1,2487,,,ADJ
grupo,no_calificado,temprano,1,1,2487,,,ADJ
grupo,no_calificado,tennessee,1,1,2487,,,PROPN
grupo,no_calificado,tenso,1,1,2487,,,ADJ
grupo,no_calificado,teológico,1,1,2487,,,ADJ
grupo,no_calificado,tercer,1,1,2487,-1.166,2.0,ADJ
grupo,no_calificado,terin,1,1,2487,,,PROPN
grupo,no_calificado,terminal,1,1,2487,,,PROPN
grupo,no_calificado,terraza,1,1,2487,,,NOUN
grupo,no_calificado,terremoto,1,1,2487,,,NOUN
grupo,no_calificado,terrestre,1,1,2487,,,ADJ
grupo,no_calificado,terrorismo,1,1,2487,,,NOUN
grupo,no_calificado,tesoro,1,1,2487,,,NOUN
grupo,no_calificado,testamento,1,1,2487,,,PROPN
grupo,no_calificado,testflight,1,1,2487,,,PROPN
grupo,no_calificado,testimonio,1,1,2487,,,NOUN
grupo,no_calificado,testosterona,1,1,2487,,,NOUN
grupo,no_calificado,texto,1,1,2487,,,NOUN
grupo,no_calificado,teólogo,1,1,2487,,,NOUN
grupo,no_calificado,thatchers,1,1,2487,,,PROPN
grupo,no_calificado,thats,1,1,2487,,,PROPN
grupo,no_calificado,theater,1,1,2487,,,PROPN
grupo,no_calificado,therealest,1,1,2487,,,PROPN
grupo,no_calificado,these,1,1,2487,,,PROPN
grupo,no_calificado,thicc,1,1,2487,,,PROPN
grupo,no_calificado,things,1,1,2487,,,PROPN
grupo,no_calificado,thomas,1,1,2487,,,PROPN
grupo,no_calificado,though,1,1,2487,,,PROPN
grupo,no_calificado,thunderstorm,1,1,2487,,,ADJ
grupo,no_calificado,tierno,1,1,2487,,,ADJ
grupo,no_calificado,tiggy,1,1,2487,,,PROPN
grupo,no_calificado,tiniebla,1,1,2487,,,NOUN
grupo,no_calificado,tintineante,1,1,2487,,,ADJ
grupo,no_calificado,tipa,1,1,2487,,,PROPN
grupo,no_calificado,tipología,1,1,2487,,,NOUN
grupo,no_calificado,tir,1,1,2487,,,PROPN
grupo,no_calificado,tién,1,1,2487,,,NOUN
grupo,no_calificado,toasties,1,1,2487,,,PROPN
grupo,no_calificado,toasts,1,1,2487,,,PROPN
grupo,no_calificado,tobitakyu,1,1,2487,,,PROPN
grupo,no_calificado,tocón,1,1,2487,,,NOUN
grupo,no_calificado,today,1,1,2487,,,PROPN
grupo,no_calificado,toho,1,1,2487,,,NOUN
grupo,no_calificado,tomahawks,1,1,2487,,,PROPN
grupo,no_calificado,tomball,1,1,2487,,,PROPN
grupo,no_calificado,tommy,1,1,2487,,,PROPN
grupo,no_calificado,tomoaki,1,1,2487,,,PROPN
grupo,no_calificado,tomándome,1,1,2487,,,PROPN
grupo,no_calificado,toney,1,1,2487,,,PROPN
grupo,no_calificado,tonkotsu,1,1,2487,,,ADJ
grupo,no_calificado,topografía,1,1,2487,,,NOUN
grupo,no_calificado,topógrafo,1,1,2487,,,NOUN
grupo,no_calificado,torre,1,1,2487,,,NOUN
grupo,no_calificado,torrencial,1,1,2487,,,ADJ
grupo,no_calificado,torturado,1,1,2487,,,ADJ
grupo,no_calificado,toshiaki,1,1,2487,,,PROPN
grupo,no_calificado,tottenham,1,1,2487,,,PROPN
grupo,no_calificado,tower,1,1,2487,,,PROPN
grupo,no_calificado,toyota,1,1,2487,,,PROPN
grupo,no_calificado,trabuquet,1,1,2487,,,NOUN
grupo,no_calificado,tracción,1,1,2487,,,NOUN
grupo,no_calificado,trading,1,1,2487,,,NOUN
grupo,no_calificado,traducción,1,1,2487,,,NOUN
grupo,no_calificado,tragaperras,1,1,2487,,,NOUN
grupo,no_calificado,tragedia,1,1,2487,,,NOUN
grupo,no_calificado,trago,1,1,2487,,,NOUN
grupo,no_calificado,traicionado,1,1,2487,,,ADJ
grupo,no_calificado,traición,1,1,2487,,,NOUN
grupo,no_calificado,trailists,1,1,2487,,,PROPN
grupo,no_calificado,trampós,1,1,2487,,,ADJ
grupo,no_calificado,transacción,1,1,2487,,,NOUN
grupo,no_calificado,transahariano,1,1,2487,,,ADJ
grupo,no_calificado,transfobia,1,1,2487,,,NOUN
grupo,no_calificado,transformación,1,1,2487,,,NOUN
grupo,no_calificado,transformador,1,1,2487,,,ADJ
grupo,no_calificado,transgénero,1,1,2487,,,ADJ
grupo,no_calificado,transición,1,1,2487,,,NOUN
grupo,no_calificado,translate,1,1,2487,,,NOUN
grupo,no_calificado,transliteración,1,1,2487,,,NOUN
grupo,no_calificado,transmitiendo,1,1,2487,,,PROPN
grupo,no_calificado,transporte,1,1,2487,,,NOUN
grupo,no_calificado,trapo,1,1,2487,,,NOUN
grupo,no_calificado,trash,1,1,2487,,,PROPN
grupo,no_calificado,tratamiento,1,1,2487,,,NOUN
grupo,no_calificado,tratas,1,1,2487,,,PROPN
grupo,no_calificado,traumatizado,1,1,2487,,,ADJ
grupo,no_calificado,travis,1,1,2487,,,PROPN
grupo,no_calificado,treintañero,1,1,2487,,,NOUN
grupo,no_calificado,trek,1,1,2487,,,PROPN
grupo,no_calificado,tremendo,1,1,2487,,,ADJ
grupo,no_calificado,trialistas,1,1,2487,,,NOUN
grupo,no_calificado,trifecto,1,1,2487,,,ADJ
grupo,no_calificado,trillonario,1,1,2487,,,NOUN
grupo,no_calificado,trinidad,1,1,2487,,,NOUN
grupo,no_calificado,tripitaka,1,1,2487,,,PROPN
grupo,no_calificado,triplex,1,1,2487,,,PROPN
grupo,no_calificado,triumphs,1,1,2487,,,PROPN
grupo,no_calificado,triunfo,1,1,2487,,,NOUN
grupo,no_calificado,troon,1,1,2487,,,NOUN
grupo,no_calificado,trooning,1,1,2487,,,PROPN
grupo,no_calificado,troons,1,1,2487,,,NOUN
grupo,no_calificado,trophies,1,1,2487,,,PROPN
grupo,no_calificado,tropicales,1,1,2487,,,PROPN
grupo,no_calificado,tropiezo,1,1,2487,,,NOUN
grupo,no_calificado,trosc,1,1,2487,,,PROPN
grupo,no_calificado,trs,1,1,2487,,,PROPN
grupo,no_calificado,trucha,1,1,2487,,,NOUN
grupo,no_calificado,truck,1,1,2487,,,PROPN
grupo,no_calificado,trucks,1,1,2487,,,PROPN
grupo,no_calificado,trueno,1,1,2487,,,NOUN
grupo,no_calificado,trvke,1,1,2487,,,NOUN
grupo,no_calificado,tsr,1,1,2487,,,PROPN
grupo,no_calificado,tsujido,1,1,2487,,,PROPN
grupo,no_calificado,tubmanicus,1,1,2487,,,PROPN
grupo,no_calificado,tucker,1,1,2487,,,PROPN
grupo,no_calificado,tuiteándome,1,1,2487,,,NOUN
grupo,no_calificado,tulsa,1,1,2487,,,PROPN
grupo,no_calificado,tupac,1,1,2487,,,ADJ
grupo,no_calificado,turnbull,1,1,2487,,,PROPN
grupo,no_calificado,turno,1,1,2487,,,NOUN
grupo,no_calificado,turquía,1,1,2487,,,PROPN
grupo,no_calificado,tutor,1,1,2487,,,NOUN
grupo,no_calificado,twat,1,1,2487,,,PROPN
grupo,no_calificado,tweet,1,1,2487,,,NOUN
grupo,no_calificado,two,1,1,2487,,,PROPN
grupo,no_calificado,tyson,1,1,2487,,,PROPN
grupo,no_calificado,táctico,1,1,2487,,,ADJ
grupo,no_calificado,tímido,1,1,2487,,,ADJ
grupo,no_calificado,títere,1,1,2487,,,NOUN
grupo,no_calificado,título,1,1,2487,,,NOUN
grupo,no_calificado,uber,1,1,2487,-1.166,2.0,PROPN
grupo,no_calificado,ubers,1,1,2487,,,PROPN
grupo,no_calificado,uchi,1,1,2487,,,PROPN
grupo,no_calificado,udadado,1,1,2487,,,ADJ
grupo,no_calificado,udado,1,1,2487,,,ADJ
grupo,no_calificado,umbral,1,1,2487,,,NOUN
grupo,no_calificado,umbreon,1,1,2487,,,PROPN
grupo,no_calificado,umbro,1,1,2487,,,PROPN
grupo,no_calificado,ummm,1,1,2487,,,PROPN
grupo,no_calificado,universalizas,1,1,2487,,,NOUN
grupo,no_calificado,university,1,1,2487,,,PROPN
grupo,no_calificado,universo,1,1,2487,,,NOUN
grupo,no_calificado,unión,1,1,2487,,,PROPN
grupo,no_calificado,unleashed,1,1,2487,,,PROPN
grupo,no_calificado,until,1,1,2487,,,PROPN
grupo,no_calificado,unレスポ,1,1,2487,,,ADJ
grupo,no_calificado,urgencia,1,1,2487,,,NOUN
grupo,no_calificado,uso,1,1,2487,,,NOUN
grupo,no_calificado,utilizado,1,1,2487,,,ADJ
grupo,no_calificado,utopia,1,1,2487,,,ADJ
grupo,no_calificado,uuuh,1,1,2487,,,PROPN
grupo,no_calificado,uwaaaahhh,1,1,2487,,,PROPN
grupo,no_calificado,vaca,1,1,2487,,,NOUN
grupo,no_calificado,vacaciones,1,1,2487,,,PROPN
grupo,no_calificado,vaccines,1,1,2487,,,PROPN
grupo,no_calificado,vacuna,1,1,2487,,,NOUN
grupo,no_calificado,vagabundo,1,1,2487,,,NOUN
grupo,no_calificado,valentía,1,1,2487,,,NOUN
grupo,no_calificado,valentín,1,1,2487,,,PROPN
grupo,no_calificado,valiente,1,1,2487,,,PROPN
grupo,no_calificado,valioso,1,1,2487,,,ADJ
grupo,no_calificado,vallarta,1,1,2487,-1.166,2.0,PROPN
grupo,no_calificado,valley,1,1,2487,,,PROPN
grupo,no_calificado,value,1,1,2487,,,PROPN
grupo,no_calificado,valueless,1,1,2487,,,PROPN
grupo,no_calificado,vamooooooooooo,1,1,2487,,,PROPN
grupo,no_calificado,vamosssss,1,1,2487,,,PROPN
grupo,no_calificado,vamossssssssssssss,1,1,2487,,,PROPN
grupo,no_calificado,vanessa,1,1,2487,,,PROPN
grupo,no_calificado,vanilla,1,1,2487,,,PROPN
grupo,no_calificado,vano,1,1,2487,,,NOUN
grupo,no_calificado,vaporizador,1,1,2487,,,NOUN
grupo,no_calificado,vaquero,1,1,2487,,,NOUN
grupo,no_calificado,var,1,1,2487,,,PROPN
grupo,no_calificado,vara,1,1,2487,,,NOUN
grupo,no_calificado,varado,1,1,2487,,,ADJ
grupo,no_calificado,variable,1,1,2487,,,ADJ
grupo,no_calificado,varrrrrrr,1,1,2487,,,NOUN
grupo,no_calificado,vaticano,1,1,2487,,,PROPN
grupo,no_calificado,vayan,1,1,2487,,,PROPN
grupo,no_calificado,vcs,1,1,2487,,,PROPN
grupo,no_calificado,vday,1,1,2487,,,PROPN
grupo,no_calificado,vecindario,1,1,2487,,,NOUN
grupo,no_calificado,vedas,1,1,2487,,,PROPN
grupo,no_calificado,veganas,1,1,2487,,,PROPN
grupo,no_calificado,vegetal,1,1,2487,,,PROPN
grupo,no_calificado,veggies,1,1,2487,,,PROPN
grupo,no_calificado,ven,1,1,2487,,,NOUN
grupo,no_calificado,vence,1,1,2487,,,PROPN
grupo,no_calificado,vencido,1,1,2487,,,ADJ
grupo,no_calificado,vendo,1,1,2487,,,PROPN
grupo,no_calificado,venerable,1,1,2487,,,ADJ
grupo,no_calificado,veneración,1,1,2487,,,NOUN
grupo,no_calificado,ventanilla,1,1,2487,,,NOUN
grupo,no_calificado,ventisca,1,1,2487,,,NOUN
grupo,no_calificado,ventoso,1,1,2487,,,ADJ
grupo,no_calificado,veracruz,1,1,2487,,,PROPN
grupo,no_calificado,veraniegas,1,1,2487,,,PROPN
grupo,no_calificado,verbo,1,1,2487,,,NOUN
grupo,no_calificado,verga,1,1,2487,,,NOUN
grupo,no_calificado,vergüenza,1,1,2487,,,NOUN
grupo,no_calificado,verso,1,1,2487,,,NOUN
grupo,no_calificado,very,1,1,2487,,,PROPN
grupo,no_calificado,veámonos,1,1,2487,,,PROPN
grupo,no_calificado,vib,1,1,2487,,,NOUN
grupo,no_calificado,vibe,1,1,2487,,,PROPN
grupo,no_calificado,vibes,1,1,2487,,,PROPN
grupo,no_calificado,victor,1,1,2487,,,PROPN
grupo,no_calificado,victoria,1,1,2487,,,NOUN
grupo,no_calificado,vienes,1,1,2487,,,NOUN
grupo,no_calificado,vigilia,1,1,2487,,,NOUN
grupo,no_calificado,villano,1,1,2487,,,NOUN
grupo,no_calificado,vinculado,1,1,2487,,,ADJ
grupo,no_calificado,vini,1,1,2487,,,PROPN
grupo,no_calificado,vinimo,1,1,2487,,,NOUN
grupo,no_calificado,vintage,1,1,2487,,,ADJ
grupo,no_calificado,vinyard,1,1,2487,,,PROPN
grupo,no_calificado,violaste,1,1,2487,,,PROPN
grupo,no_calificado,violencia,1,1,2487,,,NOUN
grupo,no_calificado,virtud,1,1,2487,,,NOUN
grupo,no_calificado,virtuoso,1,1,2487,,,ADJ
grupo,no_calificado,vistazo,1,1,2487,,,NOUN
grupo,no_calificado,viste,1,1,2487,,,PROPN
grupo,no_calificado,vistiéndolo,1,1,2487,,,ADJ
grupo,no_calificado,visualización,1,1,2487,,,NOUN
grupo,no_calificado,vital,1,1,2487,,,ADJ
grupo,no_calificado,vitamina,1,1,2487,,,NOUN
grupo,no_calificado,vitrina,1,1,2487,,,NOUN
grupo,no_calificado,viuda,1,1,2487,,,NOUN
grupo,no_calificado,viveeee,1,1,2487,,,PROPN
grupo,no_calificado,vivido,1,1,2487,,,ADJ
grupo,no_calificado,vivir,1,1,2487,,,NOUN
grupo,no_calificado,vod,1,1,2487,,,PROPN
grupo,no_calificado,voddie,1,1,2487,,,PROPN
grupo,no_calificado,volante,1,1,2487,,,NOUN
grupo,no_calificado,voto,1,1,2487,,,NOUN
grupo,no_calificado,vulnerable,1,1,2487,,,ADJ
grupo,no_calificado,vínculo,1,1,2487,,,NOUN
grupo,no_calificado,waaaaaaahhh,1,1,2487,,,PROPN
grupo,no_calificado,wade,1,1,2487,,,PROPN
grupo,no_calificado,wagyu,1,1,2487,,,PROPN
grupo,no_calificado,waifu,1,1,2487,,,PROPN
grupo,no_calificado,wait,1,1,2487,,,PROPN
grupo,no_calificado,wakandenses,1,1,2487,,,PROPN
grupo,no_calificado,wakeyleaks,1,1,2487,,,PROPN
grupo,no_calificado,wales,1,1,2487,,,PROPN
grupo,no_calificado,wall,1,1,2487,,,PROPN
grupo,no_calificado,walmart,1,1,2487,,,PROPN
grupo,no_calificado,wardley,1,1,2487,,,PROPN
grupo,no_calificado,wars,1,1,2487,,,PROPN
grupo,no_calificado,wasnt,1,1,2487,,,PROPN
grupo,no_calificado,wataru,1,1,2487,,,PROPN
grupo,no_calificado,watchtower,1,1,2487,,,PROPN
grupo,no_calificado,watermelon,1,1,2487,,,PROPN
grupo,no_calificado,wbs,1,1,2487,,,PROPN
grupo,no_calificado,went,1,1,2487,,,PROPN
grupo,no_calificado,west,1,1,2487,,,PROPN
grupo,no_calificado,western,1,1,2487,,,PROPN
grupo,no_calificado,whai,1,1,2487,,,NOUN
grupo,no_calificado,whipped,1,1,2487,,,PROPN
grupo,no_calificado,why,1,1,2487,,,PROPN
grupo,no_calificado,wigger,1,1,2487,,,NOUN
grupo,no_calificado,wiggle,1,1,2487,,,PROPN
grupo,no_calificado,wild,1,1,2487,,,PROPN
grupo,no_calificado,william,1,1,2487,,,PROPN
grupo,no_calificado,williams,1,1,2487,,,PROPN
grupo,no_calificado,willy,1,1,2487,,,PROPN
grupo,no_calificado,wimbledon,1,1,2487,,,PROPN
grupo,no_calificado,win,1,1,2487,,,PROPN
grupo,no_calificado,wine,1,1,2487,,,PROPN
grupo,no_calificado,wingstop,1,1,2487,,,PROPN
grupo,no_calificado,wirral,1,1,2487,,,PROPN
grupo,no_calificado,without,1,1,2487,,,PROPN
grupo,no_calificado,wnba,1,1,2487,,,PROPN
grupo,no_calificado,wolves,1,1,2487,,,PROPN
grupo,no_calificado,wonder,1,1,2487,,,PROPN
grupo,no_calificado,wonka,1,1,2487,,,PROPN
grupo,no_calificado,woo,1,1,2487,,,PROPN
grupo,no_calificado,woods,1,1,2487,,,PROPN
grupo,no_calificado,wook,1,1,2487,,,PROPN
grupo,no_calificado,wrong,1,1,2487,,,PROPN
grupo,no_calificado,xix,1,1,2487,,,NOUN
grupo,no_calificado,xvi,1,1,2487,,,NOUN
grupo,no_calificado,yahhhh,1,1,2487,,,PROPN
grupo,no_calificado,yahoonews,1,1,2487,,,PROPN
grupo,no_calificado,yakuza,1,1,2487,,,PROPN
grupo,no_calificado,yale,1,1,2487,,,PROPN
grupo,no_calificado,yamanashi,1,1,2487,,,PROPN
grupo,no_calificado,year,1,1,2487,,,PROPN
grupo,no_calificado,yendo,1,1,2487,,,PROPN
grupo,no_calificado,yep,1,1,2487,,,PROPN
grupo,no_calificado,yikes,1,1,2487,,,PROPN
grupo,no_calificado,yimby,1,1,2487,,,PROPN
grupo,no_calificado,ynwa,1,1,2487,,,PROPN
grupo,no_calificado,yoichiro,1,1,2487,,,PROPN
grupo,no_calificado,yonnaxkhanbestduo,1,1,2487,,,PROPN
grupo,no_calificado,young,1,1,2487,,,PROPN
grupo,no_calificado,your,1,1,2487,,,PROPN
grupo,no_calificado,yucatán,1,1,2487,,,PROPN
grupo,no_calificado,yugo,1,1,2487,,,NOUN
grupo,no_calificado,yup,1,1,2487,,,PROPN
grupo,no_calificado,yupi,1,1,2487,,,PROPN
grupo,no_calificado,yutaka,1,1,2487,,,PROPN
grupo,no_calificado,yuto,1,1,2487,,,PROPN
grupo,no_calificado,yūya,1,1,2487,,,PROPN
grupo,no_calificado,zabs,1,1,2487,,,PROPN
grupo,no_calificado,zapato,1,1,2487,,,NOUN
grupo,no_calificado,zarutska,1,1,2487,,,PROPN
grupo,no_calificado,zeb,1,1,2487,,,PROPN
grupo,no_calificado,zeitgeist,1,1,2487,,,PROPN
grupo,no_calificado,zillón,1,1,2487,,,PROPN
grupo,no_calificado,zion,1,1,2487,,,PROPN
grupo,no_calificado,zocalo,1,1,2487,,,PROPN
grupo,no_calificado,zonificación,1,1,2487,,,NOUN
grupo,no_calificado,zonificado,1,1,2487,,,ADJ
grupo,no_calificado,zoom,1,1,2487,,,NOUN
grupo,no_calificado,zorro,1,1,2487,,,PROPN
grupo,no_calificado,águila,1,1,2487,,,NOUN
grupo,no_calificado,ámbito,1,1,2487,,,NOUN
grupo,no_calificado,ángulo,1,1,2487,,,NOUN
grupo,no_calificado,árbol,1,1,2487,,,NOUN
grupo,no_calificado,ático,1,1,2487,,,NOUN
grupo,no_calificado,élites,1,1,2487,,,PROPN
grupo,no_calificado,épico,1,1,2487,,,ADJ
grupo,no_calificado,íntegro,1,1,2487,,,ADJ
grupo,no_calificado,ítem,1,1,2487,,,NOUN
grupo,no_calificado,óptico,1,1,2487,,,ADJ
grupo,no_calificado,óptimo,1,1,2487,,,ADJ
grupo,no_calificado,única,1,1,2487,,,NOUN
grupo,no_calificado,útil,1,1,2487,,,ADJ
grupo,no_calificado,ἰησοῦς,1,1,2487,,,PROPN
grupo,no_calificado,と予想,1,1,2487,,,PROPN
grupo,no_calificado,に参戦中,1,1,2487,,,PROPN
grupo,no_calificado,ガチ勢の私は日本が勝利,1,1,2487,,,NOUN
grupo,no_calificado,コカコーラ勝敗予想対決,1,1,2487,,,PROPN
grupo,no_calificado,チュニジア戦,1,1,2487,,,PROPN
grupo,no_calificado,チーパオ大森,1,1,2487,,,NOUN
grupo,no_calificado,ベイビークラブシアター,1,1,2487,,,PROPN
grupo,no_calificado,モンテレイ,1,1,2487,,,PROPN
polaridad,ambivalente,monterrey,5,5,19,0.919,10.0,PROPN
polaridad,ambivalente,taco,5,4,19,1.49,4.0,NOUN
polaridad,ambivalente,méxico,4,4,19,-0.851,68.0,PROPN
polaridad,ambivalente,tacos,4,1,19,1.717,1.0,PROPN
polaridad,ambivalente,comida,3,3,19,0.807,5.0,NOUN
polaridad,ambivalente,ensalada,3,2,19,1.685,0.0,PROPN
polaridad,ambivalente,hamburguesas,3,1,19,1.685,0.0,PROPN
polaridad,ambivalente,queso,3,2,19,0.545,8.0,NOUN
polaridad,ambivalente,verano,3,2,19,1.221,2.0,PROPN
polaridad,ambivalente,azteca,2,2,19,0.577,4.0,PROPN
polaridad,ambivalente,carne,2,2,19,,,NOUN
polaridad,ambivalente,gente,2,2,19,-0.01,13.0,NOUN
polaridad,ambivalente,guacamole,2,2,19,1.074,1.0,PROPN
polaridad,ambivalente,historia,2,1,19,0.861,2.0,PROPN
polaridad,ambivalente,increíble,2,2,19,-0.089,15.0,ADJ
polaridad,ambivalente,jalapeño,2,2,19,0.861,2.0,NOUN
polaridad,ambivalente,noche,2,2,19,0.387,6.0,PROPN
polaridad,ambivalente,picado,2,2,19,,,ADJ
polaridad,ambivalente,pirámide,2,1,19,,,PROPN
polaridad,ambivalente,recipes,2,2,19,0.861,2.0,NOUN
polaridad,ambivalente,salsa,2,1,19,0.861,2.0,NOUN
polaridad,ambivalente,snacks,2,1,19,,,PROPN
polaridad,ambivalente,tater,2,2,19,,,PROPN
polaridad,ambivalente,tour,2,2,19,1.074,1.0,NOUN
polaridad,ambivalente,vegetarian,2,2,19,0.475,5.0,PROPN
polaridad,ambivalente,aguacate,1,1,19,,,NOUN
polaridad,ambivalente,alimento,1,1,19,,,NOUN
polaridad,ambivalente,altibajo,1,1,19,,,NOUN
polaridad,ambivalente,amable,1,1,19,0.172,4.0,ADJ
polaridad,ambivalente,apoyo,1,1,19,,,NOUN
polaridad,ambivalente,asador,1,1,19,,,NOUN
polaridad,ambivalente,ataque,1,1,19,,,NOUN
polaridad,ambivalente,autopista,1,1,19,,,NOUN
polaridad,ambivalente,año,1,1,19,0.407,2.0,NOUN
polaridad,ambivalente,bandeja,1,1,19,,,NOUN
polaridad,ambivalente,barco,1,1,19,,,NOUN
polaridad,ambivalente,bellmare,1,1,19,,,PROPN
polaridad,ambivalente,blanco,1,1,19,,,ADJ
polaridad,ambivalente,blue,1,1,19,,,PROPN
polaridad,ambivalente,bochorno,1,1,19,,,NOUN
polaridad,ambivalente,borroso,1,1,19,,,ADJ
polaridad,ambivalente,boursin,1,1,19,,,PROPN
polaridad,ambivalente,brasileño,1,1,19,,,ADJ
polaridad,ambivalente,buenacomido,1,1,19,,,ADJ
polaridad,ambivalente,callejero,1,1,19,0.407,2.0,ADJ
polaridad,ambivalente,campechano,1,1,19,,,PROPN
polaridad,ambivalente,canal,1,1,19,,,NOUN
polaridad,ambivalente,cargado,1,1,19,,,ADJ
polaridad,ambivalente,cauli,1,1,19,,,PROPN
polaridad,ambivalente,cena,1,1,19,,,NOUN
polaridad,ambivalente,cerdo,1,1,19,,,NOUN
polaridad,ambivalente,cerro,1,1,19,,,PROPN
polaridad,ambivalente,cerveza,1,1,19,0.407,2.0,NOUN
polaridad,ambivalente,cheesy,1,1,19,,,PROPN
polaridad,ambivalente,chipotle,1,1,19,,,PROPN
polaridad,ambivalente,chupito,1,1,19,,,NOUN
polaridad,ambivalente,colega,1,1,19,,,NOUN
polaridad,ambivalente,color,1,1,19,,,NOUN
polaridad,ambivalente,crostini,1,1,19,,,PROPN
polaridad,ambivalente,cruzo,1,1,19,,,PROPN
polaridad,ambivalente,césar,1,1,19,,,PROPN
polaridad,ambivalente,dedo,1,1,19,,,NOUN
polaridad,ambivalente,deliciós,1,1,19,,,ADJ
polaridad,ambivalente,directo,1,1,19,,,ADJ
polaridad,ambivalente,dison,1,1,19,,,PROPN
polaridad,ambivalente,don,1,1,19,,,PROPN
polaridad,ambivalente,edad,1,1,19,,,NOUN
polaridad,ambivalente,elote,1,1,19,0.273,3.0,PROPN
polaridad,ambivalente,endiablado,1,1,19,,,ADJ
polaridad,ambivalente,ensaladas,1,1,19,,,PROPN
polaridad,ambivalente,españa,1,1,19,,,PROPN
polaridad,ambivalente,espera,1,1,19,,,NOUN
polaridad,ambivalente,estadio,1,1,19,0.023,6.0,NOUN
polaridad,ambivalente,estadounidense,1,1,19,,,NOUN
polaridad,ambivalente,exposición,1,1,19,,,NOUN
polaridad,ambivalente,foto,1,1,19,0.023,6.0,NOUN
polaridad,ambivalente,frijol,1,1,19,0.407,2.0,NOUN
polaridad,ambivalente,fútbol,1,1,19,0.407,2.0,NOUN
polaridad,ambivalente,griego,1,1,19,,,ADJ
polaridad,ambivalente,guaco,1,1,19,,,PROPN
polaridad,ambivalente,hard,1,1,19,,,PROPN
polaridad,ambivalente,helado,1,1,19,,,NOUN
polaridad,ambivalente,hija,1,1,19,,,NOUN
polaridad,ambivalente,hotel,1,1,19,0.407,2.0,NOUN
polaridad,ambivalente,huevos,1,1,19,,,PROPN
polaridad,ambivalente,imperio,1,1,19,,,PROPN
polaridad,ambivalente,impresionante,1,1,19,,,ADJ
polaridad,ambivalente,jalapeno,1,1,19,,,PROPN
polaridad,ambivalente,japonés,1,1,19,0.407,2.0,NOUN
polaridad,ambivalente,japón,1,1,19,0.023,6.0,PROPN
polaridad,ambivalente,jardín,1,1,19,,,PROPN
polaridad,ambivalente,joven,1,1,19,0.407,2.0,ADJ
polaridad,ambivalente,julio,1,1,19,,,PROPN
polaridad,ambivalente,laboral,1,1,19,,,ADJ
polaridad,ambivalente,latino,1,1,19,,,ADJ
polaridad,ambivalente,lentil,1,1,19,,,PROPN
polaridad,ambivalente,lima,1,1,19,,,PROPN
polaridad,ambivalente,lleno,1,1,19,0.273,3.0,ADJ
polaridad,ambivalente,luna,1,1,19,0.091,5.0,PROPN
polaridad,ambivalente,machacada,1,1,19,,,ADJ
polaridad,ambivalente,manteca,1,1,19,,,NOUN
polaridad,ambivalente,mexicano,1,1,19,-0.641,27.0,ADJ
polaridad,ambivalente,millón,1,1,19,,,NOUN
polaridad,ambivalente,museo,1,1,19,,,PROPN
polaridad,ambivalente,música,1,1,19,,,NOUN
polaridad,ambivalente,nachos,1,1,19,,,PROPN
polaridad,ambivalente,paint,1,1,19,,,PROPN
polaridad,ambivalente,papas,1,1,19,,,PROPN
polaridad,ambivalente,pareja,1,1,19,,,NOUN
polaridad,ambivalente,partido,1,1,19,-0.217,11.0,NOUN
polaridad,ambivalente,país,1,1,19,-0.135,9.0,NOUN
polaridad,ambivalente,persona,1,1,19,0.407,2.0,NOUN
polaridad,ambivalente,pesto,1,1,19,,,NOUN
polaridad,ambivalente,playa,1,1,19,0.172,4.0,NOUN
polaridad,ambivalente,población,1,1,19,,,NOUN
polaridad,ambivalente,ponte,1,1,19,,,PROPN
polaridad,ambivalente,promedio,1,1,19,,,NOUN
polaridad,ambivalente,quesadillas,1,1,19,,,PROPN
polaridad,ambivalente,ranch,1,1,19,,,PROPN
polaridad,ambivalente,receta,1,1,19,,,NOUN
polaridad,ambivalente,reciente,1,1,19,,,ADJ
polaridad,ambivalente,resort,1,1,19,0.407,2.0,NOUN
polaridad,ambivalente,restaurante,1,1,19,,,NOUN
polaridad,ambivalente,restricción,1,1,19,,,NOUN
polaridad,ambivalente,ruinas,1,1,19,,,PROPN
polaridad,ambivalente,salchicha,1,1,19,,,NOUN
polaridad,ambivalente,sandía,1,1,19,,,PROPN
polaridad,ambivalente,semana,1,1,19,-0.217,11.0,NOUN
polaridad,ambivalente,serio,1,1,19,0.172,4.0,NOUN
polaridad,ambivalente,sexy,1,1,19,,,PROPN
polaridad,ambivalente,silla,1,1,19,,,PROPN
polaridad,ambivalente,sol,1,1,19,0.273,3.0,PROPN
polaridad,ambivalente,summer,1,1,19,,,PROPN
polaridad,ambivalente,tacotuesday,1,1,19,,,PROPN
polaridad,ambivalente,teotihuacan,1,1,19,,,PROPN
polaridad,ambivalente,teotihuacán,1,1,19,0.407,2.0,PROPN
polaridad,ambivalente,texas,1,1,19,,,PROPN
polaridad,ambivalente,the,1,1,19,,,PROPN
polaridad,ambivalente,tokio,1,1,19,,,PROPN
polaridad,ambivalente,tomate,1,1,19,,,NOUN
polaridad,ambivalente,triturado,1,1,19,,,PROPN
polaridad,ambivalente,tulum,1,1,19,0.172,4.0,PROPN
polaridad,ambivalente,vegetariano,1,1,19,,,NOUN
polaridad,ambivalente,veraniega,1,1,19,,,PROPN
polaridad,ambivalente,viaje,1,1,19,-0.178,10.0,NOUN
polaridad,ambivalente,vivo,1,1,19,,,ADJ
polaridad,ambivalente,world,1,1,19,,,PROPN
polaridad,ambivalente,ángeles,1,1,19,,,PROPN
polaridad,negativo,méxico,24,20,45,0.281,48.0,PROPN
polaridad,negativo,mexicano,12,11,45,0.767,16.0,NOUN
polaridad,negativo,ciudad,8,5,45,0.317,14.0,PROPN
polaridad,negativo,gente,7,5,45,0.729,8.0,NOUN
polaridad,negativo,partido,7,5,45,1.12,5.0,NOUN
polaridad,negativo,extranjero,6,6,45,1.914,0.0,NOUN
polaridad,negativo,hora,5,5,45,0.576,6.0,NOUN
polaridad,negativo,inglaterra,5,3,45,1.047,3.0,PROPN
polaridad,negativo,lugar,5,5,45,0.448,7.0,NOUN
polaridad,negativo,monterrey,5,4,45,0.123,10.0,PROPN
polaridad,negativo,cuidado,4,4,45,1.266,1.0,NOUN
polaridad,negativo,mierda,4,4,45,1.56,0.0,NOUN
polaridad,negativo,amigo,3,2,45,-0.024,7.0,NOUN
polaridad,negativo,cancún,3,3,45,0.553,3.0,PROPN
polaridad,negativo,dinero,3,3,45,1.021,1.0,NOUN
polaridad,negativo,jajaja,3,2,45,1.35,0.0,PROPN
polaridad,negativo,mundo,3,3,45,-0.405,11.0,NOUN
polaridad,negativo,país,3,3,45,-0.024,7.0,NOUN
polaridad,negativo,policía,3,2,45,1.021,1.0,NOUN
polaridad,negativo,teléfono,3,2,45,1.35,0.0,NOUN
polaridad,negativo,viaje,3,3,45,-0.131,8.0,NOUN
polaridad,negativo,aeropuerto,2,2,45,0.451,2.0,NOUN
polaridad,negativo,arroz,2,1,45,,,NOUN
polaridad,negativo,barato,2,1,45,0.451,2.0,ADJ
polaridad,negativo,callejero,2,1,45,0.721,1.0,ADJ
polaridad,negativo,calor,2,1,45,0.721,1.0,NOUN
polaridad,negativo,carterista,2,2,45,,,NOUN
polaridad,negativo,compañero,2,2,45,,,NOUN
polaridad,negativo,cárcel,2,2,45,,,NOUN
polaridad,negativo,dios,2,2,45,,,NOUN
polaridad,negativo,dulce,2,1,45,,,ADJ
polaridad,negativo,elote,2,1,45,0.451,2.0,NOUN
polaridad,negativo,equipaje,2,2,45,0.721,1.0,NOUN
polaridad,negativo,estafador,2,2,45,,,NOUN
polaridad,negativo,genial,2,2,45,-0.296,7.0,ADJ
polaridad,negativo,historia,2,2,45,0.451,2.0,PROPN
polaridad,negativo,hombre,2,2,45,,,NOUN
polaridad,negativo,horrible,2,2,45,,,ADJ
polaridad,negativo,inglés,2,2,45,0.721,1.0,NOUN
polaridad,negativo,lleno,2,2,45,0.451,2.0,ADJ
polaridad,negativo,maya,2,1,45,,,ADJ
polaridad,negativo,mejor,2,2,45,0.451,2.0,ADJ
polaridad,negativo,mundial,2,1,45,0.451,2.0,PROPN
polaridad,negativo,negro,2,2,45,,,NOUN
polaridad,negativo,noche,2,2,45,-0.187,6.0,NOUN
polaridad,negativo,odio,2,2,45,,,NOUN
polaridad,negativo,orden,2,2,45,,,NOUN
polaridad,negativo,pesos,2,1,45,,,NOUN
polaridad,negativo,podcast,2,1,45,,,NOUN
polaridad,negativo,problema,2,1,45,,,NOUN
polaridad,negativo,ruina,2,1,45,,,NOUN
polaridad,negativo,seguro,2,2,45,0.721,1.0,ADJ
polaridad,negativo,semana,2,2,45,-0.568,10.0,NOUN
polaridad,negativo,serio,2,2,45,0.244,3.0,NOUN
polaridad,negativo,siquiera,2,2,45,,,NOUN
polaridad,negativo,tercer,2,2,45,,,ADJ
polaridad,negativo,vapeador,2,1,45,,,NOUN
polaridad,negativo,vuelo,2,1,45,0.451,2.0,NOUN
polaridad,negativo,único,2,2,45,0.721,1.0,ADJ
polaridad,negativo,absoluto,1,1,45,,,NOUN
polaridad,negativo,actitud,1,1,45,,,NOUN
polaridad,negativo,actuación,1,1,45,,,NOUN
polaridad,negativo,aficionado,1,1,45,,,NOUN
polaridad,negativo,agradable,1,1,45,,,ADJ
polaridad,negativo,agua,1,1,45,,,NOUN
polaridad,negativo,ajetreado,1,1,45,,,ADJ
polaridad,negativo,alerta,1,1,45,,,NOUN
polaridad,negativo,alijo,1,1,45,,,NOUN
polaridad,negativo,altitud,1,1,45,,,NOUN
polaridad,negativo,ambiente,1,1,45,,,NOUN
polaridad,negativo,americano,1,1,45,,,ADJ
polaridad,negativo,ametralladora,1,1,45,,,NOUN
polaridad,negativo,animal,1,1,45,,,NOUN
polaridad,negativo,apartado,1,1,45,,,ADJ
polaridad,negativo,asqueroso,1,1,45,,,ADJ
polaridad,negativo,autobús,1,1,45,-0.132,3.0,NOUN
polaridad,negativo,automático,1,1,45,,,ADJ
polaridad,negativo,ave,1,1,45,,,NOUN
polaridad,negativo,azteca,1,1,45,-0.4,5.0,PROPN
polaridad,negativo,año,1,1,45,0.054,2.0,NOUN
polaridad,negativo,basset,1,1,45,,,PROPN
polaridad,negativo,blog,1,1,45,0.054,2.0,NOUN
polaridad,negativo,bochornoso,1,1,45,,,ADJ
polaridad,negativo,boda,1,1,45,,,NOUN
polaridad,negativo,bola,1,1,45,,,NOUN
polaridad,negativo,bolsillo,1,1,45,,,NOUN
polaridad,negativo,botella,1,1,45,,,NOUN
polaridad,negativo,bufanda,1,1,45,,,NOUN
polaridad,negativo,burocracia,1,1,45,,,NOUN
polaridad,negativo,cajero,1,1,45,,,NOUN
polaridad,negativo,campo,1,1,45,,,NOUN
polaridad,negativo,cantidad,1,1,45,,,NOUN
polaridad,negativo,cao,1,1,45,,,NOUN
polaridad,negativo,carterismo,1,1,45,,,NOUN
polaridad,negativo,casa,1,1,45,-0.278,4.0,NOUN
polaridad,negativo,celebración,1,1,45,,,NOUN
polaridad,negativo,chat,1,1,45,,,NOUN
polaridad,negativo,civilización,1,1,45,,,NOUN
polaridad,negativo,colorida,1,1,45,,,ADJ
polaridad,negativo,comida,1,1,45,-0.599,7.0,NOUN
polaridad,negativo,comisaría,1,1,45,,,NOUN
polaridad,negativo,compresa,1,1,45,,,NOUN
polaridad,negativo,comunicación,1,1,45,,,NOUN
polaridad,negativo,concentrado,1,1,45,,,ADJ
polaridad,negativo,considerable,1,1,45,,,ADJ
polaridad,negativo,contenido,1,1,45,,,NOUN
polaridad,negativo,contándole,1,1,45,,,PROPN
polaridad,negativo,copa,1,1,45,-0.599,7.0,PROPN
polaridad,negativo,corrupto,1,1,45,,,ADJ
polaridad,negativo,creación,1,1,45,,,NOUN
polaridad,negativo,crédito,1,1,45,,,NOUN
polaridad,negativo,cuestión,1,1,45,,,NOUN
polaridad,negativo,delicioso,1,1,45,,,ADJ
polaridad,negativo,denuncia,1,1,45,,,NOUN
polaridad,negativo,derecho,1,1,45,,,NOUN
polaridad,negativo,desagradable,1,1,45,,,ADJ
polaridad,negativo,desayuno,1,1,45,,,NOUN
polaridad,negativo,descanso,1,1,45,,,NOUN
polaridad,negativo,destrocemo,1,1,45,,,NOUN
polaridad,negativo,diferencia,1,1,45,,,NOUN
polaridad,negativo,difícil,1,1,45,,,ADJ
polaridad,negativo,directo,1,1,45,,,ADJ
polaridad,negativo,dustin,1,1,45,,,PROPN
polaridad,negativo,dólares,1,1,45,0.054,2.0,NOUN
polaridad,negativo,ecuador,1,1,45,,,PROPN
polaridad,negativo,eleven,1,1,45,,,PROPN
polaridad,negativo,emoji,1,1,45,,,NOUN
polaridad,negativo,encimero,1,1,45,,,ADJ
polaridad,negativo,envuelto,1,1,45,,,ADJ
polaridad,negativo,equipo,1,1,45,,,NOUN
polaridad,negativo,español,1,1,45,,,NOUN
polaridad,negativo,especial,1,1,45,,,ADJ
polaridad,negativo,espectador,1,1,45,,,NOUN
polaridad,negativo,estadio,1,1,45,-0.505,6.0,NOUN
polaridad,negativo,experiencia,1,1,45,,,NOUN
polaridad,negativo,extraviado,1,1,45,,,ADJ
polaridad,negativo,falso,1,1,45,,,ADJ
polaridad,negativo,fanfest,1,1,45,,,NOUN
polaridad,negativo,fanfestival,1,1,45,,,ADJ
polaridad,negativo,favorito,1,1,45,-0.505,6.0,ADJ
polaridad,negativo,felipe,1,1,45,,,PROPN
polaridad,negativo,feliz,1,1,45,-0.132,3.0,ADJ
polaridad,negativo,fiesta,1,1,45,,,NOUN
polaridad,negativo,fifawouldcup,1,1,45,,,PROPN
polaridad,negativo,foto,1,1,45,-0.505,6.0,NOUN
polaridad,negativo,fraude,1,1,45,,,NOUN
polaridad,negativo,fácil,1,1,45,,,ADJ
polaridad,negativo,golpe,1,1,45,,,NOUN
polaridad,negativo,gracias,1,1,45,,,NOUN
polaridad,negativo,grave,1,1,45,,,ADJ
polaridad,negativo,grupo,1,1,45,,,NOUN
polaridad,negativo,guardia,1,1,45,,,NOUN
polaridad,negativo,gubernamental,1,1,45,,,ADJ
polaridad,negativo,hambre,1,1,45,,,NOUN
polaridad,negativo,hidratación,1,1,45,,,NOUN
polaridad,negativo,hijo,1,1,45,,,NOUN
polaridad,negativo,horario,1,1,45,,,NOUN
polaridad,negativo,hotel,1,1,45,0.054,2.0,NOUN
polaridad,negativo,humano,1,1,45,,,ADJ
polaridad,negativo,imbécil,1,1,45,,,NOUN
polaridad,negativo,imponent,1,1,45,,,NOUN
polaridad,negativo,impresión,1,1,45,,,NOUN
polaridad,negativo,incidente,1,1,45,,,NOUN
polaridad,negativo,increíble,1,1,45,-1.197,16.0,ADJ
polaridad,negativo,infancia,1,1,45,,,NOUN
polaridad,negativo,infusionado,1,1,45,,,ADJ
polaridad,negativo,internacional,1,1,45,,,PROPN
polaridad,negativo,italia,1,1,45,,,PROPN
polaridad,negativo,jalapeño,1,1,45,-0.132,3.0,NOUN
polaridad,negativo,japonés,1,1,45,0.054,2.0,ADJ
polaridad,negativo,japón,1,1,45,-0.505,6.0,PROPN
polaridad,negativo,joda,1,1,45,,,PROPN
polaridad,negativo,joder,1,1,45,,,PROPN
polaridad,negativo,judicial,1,1,45,,,ADJ
polaridad,negativo,justo,1,1,45,,,PROPN
polaridad,negativo,lcc,1,1,45,,,PROPN
polaridad,negativo,loco,1,1,45,,,ADJ
polaridad,negativo,lúgubre,1,1,45,,,PROPN
polaridad,negativo,madrugada,1,1,45,,,NOUN
polaridad,negativo,maldito,1,1,45,,,ADJ
polaridad,negativo,malo,1,1,45,,,ADJ
polaridad,negativo,mar,1,1,45,,,NOUN
polaridad,negativo,marrón,1,1,45,,,ADJ
polaridad,negativo,mayor,1,1,45,,,ADJ
polaridad,negativo,mañana,1,1,45,-0.132,3.0,NOUN
polaridad,negativo,mensaje,1,1,45,,,NOUN
polaridad,negativo,mental,1,1,45,,,ADJ
polaridad,negativo,mentalidad,1,1,45,,,NOUN
polaridad,negativo,mercado,1,1,45,0.054,2.0,NOUN
polaridad,negativo,mercancía,1,1,45,,,NOUN
polaridad,negativo,mes,1,1,45,0.054,2.0,NOUN
polaridad,negativo,metro,1,1,45,,,NOUN
polaridad,negativo,mexico,1,1,45,-0.505,6.0,PROPN
polaridad,negativo,microondas,1,1,45,,,NOUN
polaridad,negativo,mierdero,1,1,45,,,NOUN
polaridad,negativo,mike,1,1,45,,,PROPN
polaridad,negativo,minuto,1,1,45,,,NOUN
polaridad,negativo,mitad,1,1,45,,,NOUN
polaridad,negativo,momento,1,1,45,-0.132,3.0,NOUN
polaridad,negativo,mono,1,1,45,,,NOUN
polaridad,negativo,mostrador,1,1,45,,,NOUN
polaridad,negativo,multitud,1,1,45,,,NOUN
polaridad,negativo,método,1,1,45,,,NOUN
polaridad,negativo,música,1,1,45,,,NOUN
polaridad,negativo,nivel,1,1,45,0.054,2.0,NOUN
polaridad,negativo,nómado,1,1,45,,,ADJ
polaridad,negativo,ofensivo,1,1,45,,,ADJ
polaridad,negativo,ojalá,1,1,45,,,ADJ
polaridad,negativo,ojo,1,1,45,,,NOUN
polaridad,negativo,online,1,1,45,,,ADJ
polaridad,negativo,onza,1,1,45,,,NOUN
polaridad,negativo,patio,1,1,45,,,NOUN
polaridad,negativo,pequeño,1,1,45,0.054,2.0,ADJ
polaridad,negativo,pila,1,1,45,,,NOUN
polaridad,negativo,pistola,1,1,45,,,NOUN
polaridad,negativo,placa,1,1,45,,,NOUN
polaridad,negativo,plus,1,1,45,,,NOUN
polaridad,negativo,plátano,1,1,45,,,ADJ
polaridad,negativo,pobre,1,1,45,,,ADJ
polaridad,negativo,porro,1,1,45,,,NOUN
polaridad,negativo,posterior,1,1,45,,,ADJ
polaridad,negativo,precio,1,1,45,,,NOUN
polaridad,negativo,primavera,1,1,45,,,NOUN
polaridad,negativo,principio,1,1,45,,,NOUN
polaridad,negativo,prueba,1,1,45,,,NOUN
polaridad,negativo,pueblo,1,1,45,,,NOUN
polaridad,negativo,punta,1,1,45,,,NOUN
polaridad,negativo,punto,1,1,45,,,NOUN
polaridad,negativo,puta,1,1,45,,,NOUN
polaridad,negativo,puto,1,1,45,,,ADJ
polaridad,negativo,público,1,1,45,,,ADJ
polaridad,negativo,qatar,1,1,45,,,PROPN
polaridad,negativo,rata,1,1,45,,,NOUN
polaridad,negativo,razonable,1,1,45,,,ADJ
polaridad,negativo,razón,1,1,45,,,NOUN
polaridad,negativo,realidad,1,1,45,,,NOUN
polaridad,negativo,recipe,1,1,45,0.054,2.0,PROPN
polaridad,negativo,reclamación,1,1,45,,,NOUN
polaridad,negativo,regateando,1,1,45,,,ADJ
polaridad,negativo,regreso,1,1,45,,,NOUN
polaridad,negativo,reloj,1,1,45,,,NOUN
polaridad,negativo,resumen,1,1,45,,,NOUN
polaridad,negativo,retirado,1,1,45,,,ADJ
polaridad,negativo,reto,1,1,45,,,NOUN
polaridad,negativo,robado,1,1,45,,,ADJ
polaridad,negativo,robo,1,1,45,,,NOUN
polaridad,negativo,salud,1,1,45,,,NOUN
polaridad,negativo,sato,1,1,45,,,PROPN
polaridad,negativo,selva,1,1,45,,,NOUN
polaridad,negativo,seven,1,1,45,,,PROPN
polaridad,negativo,silencioso,1,1,45,,,ADJ
polaridad,negativo,simple,1,1,45,,,ADJ
polaridad,negativo,simpático,1,1,45,,,ADJ
polaridad,negativo,sombra,1,1,45,,,NOUN
polaridad,negativo,sospechoso,1,1,45,,,NOUN
polaridad,negativo,sueño,1,1,45,0.054,2.0,NOUN
polaridad,negativo,supermercado,1,1,45,,,NOUN
polaridad,negativo,sur,1,1,45,,,NOUN
polaridad,negativo,sábana,1,1,45,,,NOUN
polaridad,negativo,súper,1,1,45,,,ADJ
polaridad,negativo,taiwán,1,1,45,,,PROPN
polaridad,negativo,tarifa,1,1,45,,,NOUN
polaridad,negativo,tarjeta,1,1,45,,,NOUN
polaridad,negativo,taxi,1,1,45,-0.132,3.0,NOUN
polaridad,negativo,techo,1,1,45,,,NOUN
polaridad,negativo,terrible,1,1,45,,,ADJ
polaridad,negativo,texto,1,1,45,,,NOUN
polaridad,negativo,tijuana,1,1,45,,,PROPN
polaridad,negativo,tikal,1,1,45,,,PROPN
polaridad,negativo,todopoderoso,1,1,45,,,ADJ
polaridad,negativo,torneo,1,1,45,,,NOUN
polaridad,negativo,tour,1,1,45,0.054,2.0,NOUN
polaridad,negativo,trasero,1,1,45,,,ADJ
polaridad,negativo,tren,1,1,45,,,NOUN
polaridad,negativo,tulum,1,1,45,-0.278,4.0,PROPN
polaridad,negativo,uber,1,1,45,,,PROPN
polaridad,negativo,unidos,1,1,45,,,PROPN
polaridad,negativo,vacación,1,1,45,-0.278,4.0,NOUN
polaridad,negativo,vegetarian,1,1,45,-0.505,6.0,PROPN
polaridad,negativo,verano,1,1,45,-0.278,4.0,NOUN
polaridad,negativo,vergonzoso,1,1,45,,,ADJ
polaridad,negativo,victoria,1,1,45,,,NOUN
polaridad,negativo,vinimo,1,1,45,,,NOUN
polaridad,negativo,vivo,1,1,45,,,ADJ
polaridad,negativo,volumen,1,1,45,,,NOUN
polaridad,negativo,vuelta,1,1,45,-0.132,3.0,NOUN
polaridad,negativo,víctima,1,1,45,,,NOUN
polaridad,negativo,yogur,1,1,45,,,NOUN
polaridad,negativo,ángeles,1,1,45,,,PROPN
polaridad,positivo,méxico,44,38,76,0.549,28.0,PROPN
polaridad,positivo,mexicano,15,13,76,-0.139,13.0,ADJ
polaridad,positivo,ciudad,14,12,76,0.431,8.0,PROPN
polaridad,positivo,increíble,14,14,76,1.273,3.0,ADJ
polaridad,positivo,mundo,11,10,76,0.99,3.0,PROPN
polaridad,positivo,semana,9,8,76,0.773,3.0,NOUN
polaridad,positivo,queso,8,6,76,0.652,3.0,NOUN
polaridad,positivo,amigo,7,6,76,0.522,3.0,NOUN
polaridad,positivo,copa,7,6,76,1.034,1.0,PROPN
polaridad,positivo,genial,7,7,76,0.764,2.0,ADJ
polaridad,positivo,lugar,7,7,76,0.102,5.0,NOUN
polaridad,positivo,viaje,7,6,76,0.302,4.0,NOUN
polaridad,positivo,favorito,6,6,76,0.913,1.0,ADJ
polaridad,positivo,gente,6,6,76,-0.714,9.0,NOUN
polaridad,positivo,hora,6,4,76,-0.049,5.0,NOUN
polaridad,positivo,mexico,6,6,76,0.913,1.0,PROPN
polaridad,positivo,país,6,5,76,0.154,4.0,NOUN
polaridad,positivo,vacation,6,6,76,1.237,0.0,PROPN
polaridad,positivo,cdmx,5,4,76,1.128,0.0,PROPN
polaridad,positivo,estadio,5,4,76,0.479,2.0,NOUN
polaridad,positivo,foto,5,4,76,0.479,2.0,NOUN
polaridad,positivo,japón,5,4,76,0.479,2.0,PROPN
polaridad,positivo,luna,5,3,76,0.778,1.0,NOUN
polaridad,positivo,maravilloso,5,5,76,1.128,0.0,ADJ
polaridad,positivo,monterrey,5,5,76,-1.013,10.0,PROPN
polaridad,positivo,amable,4,4,76,0.625,1.0,ADJ
polaridad,positivo,cantina,4,2,76,1.008,0.0,NOUN
polaridad,positivo,casa,4,4,76,0.625,1.0,NOUN
polaridad,positivo,comida,4,4,76,-0.191,4.0,NOUN
polaridad,positivo,cosa,4,4,76,1.008,0.0,NOUN
polaridad,positivo,noche,4,3,76,-0.191,4.0,NOUN
polaridad,positivo,partido,4,4,76,-0.904,8.0,NOUN
polaridad,positivo,playa,4,4,76,0.625,1.0,PROPN
polaridad,positivo,próximo,4,3,76,1.008,0.0,ADJ
polaridad,positivo,quesadilla,4,2,76,1.008,0.0,NOUN
polaridad,positivo,taco,4,3,76,-0.396,5.0,NOUN
polaridad,positivo,vacación,4,4,76,0.625,1.0,NOUN
polaridad,positivo,vegetarian,4,4,76,0.041,3.0,PROPN
polaridad,positivo,autobús,3,2,76,0.444,1.0,NOUN
polaridad,positivo,azteca,3,3,76,-0.165,3.0,PROPN
polaridad,positivo,bar,3,3,76,0.873,0.0,NOUN
polaridad,positivo,cambio,3,1,76,0.873,0.0,NOUN
polaridad,positivo,cancún,3,3,76,-0.165,3.0,PROPN
polaridad,positivo,despedida,3,2,76,0.873,0.0,NOUN
polaridad,positivo,fabuloso,3,2,76,0.873,0.0,ADJ
polaridad,positivo,feliz,3,3,76,0.444,1.0,ADJ
polaridad,positivo,hospitalidad,3,3,76,0.873,0.0,NOUN
polaridad,positivo,inglaterra,3,3,76,-0.6,5.0,PROPN
polaridad,positivo,mañana,3,3,76,0.444,1.0,NOUN
polaridad,positivo,miel,3,2,76,0.873,0.0,NOUN
polaridad,positivo,momento,3,3,76,0.444,1.0,NOUN
polaridad,positivo,oaxaca,3,3,76,0.873,0.0,PROPN
polaridad,positivo,playadelcarmen,3,3,76,0.873,0.0,NOUN
polaridad,positivo,puerto,3,2,76,0.873,0.0,PROPN
polaridad,positivo,sol,3,3,76,0.444,1.0,NOUN
polaridad,positivo,taxi,3,2,76,0.444,1.0,NOUN
polaridad,positivo,tiempo,3,3,76,0.873,0.0,NOUN
polaridad,positivo,tulum,3,3,76,0.109,2.0,PROPN
polaridad,positivo,vida,3,3,76,0.873,0.0,NOUN
polaridad,positivo,vuelta,3,3,76,0.444,1.0,NOUN
polaridad,positivo,york,3,3,76,0.873,0.0,PROPN
polaridad,positivo,adivina,2,2,76,,,NOUN
polaridad,positivo,aeropuerto,2,1,76,-0.134,2.0,NOUN
polaridad,positivo,amabilidad,2,2,76,,,NOUN
polaridad,positivo,américa,2,2,76,,,PROPN
polaridad,positivo,aventura,2,2,76,,,NOUN
polaridad,positivo,barato,2,2,76,-0.134,2.0,ADJ
polaridad,positivo,blog,2,2,76,0.218,1.0,NOUN
polaridad,positivo,bonito,2,2,76,,,ADJ
polaridad,positivo,cabo,2,2,76,,,PROPN
polaridad,positivo,camino,2,2,76,,,NOUN
polaridad,positivo,camiseta,2,2,76,,,NOUN
polaridad,positivo,carmen,2,2,76,,,PROPN
polaridad,positivo,carpeta,2,2,76,,,NOUN
polaridad,positivo,cerveza,2,2,76,0.218,1.0,PROPN
polaridad,positivo,cheetos,2,1,76,,,PROPN
polaridad,positivo,chica,2,2,76,,,NOUN
polaridad,positivo,colgado,2,2,76,,,ADJ
polaridad,positivo,corn,2,1,76,,,PROPN
polaridad,positivo,cuerpo,2,2,76,,,NOUN
polaridad,positivo,cumpleaños,2,2,76,,,NOUN
polaridad,positivo,diego,2,1,76,,,PROPN
polaridad,positivo,diversión,2,2,76,,,NOUN
polaridad,positivo,divertido,2,2,76,,,ADJ
polaridad,positivo,dólares,2,1,76,0.218,1.0,NOUN
polaridad,positivo,emocionado,2,2,76,,,ADJ
polaridad,positivo,entorno,2,1,76,,,NOUN
polaridad,positivo,frijol,2,2,76,0.218,1.0,PROPN
polaridad,positivo,fútbol,2,2,76,0.218,1.0,NOUN
polaridad,positivo,gracia,2,2,76,,,NOUN
polaridad,positivo,gratuito,2,1,76,,,ADJ
polaridad,positivo,gringo,2,2,76,,,PROPN
polaridad,positivo,hermoso,2,2,76,,,ADJ
polaridad,positivo,idea,2,2,76,,,NOUN
polaridad,positivo,impactant,2,2,76,,,ADJ
polaridad,positivo,incluido,2,2,76,,,ADJ
polaridad,positivo,jaja,2,2,76,,,PROPN
polaridad,positivo,joven,2,1,76,0.218,1.0,NOUN
polaridad,positivo,junto,2,2,76,,,ADJ
polaridad,positivo,libre,2,2,76,,,ADJ
polaridad,positivo,mejor,2,2,76,-0.134,2.0,ADJ
polaridad,positivo,mercado,2,1,76,0.218,1.0,NOUN
polaridad,positivo,mes,2,2,76,0.218,1.0,NOUN
polaridad,positivo,mundial,2,2,76,-0.134,2.0,PROPN
polaridad,positivo,mágico,2,2,76,,,PROPN
polaridad,positivo,nivel,2,1,76,0.218,1.0,NOUN
polaridad,positivo,noticia,2,2,76,,,NOUN
polaridad,positivo,paseo,2,2,76,,,NOUN
polaridad,positivo,pequeño,2,2,76,0.218,1.0,ADJ
polaridad,positivo,persona,2,2,76,0.218,1.0,NOUN
polaridad,positivo,recipe,2,2,76,0.218,1.0,PROPN
polaridad,positivo,recipes,2,2,76,-0.134,2.0,NOUN
polaridad,positivo,recuerdo,2,2,76,,,NOUN
polaridad,positivo,refrito,2,2,76,,,PROPN
polaridad,positivo,resort,2,2,76,0.218,1.0,NOUN
polaridad,positivo,salsa,2,2,76,-0.134,2.0,NOUN
polaridad,positivo,san,2,2,76,,,PROPN
polaridad,positivo,serio,2,2,76,-0.409,3.0,ADJ
polaridad,positivo,soltero,2,2,76,,,NOUN
polaridad,positivo,street,2,1,76,,,PROPN
polaridad,positivo,sueño,2,2,76,0.218,1.0,NOUN
polaridad,positivo,teotihuacán,2,2,76,0.218,1.0,PROPN
polaridad,positivo,tortilla,2,2,76,,,NOUN
polaridad,positivo,tostada,2,1,76,,,ADJ
polaridad,positivo,túnez,2,2,76,,,PROPN
polaridad,positivo,vallarta,2,1,76,,,PROPN
polaridad,positivo,viva,2,2,76,,,PROPN
polaridad,positivo,vuelo,2,1,76,-0.134,2.0,NOUN
polaridad,positivo,abierto,1,1,76,,,ADJ
polaridad,positivo,absoluto,1,1,76,,,NOUN
polaridad,positivo,acento,1,1,76,,,NOUN
polaridad,positivo,acogedor,1,1,76,,,ADJ
polaridad,positivo,acogedoro,1,1,76,,,ADJ
polaridad,positivo,activado,1,1,76,,,ADJ
polaridad,positivo,aderezo,1,1,76,,,NOUN
polaridad,positivo,agradecido,1,1,76,,,ADJ
polaridad,positivo,aifa,1,1,76,,,PROPN
polaridad,positivo,air,1,1,76,,,PROPN
polaridad,positivo,airbnb,1,1,76,,,PROPN
polaridad,positivo,aire,1,1,76,,,NOUN
polaridad,positivo,alcance,1,1,76,,,NOUN
polaridad,positivo,alcohol,1,1,76,,,NOUN
polaridad,positivo,alegría,1,1,76,,,NOUN
polaridad,positivo,allende,1,1,76,,,PROPN
polaridad,positivo,ambiente,1,1,76,,,NOUN
polaridad,positivo,amigabl,1,1,76,,,ADJ
polaridad,positivo,amigos,1,1,76,,,PROPN
polaridad,positivo,amistad,1,1,76,,,NOUN
polaridad,positivo,amistoso,1,1,76,,,ADJ
polaridad,positivo,anfitrión,1,1,76,,,NOUN
polaridad,positivo,aplicación,1,1,76,,,NOUN
polaridad,positivo,apoyo,1,1,76,,,NOUN
polaridad,positivo,arracherra,1,1,76,,,PROPN
polaridad,positivo,artes,1,1,76,,,PROPN
polaridad,positivo,asalto,1,1,76,,,NOUN
polaridad,positivo,asiento,1,1,76,,,NOUN
polaridad,positivo,asuntos,1,1,76,,,PROPN
polaridad,positivo,atlanta,1,1,76,,,PROPN
polaridad,positivo,auténtico,1,1,76,,,ADJ
polaridad,positivo,avión,1,1,76,,,NOUN
polaridad,positivo,año,1,1,76,-0.449,2.0,NOUN
polaridad,positivo,bailarín,1,1,76,,,NOUN
polaridad,positivo,ballén,1,1,76,,,ADJ
polaridad,positivo,bellas,1,1,76,,,PROPN
polaridad,positivo,bienvenida,1,1,76,,,NOUN
polaridad,positivo,blanco,1,1,76,,,ADJ
polaridad,positivo,bocado,1,1,76,,,NOUN
polaridad,positivo,bote,1,1,76,,,NOUN
polaridad,positivo,bowl,1,1,76,,,PROPN
polaridad,positivo,boy,1,1,76,,,PROPN
polaridad,positivo,brazo,1,1,76,,,NOUN
polaridad,positivo,broma,1,1,76,,,NOUN
polaridad,positivo,buceo,1,1,76,,,NOUN
polaridad,positivo,burrito,1,1,76,,,PROPN
polaridad,positivo,cacerola,1,1,76,,,PROPN
polaridad,positivo,café,1,1,76,,,NOUN
polaridad,positivo,calor,1,1,76,-0.449,2.0,NOUN
polaridad,positivo,campo,1,1,76,,,NOUN
polaridad,positivo,capacidad,1,1,76,,,NOUN
polaridad,positivo,caro,1,1,76,,,ADJ
polaridad,positivo,carterismo,1,1,76,,,NOUN
polaridad,positivo,centro,1,1,76,,,NOUN
polaridad,positivo,cercano,1,1,76,,,ADJ
polaridad,positivo,city,1,1,76,,,PROPN
polaridad,positivo,clase,1,1,76,,,NOUN
polaridad,positivo,cobro,1,1,76,,,NOUN
polaridad,positivo,cobs,1,1,76,,,PROPN
polaridad,positivo,cochecito,1,1,76,,,NOUN
polaridad,positivo,colega,1,1,76,,,NOUN
polaridad,positivo,colorida,1,1,76,,,ADJ
polaridad,positivo,comparación,1,1,76,,,NOUN
polaridad,positivo,compañía,1,1,76,,,NOUN
polaridad,positivo,competición,1,1,76,,,NOUN
polaridad,positivo,contrario,1,1,76,,,ADJ
polaridad,positivo,covid,1,1,76,,,PROPN
polaridad,positivo,cremoso,1,1,76,,,ADJ
polaridad,positivo,cromo,1,1,76,,,NOUN
polaridad,positivo,crujient,1,1,76,,,ADJ
polaridad,positivo,cuatrimoto,1,1,76,,,NOUN
polaridad,positivo,cubierto,1,1,76,,,ADJ
polaridad,positivo,cuerda,1,1,76,,,NOUN
polaridad,positivo,cuidado,1,1,76,-0.919,4.0,NOUN
polaridad,positivo,cálido,1,1,76,,,ADJ
polaridad,positivo,cóctel,1,1,76,,,NOUN
polaridad,positivo,cómodo,1,1,76,,,PROPN
polaridad,positivo,dallas,1,1,76,,,PROPN
polaridad,positivo,darke,1,1,76,,,PROPN
polaridad,positivo,das,1,1,76,,,PROPN
polaridad,positivo,deliciosa,1,1,76,,,ADJ
polaridad,positivo,desfase,1,1,76,,,NOUN
polaridad,positivo,desperdicio,1,1,76,,,NOUN
polaridad,positivo,devastador,1,1,76,,,ADJ
polaridad,positivo,diario,1,1,76,,,NOUN
polaridad,positivo,diente,1,1,76,,,NOUN
polaridad,positivo,dinero,1,1,76,-0.709,3.0,NOUN
polaridad,positivo,dip,1,1,76,,,PROPN
polaridad,positivo,divisa,1,1,76,,,NOUN
polaridad,positivo,drippy,1,1,76,,,PROPN
polaridad,positivo,droga,1,1,76,,,NOUN
polaridad,positivo,duermo,1,1,76,,,PROPN
polaridad,positivo,duro,1,1,76,,,ADJ
polaridad,positivo,edificio,1,1,76,,,NOUN
polaridad,positivo,elote,1,1,76,-0.709,3.0,NOUN
polaridad,positivo,elotes,1,1,76,,,PROPN
polaridad,positivo,enchilada,1,1,76,,,ADJ
polaridad,positivo,equipaje,1,1,76,-0.449,2.0,NOUN
polaridad,positivo,equivalente,1,1,76,,,NOUN
polaridad,positivo,español,1,1,76,,,NOUN
polaridad,positivo,estafa,1,1,76,,,NOUN
polaridad,positivo,excesivo,1,1,76,,,ADJ
polaridad,positivo,experiencia,1,1,76,,,NOUN
polaridad,positivo,exteriores,1,1,76,,,PROPN
polaridad,positivo,extra,1,1,76,,,ADJ
polaridad,positivo,familiar,1,1,76,,,ADJ
polaridad,positivo,famoso,1,1,76,,,ADJ
polaridad,positivo,fan,1,1,76,,,PROPN
polaridad,positivo,fascinante,1,1,76,,,ADJ
polaridad,positivo,fest,1,1,76,,,PROPN
polaridad,positivo,fifa,1,1,76,,,PROPN
polaridad,positivo,francisco,1,1,76,,,PROPN
polaridad,positivo,fraude,1,1,76,,,NOUN
polaridad,positivo,fresco,1,1,76,,,ADJ
polaridad,positivo,fryer,1,1,76,,,PROPN
polaridad,positivo,futuro,1,1,76,,,NOUN
polaridad,positivo,gana,1,1,76,,,NOUN
polaridad,positivo,general,1,1,76,,,NOUN
polaridad,positivo,good,1,1,76,,,PROPN
polaridad,positivo,gracioso,1,1,76,,,ADJ
polaridad,positivo,granizo,1,1,76,,,ADJ
polaridad,positivo,guacamole,1,1,76,-0.449,2.0,NOUN
polaridad,positivo,guadalajara,1,1,76,,,PROPN
polaridad,positivo,guarnición,1,1,76,,,NOUN
polaridad,positivo,guatemala,1,1,76,,,PROPN
polaridad,positivo,helado,1,1,76,,,ADJ
polaridad,positivo,hermana,1,1,76,,,NOUN
polaridad,positivo,hermano,1,1,76,,,NOUN
polaridad,positivo,hijo,1,1,76,,,NOUN
polaridad,positivo,himno,1,1,76,,,NOUN
polaridad,positivo,honor,1,1,76,,,NOUN
polaridad,positivo,horario,1,1,76,,,NOUN
polaridad,positivo,hot,1,1,76,,,PROPN
polaridad,positivo,hotel,1,1,76,-0.449,2.0,NOUN
polaridad,positivo,ida,1,1,76,,,NOUN
polaridad,positivo,imagen,1,1,76,,,NOUN
polaridad,positivo,imperfección,1,1,76,,,NOUN
polaridad,positivo,impresionante,1,1,76,,,ADJ
polaridad,positivo,improviso,1,1,76,,,NOUN
polaridad,positivo,inflado,1,1,76,,,ADJ
polaridad,positivo,inglés,1,1,76,-0.449,2.0,NOUN
polaridad,positivo,inolvidable,1,1,76,,,ADJ
polaridad,positivo,intenso,1,1,76,,,ADJ
polaridad,positivo,inútil,1,1,76,,,ADJ
polaridad,positivo,izakayas,1,1,76,,,NOUN
polaridad,positivo,jalapeno,1,1,76,,,PROPN
polaridad,positivo,jalapeño,1,1,76,-0.709,3.0,PROPN
polaridad,positivo,japonés,1,1,76,-0.449,2.0,ADJ
polaridad,positivo,joder,1,1,76,,,PROPN
polaridad,positivo,lancha,1,1,76,,,NOUN
polaridad,positivo,latina,1,1,76,,,PROPN
polaridad,positivo,legendario,1,1,76,,,ADJ
polaridad,positivo,lenteja,1,1,76,,,NOUN
polaridad,positivo,lindo,1,1,76,,,ADJ
polaridad,positivo,lista,1,1,76,,,NOUN
polaridad,positivo,llamado,1,1,76,,,ADJ
polaridad,positivo,lleno,1,1,76,-0.709,3.0,ADJ
polaridad,positivo,loco,1,1,76,,,ADJ
polaridad,positivo,lucha,1,1,76,,,NOUN
polaridad,positivo,maldito,1,1,76,,,ADJ
polaridad,positivo,mangos,1,1,76,,,PROPN
polaridad,positivo,mano,1,1,76,,,NOUN
polaridad,positivo,mar,1,1,76,,,NOUN
polaridad,positivo,maravilla,1,1,76,,,NOUN
polaridad,positivo,marido,1,1,76,,,NOUN
polaridad,positivo,martes,1,1,76,,,NOUN
polaridad,positivo,material,1,1,76,,,NOUN
polaridad,positivo,matutino,1,1,76,,,ADJ
polaridad,positivo,mayordomo,1,1,76,,,NOUN
polaridad,positivo,maíz,1,1,76,,,PROPN
polaridad,positivo,mex,1,1,76,,,PROPN
polaridad,positivo,mexicocity,1,1,76,,,PROPN
polaridad,positivo,miedo,1,1,76,,,NOUN
polaridad,positivo,miguel,1,1,76,,,PROPN
polaridad,positivo,ministerio,1,1,76,,,PROPN
polaridad,positivo,minjeongie,1,1,76,,,PROPN
polaridad,positivo,mirada,1,1,76,,,NOUN
polaridad,positivo,montaña,1,1,76,,,NOUN
polaridad,positivo,moral,1,1,76,,,NOUN
polaridad,positivo,morelos,1,1,76,,,PROPN
polaridad,positivo,motivo,1,1,76,,,NOUN
polaridad,positivo,muchísimas,1,1,76,,,ADJ
polaridad,positivo,muelle,1,1,76,,,NOUN
polaridad,positivo,máximo,1,1,76,,,ADJ
polaridad,positivo,nacional,1,1,76,,,ADJ
polaridad,positivo,nado,1,1,76,,,ADJ
polaridad,positivo,nadé,1,1,76,,,PROPN
polaridad,positivo,niño,1,1,76,,,NOUN
polaridad,positivo,normal,1,1,76,,,ADJ
polaridad,positivo,norte,1,1,76,,,NOUN
polaridad,positivo,novia,1,1,76,,,NOUN
polaridad,positivo,novio,1,1,76,,,NOUN
polaridad,positivo,nórdico,1,1,76,,,ADJ
polaridad,positivo,océano,1,1,76,,,NOUN
polaridad,positivo,oficial,1,1,76,,,ADJ
polaridad,positivo,oficina,1,1,76,,,NOUN
polaridad,positivo,ohhhhhhhh,1,1,76,,,PROPN
polaridad,positivo,ojo,1,1,76,,,NOUN
polaridad,positivo,padrino,1,1,76,,,NOUN
polaridad,positivo,palacio,1,1,76,,,PROPN
polaridad,positivo,palmera,1,1,76,,,NOUN
polaridad,positivo,papaya,1,1,76,,,PROPN
polaridad,positivo,paraguas,1,1,76,,,NOUN
polaridad,positivo,parche,1,1,76,,,NOUN
polaridad,positivo,pared,1,1,76,,,NOUN
polaridad,positivo,pase,1,1,76,,,NOUN
polaridad,positivo,pasión,1,1,76,,,NOUN
polaridad,positivo,peligro,1,1,76,,,NOUN
polaridad,positivo,pensamiento,1,1,76,,,NOUN
polaridad,positivo,perfecto,1,1,76,,,ADJ
polaridad,positivo,picazón,1,1,76,,,NOUN
polaridad,positivo,piel,1,1,76,,,NOUN
polaridad,positivo,pirámid,1,1,76,,,NOUN
polaridad,positivo,policía,1,1,76,-0.709,3.0,NOUN
polaridad,positivo,portugal,1,1,76,,,PROPN
polaridad,positivo,pospuse,1,1,76,,,NOUN
polaridad,positivo,pozolero,1,1,76,,,PROPN
polaridad,positivo,praga,1,1,76,,,PROPN
polaridad,positivo,precio,1,1,76,,,NOUN
polaridad,positivo,precioso,1,1,76,,,ADJ
polaridad,positivo,prensa,1,1,76,,,NOUN
polaridad,positivo,preparado,1,1,76,,,ADJ
polaridad,positivo,prometida,1,1,76,,,NOUN
polaridad,positivo,prometido,1,1,76,,,ADJ
polaridad,positivo,publicación,1,1,76,,,NOUN
polaridad,positivo,pueblo,1,1,76,,,NOUN
polaridad,positivo,punto,1,1,76,,,NOUN
polaridad,positivo,queja,1,1,76,,,NOUN
polaridad,positivo,quesadillas,1,1,76,,,PROPN
polaridad,positivo,rara,1,1,76,,,ADJ
polaridad,positivo,razón,1,1,76,,,NOUN
polaridad,positivo,realidad,1,1,76,,,NOUN
polaridad,positivo,receta,1,1,76,,,NOUN
polaridad,positivo,redondo,1,1,76,,,ADJ
polaridad,positivo,rellena,1,1,76,,,NOUN
polaridad,positivo,resto,1,1,76,,,NOUN
polaridad,positivo,reunión,1,1,76,,,NOUN
polaridad,positivo,ropa,1,1,76,,,NOUN
polaridad,positivo,rutina,1,1,76,,,NOUN
polaridad,positivo,rápido,1,1,76,,,ADJ
polaridad,positivo,sabor,1,1,76,,,NOUN
polaridad,positivo,salchicha,1,1,76,,,NOUN
polaridad,positivo,sazonada,1,1,76,,,ADJ
polaridad,positivo,seguro,1,1,76,-0.449,2.0,ADJ
polaridad,positivo,septiembre,1,1,76,,,NOUN
polaridad,positivo,servicio,1,1,76,,,NOUN
polaridad,positivo,señor,1,1,76,,,NOUN
polaridad,positivo,simple,1,1,76,,,ADJ
polaridad,positivo,snorkel,1,1,76,,,NOUN
polaridad,positivo,soltera,1,1,76,,,NOUN
polaridad,positivo,sorpresa,1,1,76,,,NOUN
polaridad,positivo,stadium,1,1,76,,,PROPN
polaridad,positivo,streetcorn,1,1,76,,,PROPN
polaridad,positivo,sudáfrica,1,1,76,,,PROPN
polaridad,positivo,suerte,1,1,76,,,NOUN
polaridad,positivo,sueños,1,1,76,,,PROPN
polaridad,positivo,súper,1,1,76,,,ADJ
polaridad,positivo,tacos,1,1,76,-0.919,4.0,PROPN
polaridad,positivo,tarifa,1,1,76,,,NOUN
polaridad,positivo,taza,1,1,76,,,NOUN
polaridad,positivo,tbt,1,1,76,,,PROPN
polaridad,positivo,teleférico,1,1,76,,,PROPN
polaridad,positivo,tequila,1,1,76,,,PROPN
polaridad,positivo,terminal,1,1,76,,,NOUN
polaridad,positivo,the,1,1,76,,,PROPN
polaridad,positivo,threds,1,1,76,,,PROPN
polaridad,positivo,tiburón,1,1,76,,,NOUN
polaridad,positivo,tierra,1,1,76,,,NOUN
polaridad,positivo,tipo,1,1,76,,,NOUN
polaridad,positivo,torneo,1,1,76,,,NOUN
polaridad,positivo,toronto,1,1,76,,,PROPN
polaridad,positivo,trabajo,1,1,76,,,NOUN
polaridad,positivo,traducción,1,1,76,,,NOUN
polaridad,positivo,trampa,1,1,76,,,NOUN
polaridad,positivo,tranmere,1,1,76,,,PROPN
polaridad,positivo,tranquilo,1,1,76,,,ADJ
polaridad,positivo,traslado,1,1,76,,,NOUN
polaridad,positivo,truco,1,1,76,,,NOUN
polaridad,positivo,tsunsan,1,1,76,,,PROPN
polaridad,positivo,turista,1,1,76,,,NOUN
polaridad,positivo,turístico,1,1,76,,,ADJ
polaridad,positivo,uber,1,1,76,,,PROPN
polaridad,positivo,ugh,1,1,76,,,PROPN
polaridad,positivo,vacavibes,1,1,76,,,PROPN
polaridad,positivo,vecino,1,1,76,,,ADJ
polaridad,positivo,verano,1,1,76,-0.919,4.0,NOUN
polaridad,positivo,video,1,1,76,,,NOUN
polaridad,positivo,viernes,1,1,76,,,NOUN
polaridad,positivo,vista,1,1,76,,,NOUN
polaridad,positivo,vivamexico,1,1,76,,,PROPN
polaridad,positivo,vivaméxico,1,1,76,,,PROPN
polaridad,positivo,voluntario,1,1,76,,,NOUN
polaridad,positivo,vomitivo,1,1,76,,,ADJ
polaridad,positivo,vídeo,1,1,76,,,NOUN
polaridad,positivo,wow,1,1,76,,,PROPN
polaridad,positivo,yonna,1,1,76,,,PROPN
polaridad,positivo,zona,1,1,76,,,NOUN
polaridad,positivo,único,1,1,76,-0.449,2.0,ADJ
polaridad,sin_polaridad,chica,2,2,4,,,NOUN
polaridad,sin_polaridad,próximo,2,1,4,,,ADJ
polaridad,sin_polaridad,año,1,1,4,,,NOUN
polaridad,sin_polaridad,cancún,1,1,4,,,PROPN
polaridad,sin_polaridad,cosa,1,1,4,,,NOUN
polaridad,sin_polaridad,din,1,1,4,,,PROPN
polaridad,sin_polaridad,enemigo,1,1,4,,,NOUN
polaridad,sin_polaridad,follármelo,1,1,4,,,NOUN
polaridad,sin_polaridad,inframundo,1,1,4,,,NOUN
polaridad,sin_polaridad,jaula,1,1,4,,,NOUN
polaridad,sin_polaridad,lotta,1,1,4,,,PROPN
polaridad,sin_polaridad,mierda,1,1,4,,,NOUN
polaridad,sin_polaridad,musculós,1,1,4,,,ADJ
polaridad,sin_polaridad,neutralización,1,1,4,,,NOUN
polaridad,sin_polaridad,nombre,1,1,4,,,NOUN
polaridad,sin_polaridad,pene,1,1,4,,,NOUN
polaridad,sin_polaridad,pequeño,1,1,4,,,ADJ
polaridad,sin_polaridad,perfecto,1,1,4,,,ADJ
polaridad,sin_polaridad,prometida,1,1,4,,,NOUN
polaridad,sin_polaridad,rescate,1,1,4,,,NOUN
polaridad,sin_polaridad,sexy,1,1,4,,,ADJ
polaridad,sin_polaridad,siquiera,1,1,4,,,NOUN
polaridad,sin_polaridad,tatuaje,1,1,4,,,NOUN
polaridad,sin_polaridad,tubo,1,1,4,,,NOUN
polaridad,sin_polaridad,vestigio,1,1,4,,,NOUN
polaridad,sin_polaridad,viaje,1,1,4,,,NOUN
polaridad,sin_polaridad,violador,1,1,4,,,NOUN
polaridad,sin_polaridad,visible,1,1,4,,,ADJ
polaridad,sin_polaridad,zeb,1,1,4,,,PROPN
polaridad,sin_polaridad,único,1,1,4,,,ADJ
total,corpus,méxico,106,93,2631,,,PROPN
total,corpus,gente,90,78,2631,,,NOUN
total,corpus,mundo,86,81,2631,,,NOUN
total,corpus,partido,84,73,2631,,,NOUN
total,corpus,persona,84,69,2631,,,NOUN
total,corpus,año,80,70,2631,,,NOUN
total,corpus,tiempo,77,72,2631,,,NOUN
total,corpus,cosa,75,74,2631,,,NOUN
total,corpus,semana,75,68,2631,,,NOUN
total,corpus,increíble,69,69,2631,,,ADJ
total,corpus,hora,67,56,2631,,,NOUN
total,corpus,casa,62,56,2631,,,NOUN
total,corpus,hombre,54,50,2631,,,NOUN
total,corpus,colega,53,53,2631,,,NOUN
total,corpus,viaje,53,49,2631,,,NOUN
total,corpus,vida,53,51,2631,,,NOUN
total,corpus,yonna,52,49,2631,,,PROPN
total,corpus,foto,51,40,2631,,,NOUN
total,corpus,genial,49,47,2631,,,ADJ
total,corpus,lugar,49,47,2631,,,NOUN
total,corpus,amigo,48,44,2631,,,NOUN
total,corpus,vegetarian,44,44,2631,,,PROPN
total,corpus,ciudad,43,37,2631,,,PROPN
total,corpus,chico,42,38,2631,,,NOUN
total,corpus,mierda,41,41,2631,,,NOUN
total,corpus,país,41,37,2631,,,NOUN
total,corpus,copa,40,38,2631,,,PROPN
total,corpus,trabajo,40,34,2631,,,NOUN
total,corpus,ensalada,38,20,2631,,,PROPN
total,corpus,sitio,38,32,2631,,,NOUN
total,corpus,the,37,30,2631,,,PROPN
total,corpus,noche,36,32,2631,,,NOUN
total,corpus,chica,35,34,2631,,,NOUN
total,corpus,queso,35,26,2631,,,NOUN
total,corpus,tipo,35,33,2631,,,NOUN
total,corpus,historia,34,30,2631,,,NOUN
total,corpus,mexicano,34,31,2631,,,ADJ
total,corpus,dinero,33,32,2631,,,NOUN
total,corpus,gracia,33,32,2631,,,NOUN
total,corpus,inglaterra,33,28,2631,,,PROPN
total,corpus,forma,32,31,2631,,,NOUN
total,corpus,momento,32,30,2631,,,NOUN
total,corpus,favorito,31,30,2631,,,ADJ
total,corpus,japón,29,21,2631,,,PROPN
total,corpus,monterrey,29,27,2631,,,PROPN
total,corpus,pequeño,29,29,2631,,,ADJ
total,corpus,dios,28,25,2631,,,PROPN
total,corpus,equipo,28,25,2631,,,NOUN
total,corpus,hermano,28,28,2631,,,NOUN
total,corpus,mes,28,27,2631,,,NOUN
total,corpus,problema,28,26,2631,,,NOUN
total,corpus,tarea,28,17,2631,,,NOUN
total,corpus,fútbol,27,24,2631,,,NOUN
total,corpus,recipes,27,27,2631,,,NOUN
total,corpus,clase,25,23,2631,,,NOUN
total,corpus,entrada,25,22,2631,,,NOUN
total,corpus,verano,25,24,2631,,,NOUN
total,corpus,favor,24,21,2631,,,NOUN
total,corpus,próximo,24,21,2631,,,ADJ
total,corpus,aplicación,23,22,2631,,,NOUN
total,corpus,dólares,23,18,2631,,,NOUN
total,corpus,inglés,23,18,2631,,,NOUN
total,corpus,joder,23,22,2631,,,PROPN
total,corpus,proyecto,23,19,2631,,,NOUN
total,corpus,feliz,22,22,2631,,,ADJ
total,corpus,idea,22,22,2631,,,NOUN
total,corpus,jugador,22,20,2631,,,NOUN
total,corpus,mujer,22,19,2631,,,NOUN
total,corpus,mundial,22,21,2631,,,PROPN
total,corpus,niño,22,20,2631,,,NOUN
total,corpus,precio,22,19,2631,,,NOUN
total,corpus,punto,22,22,2631,,,NOUN
total,corpus,razón,22,22,2631,,,NOUN
total,corpus,alto,21,20,2631,,,ADJ
total,corpus,club,21,21,2631,,,NOUN
total,corpus,cristiano,21,21,2631,,,ADJ
total,corpus,desarrollador,21,16,2631,,,NOUN
total,corpus,mercado,21,20,2631,,,NOUN
total,corpus,negocio,21,15,2631,,,NOUN
total,corpus,película,21,20,2631,,,NOUN
total,corpus,seguro,21,21,2631,,,ADJ
total,corpus,estadio,20,19,2631,,,NOUN
total,corpus,mejor,20,19,2631,,,ADJ
total,corpus,tío,20,19,2631,,,NOUN
total,corpus,vuelo,20,16,2631,,,NOUN
total,corpus,york,20,20,2631,,,PROPN
total,corpus,comisión,19,11,2631,,,PROPN
total,corpus,desayuno,19,12,2631,,,NOUN
total,corpus,divertido,19,16,2631,,,ADJ
total,corpus,hermoso,19,19,2631,,,ADJ
total,corpus,hijo,19,19,2631,,,NOUN
total,corpus,oportunidad,19,19,2631,,,NOUN
total,corpus,pregunta,19,17,2631,,,NOUN
total,corpus,siquiera,19,19,2631,,,NOUN
total,corpus,bebé,18,11,2631,,,NOUN
total,corpus,camino,18,18,2631,,,NOUN
total,corpus,cultura,18,15,2631,,,NOUN
total,corpus,episodio,18,12,2631,,,PROPN
total,corpus,hotel,18,16,2631,,,NOUN
total,corpus,huevo,18,10,2631,,,NOUN
total,corpus,japonés,18,17,2631,,,ADJ
total,corpus,lindo,18,18,2631,,,ADJ
total,corpus,mañana,18,18,2631,,,NOUN
total,corpus,minuto,18,18,2631,,,NOUN
total,corpus,pesto,18,12,2631,,,NOUN
total,corpus,rápido,18,17,2631,,,ADJ
total,corpus,sándwich,18,10,2631,,,NOUN
total,corpus,temporada,18,17,2631,,,NOUN
total,corpus,único,18,18,2631,,,ADJ
total,corpus,aficionado,17,15,2631,,,NOUN
total,corpus,austin,17,13,2631,,,PROPN
total,corpus,blog,17,17,2631,,,NOUN
total,corpus,joven,17,13,2631,,,ADJ
total,corpus,loco,17,15,2631,,,ADJ
total,corpus,nombre,17,15,2631,,,NOUN
total,corpus,serio,17,16,2631,,,NOUN
total,corpus,social,17,17,2631,,,ADJ
total,corpus,vivienda,17,9,2631,,,NOUN
total,corpus,voz,17,12,2631,,,NOUN
total,corpus,vuelta,17,17,2631,,,NOUN
total,corpus,américa,16,15,2631,,,PROPN
total,corpus,blanco,16,14,2631,,,ADJ
total,corpus,calor,16,15,2631,,,NOUN
total,corpus,directo,16,15,2631,,,ADJ
total,corpus,iglesia,16,15,2631,,,NOUN
total,corpus,judío,16,15,2631,,,NOUN
total,corpus,lleno,16,16,2631,,,ADJ
total,corpus,luna,16,13,2631,,,NOUN
total,corpus,mayoría,16,16,2631,,,NOUN
total,corpus,negro,16,15,2631,,,ADJ
total,corpus,publicación,16,16,2631,,,NOUN
total,corpus,real,16,16,2631,,,ADJ
total,corpus,vacación,16,16,2631,,,NOUN
total,corpus,cancún,15,15,2631,,,PROPN
total,corpus,extranjero,15,15,2631,,,NOUN
total,corpus,fan,15,15,2631,,,NOUN
total,corpus,gracias,15,15,2631,,,NOUN
total,corpus,humano,15,15,2631,,,ADJ
total,corpus,junto,15,15,2631,,,ADJ
total,corpus,lista,15,14,2631,,,NOUN
total,corpus,locura,15,15,2631,,,NOUN
total,corpus,millón,15,14,2631,,,NOUN
total,corpus,opinión,15,14,2631,,,NOUN
total,corpus,puta,15,14,2631,,,NOUN
total,corpus,streamer,15,13,2631,,,NOUN
total,corpus,suerte,15,12,2631,,,NOUN
total,corpus,suficiente,15,15,2631,,,ADJ
total,corpus,aeropuerto,14,13,2631,,,NOUN
total,corpus,capital,14,13,2631,,,NOUN
total,corpus,comida,14,14,2631,,,NOUN
total,corpus,construcción,14,14,2631,,,NOUN
total,corpus,escuela,14,13,2631,,,NOUN
total,corpus,esposa,14,12,2631,,,NOUN
total,corpus,familia,14,14,2631,,,NOUN
total,corpus,fiesta,14,13,2631,,,NOUN
total,corpus,fundador,14,12,2631,,,NOUN
total,corpus,fácil,14,14,2631,,,ADJ
total,corpus,gol,14,12,2631,,,NOUN
total,corpus,libre,14,14,2631,,,ADJ
total,corpus,listo,14,13,2631,,,ADJ
total,corpus,maravilloso,14,14,2631,,,ADJ
total,corpus,mensaje,14,14,2631,,,NOUN
total,corpus,número,14,13,2631,,,NOUN
total,corpus,odio,14,11,2631,,,NOUN
total,corpus,perfecto,14,14,2631,,,ADJ
total,corpus,taco,14,10,2631,,,NOUN
total,corpus,vivo,14,14,2631,,,ADJ
total,corpus,app,13,11,2631,,,NOUN
total,corpus,cabeza,13,13,2631,,,NOUN
total,corpus,cumpleaños,13,12,2631,,,NOUN
total,corpus,diferencia,13,13,2631,,,NOUN
total,corpus,disponible,13,11,2631,,,ADJ
total,corpus,emocionado,13,11,2631,,,ADJ
total,corpus,empresa,13,12,2631,,,NOUN
total,corpus,jajaja,13,12,2631,,,PROPN
total,corpus,juego,13,13,2631,,,NOUN
total,corpus,justo,13,13,2631,,,ADJ
total,corpus,minnesota,13,11,2631,,,PROPN
total,corpus,movimiento,13,12,2631,,,NOUN
total,corpus,padre,13,13,2631,,,NOUN
total,corpus,playa,13,11,2631,,,NOUN
total,corpus,realidad,13,13,2631,,,NOUN
total,corpus,resort,13,12,2631,,,NOUN
total,corpus,tecnología,13,12,2631,,,NOUN
total,corpus,tranmere,13,12,2631,,,PROPN
total,corpus,valor,13,10,2631,,,NOUN
total,corpus,avión,12,11,2631,,,NOUN
total,corpus,bolsa,12,11,2631,,,NOUN
total,corpus,cabo,12,12,2631,,,PROPN
total,corpus,carrera,12,12,2631,,,NOUN
total,corpus,común,12,12,2631,,,ADJ
total,corpus,culo,12,11,2631,,,NOUN
total,corpus,dato,12,12,2631,,,NOUN
total,corpus,difícil,12,12,2631,,,ADJ
total,corpus,fichaje,12,11,2631,,,NOUN
total,corpus,futuro,12,10,2631,,,NOUN
total,corpus,hija,12,10,2631,,,NOUN
total,corpus,imagen,12,11,2631,,,NOUN
total,corpus,jaja,12,12,2631,,,PROPN
total,corpus,julio,12,12,2631,,,NOUN
total,corpus,mitad,12,11,2631,,,NOUN
total,corpus,nivel,12,11,2631,,,NOUN
total,corpus,pan,12,8,2631,,,NOUN
total,corpus,sentido,12,12,2631,,,NOUN
total,corpus,sueño,12,12,2631,,,NOUN
total,corpus,túnez,12,12,2631,,,PROPN
total,corpus,venta,12,12,2631,,,NOUN
total,corpus,absoluto,11,11,2631,,,NOUN
total,corpus,acción,11,9,2631,,,NOUN
total,corpus,amor,11,11,2631,,,NOUN
total,corpus,azul,11,9,2631,,,ADJ
total,corpus,boda,11,9,2631,,,NOUN
total,corpus,cambio,11,9,2631,,,NOUN
total,corpus,camiseta,11,9,2631,,,NOUN
total,corpus,caso,11,11,2631,,,NOUN
total,corpus,comentario,11,11,2631,,,NOUN
total,corpus,completo,11,11,2631,,,ADJ
total,corpus,dallas,11,11,2631,,,PROPN
total,corpus,diseño,11,7,2631,,,NOUN
total,corpus,españa,11,10,2631,,,PROPN
total,corpus,experiencia,11,10,2631,,,NOUN
total,corpus,gana,11,11,2631,,,NOUN
total,corpus,general,11,11,2631,,,ADJ
total,corpus,gobierno,11,10,2631,,,NOUN
total,corpus,grupo,11,11,2631,,,NOUN
total,corpus,hecho,11,9,2631,,,NOUN
total,corpus,jalapeño,11,11,2631,,,NOUN
total,corpus,limpieza,11,11,2631,,,PROPN
total,corpus,malo,11,11,2631,,,ADJ
total,corpus,mamá,11,9,2631,,,NOUN
total,corpus,mano,11,10,2631,,,NOUN
total,corpus,montón,11,11,2631,,,NOUN
total,corpus,palabra,11,10,2631,,,NOUN
total,corpus,paso,11,8,2631,,,NOUN
total,corpus,producto,11,10,2631,,,NOUN
total,corpus,recipe,11,11,2631,,,PROPN
total,corpus,servicio,11,9,2631,,,NOUN
total,corpus,tonto,11,11,2631,,,ADJ
total,corpus,torneo,11,11,2631,,,NOUN
total,corpus,brillante,10,9,2631,,,ADJ
total,corpus,carne,10,10,2631,,,NOUN
total,corpus,centro,10,10,2631,,,NOUN
total,corpus,constructor,10,10,2631,,,NOUN
total,corpus,contenido,10,10,2631,,,NOUN
total,corpus,correo,10,10,2631,,,NOUN
total,corpus,electrónico,10,10,2631,,,ADJ
total,corpus,hábito,10,10,2631,,,NOUN
total,corpus,importante,10,10,2631,,,ADJ
total,corpus,inversión,10,9,2631,,,NOUN
total,corpus,liberal,10,9,2631,,,ADJ
total,corpus,libro,10,9,2631,,,NOUN
total,corpus,masivo,10,9,2631,,,ADJ
total,corpus,maíz,10,5,2631,,,PROPN
total,corpus,miedo,10,10,2631,,,NOUN
total,corpus,modos,10,8,2631,,,NOUN
total,corpus,música,10,10,2631,,,NOUN
total,corpus,objetivo,10,10,2631,,,NOUN
total,corpus,portero,10,9,2631,,,NOUN
total,corpus,reino,10,10,2631,,,PROPN
total,corpus,respuesta,10,10,2631,,,NOUN
total,corpus,sexy,10,9,2631,,,ADJ
total,corpus,sol,10,8,2631,,,NOUN
total,corpus,stream,10,8,2631,,,NOUN
total,corpus,sur,10,10,2631,,,NOUN
total,corpus,tulum,10,10,2631,,,PROPN
total,corpus,usuario,10,10,2631,,,NOUN
total,corpus,video,10,10,2631,,,NOUN
total,corpus,viernes,10,10,2631,,,NOUN
total,corpus,abierto,9,9,2631,,,ADJ
total,corpus,agua,9,9,2631,,,NOUN
total,corpus,amable,9,9,2631,,,ADJ
total,corpus,amazon,9,9,2631,,,PROPN
total,corpus,atención,9,8,2631,,,NOUN
total,corpus,bar,9,9,2631,,,NOUN
total,corpus,cabrón,9,9,2631,,,NOUN
total,corpus,cantidad,9,9,2631,,,NOUN
total,corpus,cara,9,9,2631,,,NOUN
total,corpus,conservador,9,9,2631,,,ADJ
total,corpus,correcto,9,9,2631,,,ADJ
total,corpus,costo,9,7,2631,,,NOUN
total,corpus,cristo,9,8,2631,,,PROPN
total,corpus,dulce,9,8,2631,,,ADJ
total,corpus,edad,9,9,2631,,,NOUN
total,corpus,edición,9,8,2631,,,NOUN
total,corpus,entrenador,9,8,2631,,,NOUN
total,corpus,esfuerzo,9,7,2631,,,NOUN
total,corpus,evento,9,9,2631,,,NOUN
total,corpus,extraño,9,9,2631,,,ADJ
total,corpus,falta,9,8,2631,,,NOUN
total,corpus,francés,9,9,2631,,,NOUN
total,corpus,gratis,9,9,2631,,,PROPN
total,corpus,habitación,9,6,2631,,,NOUN
total,corpus,hola,9,9,2631,,,PROPN
total,corpus,horrible,9,9,2631,,,ADJ
total,corpus,inversor,9,9,2631,,,NOUN
total,corpus,medio,9,8,2631,,,NOUN
total,corpus,mexico,9,9,2631,,,PROPN
total,corpus,miel,9,8,2631,,,NOUN
total,corpus,milla,9,8,2631,,,NOUN
total,corpus,moderno,9,8,2631,,,ADJ
total,corpus,pago,9,9,2631,,,NOUN
total,corpus,par,9,9,2631,,,NOUN
total,corpus,patata,9,8,2631,,,NOUN
total,corpus,pena,9,9,2631,,,NOUN
total,corpus,plano,9,5,2631,,,ADJ
total,corpus,principio,9,9,2631,,,NOUN
total,corpus,préstamo,9,8,2631,,,NOUN
total,corpus,pueblo,9,8,2631,,,NOUN
total,corpus,público,9,9,2631,,,ADJ
total,corpus,regreso,9,9,2631,,,NOUN
total,corpus,relación,9,9,2631,,,NOUN
total,corpus,resto,9,9,2631,,,NOUN
total,corpus,simple,9,9,2631,,,ADJ
total,corpus,sándwiches,9,6,2631,,,PROPN
total,corpus,súper,9,9,2631,,,NOUN
total,corpus,tarjeta,9,7,2631,,,NOUN
total,corpus,texas,9,8,2631,,,PROPN
total,corpus,this,9,8,2631,,,PROPN
total,corpus,tierra,9,7,2631,,,NOUN
total,corpus,toronto,9,9,2631,,,PROPN
total,corpus,transmisión,9,8,2631,,,NOUN
total,corpus,versión,9,8,2631,,,NOUN
total,corpus,vista,9,9,2631,,,NOUN
total,corpus,you,9,8,2631,,,PROPN
total,corpus,apoyo,8,8,2631,,,NOUN
total,corpus,apple,8,8,2631,,,PROPN
total,corpus,autobús,8,7,2631,,,NOUN
total,corpus,azteca,8,8,2631,,,PROPN
total,corpus,burrata,8,4,2631,,,PROPN
total,corpus,campo,8,8,2631,,,NOUN
total,corpus,cerveza,8,8,2631,,,NOUN
total,corpus,compañero,8,8,2631,,,NOUN
total,corpus,contrario,8,8,2631,,,ADJ
total,corpus,corazón,8,8,2631,,,NOUN
total,corpus,cuidado,8,8,2631,,,NOUN
total,corpus,delicioso,8,8,2631,,,ADJ
total,corpus,desarrollo,8,8,2631,,,NOUN
total,corpus,dolor,8,8,2631,,,NOUN
total,corpus,domingo,8,8,2631,,,NOUN
total,corpus,duro,8,8,2631,,,ADJ
total,corpus,dúplex,8,8,2631,,,PROPN
total,corpus,eléctrico,8,8,2631,,,ADJ
total,corpus,envío,8,8,2631,,,NOUN
total,corpus,equipaje,8,7,2631,,,NOUN
total,corpus,extra,8,7,2631,,,ADJ
total,corpus,extremo,8,8,2631,,,NOUN
total,corpus,fuego,8,7,2631,,,NOUN
total,corpus,fuerte,8,8,2631,,,ADJ
total,corpus,inmigrante,8,7,2631,,,NOUN
total,corpus,inmobiliario,8,8,2631,,,ADJ
total,corpus,irlandés,8,8,2631,,,ADJ
total,corpus,lluvia,8,7,2631,,,NOUN
total,corpus,muerto,8,8,2631,,,ADJ
total,corpus,nghtmre,8,8,2631,,,PROPN
total,corpus,papá,8,6,2631,,,NOUN
total,corpus,parrilla,8,4,2631,,,NOUN
total,corpus,privado,8,7,2631,,,ADJ
total,corpus,qatar,8,8,2631,,,PROPN
total,corpus,red,8,8,2631,,,NOUN
total,corpus,república,8,7,2631,,,PROPN
total,corpus,san,8,8,2631,,,PROPN
total,corpus,tuchel,8,8,2631,,,PROPN
total,corpus,unido,8,8,2631,,,PROPN
total,corpus,actuación,7,7,2631,,,NOUN
total,corpus,agradecido,7,7,2631,,,ADJ
total,corpus,aire,7,7,2631,,,NOUN
total,corpus,alegría,7,6,2631,,,NOUN
total,corpus,amiga,7,7,2631,,,NOUN
total,corpus,and,7,6,2631,,,PROPN
total,corpus,argentina,7,7,2631,,,PROPN
total,corpus,arte,7,7,2631,,,NOUN
total,corpus,atlanta,7,6,2631,,,PROPN
total,corpus,barato,7,6,2631,,,ADJ
total,corpus,bellmare,7,7,2631,,,PROPN
total,corpus,california,7,6,2631,,,PROPN
total,corpus,cama,7,7,2631,,,NOUN
total,corpus,canción,7,7,2631,,,NOUN
total,corpus,cargado,7,6,2631,,,ADJ
total,corpus,cena,7,6,2631,,,NOUN
total,corpus,cielo,7,7,2631,,,NOUN
total,corpus,comercial,7,7,2631,,,ADJ
total,corpus,comunicación,7,6,2631,,,NOUN
total,corpus,confianza,7,6,2631,,,NOUN
total,corpus,consumo,7,7,2631,,,NOUN
total,corpus,crédito,7,7,2631,,,NOUN
total,corpus,democracia,7,5,2631,,,NOUN
total,corpus,derecha,7,7,2631,,,NOUN
total,corpus,enlace,7,7,2631,,,NOUN
total,corpus,entrenamiento,7,6,2631,,,NOUN
total,corpus,escrito,7,7,2631,,,ADJ
total,corpus,espacio,7,6,2631,,,NOUN
total,corpus,especial,7,5,2631,,,ADJ
total,corpus,espera,7,7,2631,,,NOUN
total,corpus,estudiante,7,6,2631,,,NOUN
total,corpus,estúpido,7,7,2631,,,ADJ
total,corpus,feminista,7,7,2631,,,NOUN
total,corpus,fifa,7,7,2631,,,PROPN
total,corpus,francia,7,7,2631,,,PROPN
total,corpus,hogar,7,5,2631,,,NOUN
total,corpus,huevos,7,5,2631,,,PROPN
total,corpus,ince,7,6,2631,,,PROPN
total,corpus,incluido,7,7,2631,,,ADJ
total,corpus,internet,7,7,2631,,,NOUN
total,corpus,lotta,7,5,2631,,,PROPN
total,corpus,línea,7,7,2631,,,NOUN
total,corpus,mantequilla,7,5,2631,,,NOUN
total,corpus,marido,7,5,2631,,,NOUN
total,corpus,mindfull,7,7,2631,,,PROPN
total,corpus,muerte,7,7,2631,,,NOUN
total,corpus,multitud,7,7,2631,,,NOUN
total,corpus,nena,7,7,2631,,,PROPN
total,corpus,orgulloso,7,7,2631,,,ADJ
total,corpus,plan,7,7,2631,,,NOUN
total,corpus,ponte,7,7,2631,,,PROPN
total,corpus,portería,7,6,2631,,,NOUN
total,corpus,posición,7,7,2631,,,NOUN
total,corpus,principal,7,7,2631,,,ADJ
total,corpus,productividad,7,7,2631,,,NOUN
total,corpus,progresista,7,7,2631,,,NOUN
total,corpus,receta,7,7,2631,,,NOUN
total,corpus,reciente,7,7,2631,,,ADJ
total,corpus,retorno,7,6,2631,,,NOUN
total,corpus,rojo,7,5,2631,,,ADJ
total,corpus,ropa,7,7,2631,,,NOUN
total,corpus,salsa,7,6,2631,,,NOUN
total,corpus,selección,7,6,2631,,,NOUN
total,corpus,sociedad,7,6,2631,,,NOUN
total,corpus,sombrero,7,5,2631,,,NOUN
total,corpus,sábado,7,7,2631,,,NOUN
total,corpus,tramlines,7,5,2631,,,PROPN
total,corpus,trato,7,7,2631,,,NOUN
total,corpus,tren,7,6,2631,,,NOUN
total,corpus,unidos,7,7,2631,,,PROPN
total,corpus,viento,7,7,2631,,,NOUN
total,corpus,ñigga,7,7,2631,,,PROPN
total,corpus,adulto,6,6,2631,,,ADJ
total,corpus,agradable,6,6,2631,,,ADJ
total,corpus,almuerzo,6,6,2631,,,NOUN
total,corpus,antiguo,6,6,2631,,,ADJ
total,corpus,anuncio,6,6,2631,,,NOUN
total,corpus,apuesto,6,6,2631,,,ADJ
total,corpus,artículo,6,6,2631,,,NOUN
total,corpus,asiento,6,5,2631,,,NOUN
total,corpus,bandeja,6,4,2631,,,NOUN
total,corpus,base,6,6,2631,,,NOUN
total,corpus,bass,6,6,2631,,,PROPN
total,corpus,bbq,6,4,2631,,,PROPN
total,corpus,beno,6,6,2631,,,NOUN
total,corpus,bonito,6,6,2631,,,ADJ
total,corpus,botella,6,5,2631,,,NOUN
total,corpus,breakfast,6,4,2631,,,NOUN
total,corpus,broma,6,6,2631,,,NOUN
total,corpus,calidad,6,5,2631,,,NOUN
total,corpus,cantina,6,4,2631,,,NOUN
total,corpus,cero,6,6,2631,,,NOUN
total,corpus,clip,6,6,2631,,,NOUN
total,corpus,comparación,6,6,2631,,,NOUN
total,corpus,compañía,6,6,2631,,,NOUN
total,corpus,consumidor,6,6,2631,,,NOUN
total,corpus,control,6,6,2631,,,NOUN
total,corpus,costa,6,5,2631,,,NOUN
total,corpus,covid,6,6,2631,,,PROPN
total,corpus,cráter,6,3,2631,,,PROPN
total,corpus,cubierto,6,5,2631,,,ADJ
total,corpus,cuerpo,6,6,2631,,,NOUN
total,corpus,declaración,6,6,2631,,,NOUN
total,corpus,despedida,6,5,2631,,,NOUN
total,corpus,destino,6,6,2631,,,NOUN
total,corpus,elon,6,6,2631,,,PROPN
total,corpus,enfoque,6,6,2631,,,NOUN
total,corpus,england,6,6,2631,,,PROPN
total,corpus,entrevista,6,6,2631,,,NOUN
total,corpus,espalda,6,6,2631,,,NOUN
total,corpus,estadounidense,6,5,2631,,,NOUN
total,corpus,fondo,6,6,2631,,,NOUN
total,corpus,frente,6,6,2631,,,NOUN
total,corpus,frito,6,5,2631,,,ADJ
total,corpus,gay,6,5,2631,,,PROPN
total,corpus,gordo,6,6,2631,,,ADJ
total,corpus,gracioso,6,6,2631,,,ADJ
total,corpus,guerra,6,6,2631,,,NOUN
total,corpus,hamburguesas,6,4,2631,,,PROPN
total,corpus,heirloom,6,4,2631,,,PROPN
total,corpus,hermana,6,5,2631,,,NOUN
total,corpus,identidad,6,6,2631,,,NOUN
total,corpus,impresionante,6,6,2631,,,ADJ
total,corpus,inicio,6,5,2631,,,NOUN
total,corpus,inspiración,6,6,2631,,,NOUN
total,corpus,irlanda,6,5,2631,,,PROPN
total,corpus,island,6,5,2631,,,PROPN
total,corpus,israel,6,6,2631,,,PROPN
total,corpus,jesús,6,6,2631,,,PROPN
total,corpus,kane,6,6,2631,,,PROPN
total,corpus,ley,6,4,2631,,,PROPN
total,corpus,liga,6,5,2631,,,NOUN
total,corpus,logro,6,6,2631,,,NOUN
total,corpus,límite,6,5,2631,,,NOUN
total,corpus,marruecos,6,6,2631,,,PROPN
total,corpus,medida,6,6,2631,,,NOUN
total,corpus,miércoles,6,6,2631,,,NOUN
total,corpus,motivación,6,6,2631,,,NOUN
total,corpus,moto,6,5,2631,,,NOUN
total,corpus,nacional,6,6,2631,,,ADJ
total,corpus,normal,6,6,2631,,,ADJ
total,corpus,obvio,6,6,2631,,,ADJ
total,corpus,oficial,6,5,2631,,,ADJ
total,corpus,ojo,6,6,2631,,,NOUN
total,corpus,one,6,5,2631,,,PROPN
total,corpus,out,6,6,2631,,,PROPN
total,corpus,outlaws,6,6,2631,,,PROPN
total,corpus,pantalla,6,6,2631,,,NOUN
total,corpus,parte,6,6,2631,,,NOUN
total,corpus,perdedor,6,6,2631,,,NOUN
total,corpus,permiso,6,6,2631,,,NOUN
total,corpus,personal,6,6,2631,,,ADJ
total,corpus,pie,6,6,2631,,,NOUN
total,corpus,pilat,6,6,2631,,,NOUN
total,corpus,política,6,5,2631,,,NOUN
total,corpus,promedio,6,6,2631,,,NOUN
total,corpus,propietario,6,6,2631,,,NOUN
total,corpus,puesto,6,6,2631,,,NOUN
total,corpus,puto,6,6,2631,,,ADJ
total,corpus,raro,6,6,2631,,,ADJ
total,corpus,razonable,6,6,2631,,,ADJ
total,corpus,rendimiento,6,4,2631,,,NOUN
total,corpus,ritmo,6,6,2631,,,NOUN
total,corpus,rosa,6,4,2631,,,PROPN
total,corpus,sala,6,6,2631,,,NOUN
total,corpus,salchicha,6,6,2631,,,NOUN
total,corpus,saludo,6,3,2631,,,NOUN
total,corpus,siglo,6,5,2631,,,NOUN
total,corpus,slander,6,6,2631,,,PROPN
total,corpus,socio,6,4,2631,,,NOUN
total,corpus,soltero,6,6,2631,,,NOUN
total,corpus,sombra,6,6,2631,,,NOUN
total,corpus,spotify,6,6,2631,,,PROPN
total,corpus,suelo,6,4,2631,,,NOUN
total,corpus,summer,6,5,2631,,,PROPN
total,corpus,teléfono,6,5,2631,,,NOUN
total,corpus,tienda,6,6,2631,,,NOUN
total,corpus,tiktok,6,6,2631,,,PROPN
total,corpus,time,6,6,2631,,,PROPN
total,corpus,tormenta,6,6,2631,,,NOUN
total,corpus,tostada,6,5,2631,,,ADJ
total,corpus,tostado,6,2,2631,,,ADJ
total,corpus,trasero,6,5,2631,,,ADJ
total,corpus,triste,6,6,2631,,,ADJ
total,corpus,trump,6,6,2631,,,PROPN
total,corpus,tuit,6,6,2631,,,NOUN
total,corpus,twitter,6,6,2631,,,PROPN
total,corpus,uniforme,6,6,2631,,,NOUN
total,corpus,vacation,6,6,2631,,,PROPN
total,corpus,vacío,6,6,2631,,,ADJ
total,corpus,viral,6,6,2631,,,ADJ
total,corpus,web,6,6,2631,,,ADJ
total,corpus,what,6,6,2631,,,PROPN
total,corpus,ángeles,6,6,2631,,,PROPN
total,corpus,élite,6,6,2631,,,NOUN
total,corpus,éxito,6,6,2631,,,NOUN
total,corpus,aburrido,5,5,2631,,,ADJ
total,corpus,activo,5,5,2631,,,NOUN
total,corpus,actual,5,5,2631,,,ADJ
total,corpus,alquiler,5,2,2631,,,NOUN
total,corpus,amarillo,5,3,2631,,,ADJ
total,corpus,amber,5,5,2631,,,PROPN
total,corpus,ambicioso,5,2,2631,,,ADJ
total,corpus,ambiente,5,5,2631,,,NOUN
total,corpus,ardiente,5,5,2631,,,ADJ
total,corpus,argentino,5,5,2631,,,ADJ
total,corpus,arriesgado,5,5,2631,,,ADJ
total,corpus,aspecto,5,5,2631,,,NOUN
total,corpus,atmósfera,5,4,2631,,,NOUN
total,corpus,banda,5,4,2631,,,NOUN
total,corpus,bienvenida,5,4,2631,,,NOUN
total,corpus,bienvenido,5,5,2631,,,ADJ
total,corpus,bolsillo,5,4,2631,,,NOUN
total,corpus,brasil,5,5,2631,,,PROPN
total,corpus,brazo,5,5,2631,,,NOUN
total,corpus,café,5,5,2631,,,NOUN
total,corpus,caja,5,4,2631,,,NOUN
total,corpus,carta,5,5,2631,,,NOUN
total,corpus,cdmx,5,4,2631,,,PROPN
total,corpus,chicago,5,5,2631,,,PROPN
total,corpus,chipotle,5,5,2631,,,PROPN
total,corpus,clerical,5,4,2631,,,ADJ
total,corpus,coche,5,4,2631,,,NOUN
total,corpus,compra,5,5,2631,,,NOUN
total,corpus,comunidad,5,5,2631,,,NOUN
total,corpus,corte,5,5,2631,,,NOUN
total,corpus,creencia,5,5,2631,,,NOUN
total,corpus,culpa,5,5,2631,,,NOUN
total,corpus,dale,5,5,2631,,,PROPN
total,corpus,demonio,5,5,2631,,,NOUN
total,corpus,derecho,5,5,2631,,,NOUN
total,corpus,descanso,5,5,2631,,,NOUN
total,corpus,diablo,5,4,2631,,,PROPN
total,corpus,diego,5,3,2631,,,PROPN
total,corpus,din,5,3,2631,,,PROPN
total,corpus,drama,5,5,2631,,,NOUN
total,corpus,edificio,5,5,2631,,,NOUN
total,corpus,elote,5,4,2631,,,NOUN
total,corpus,emoción,5,5,2631,,,NOUN
total,corpus,entrega,5,2,2631,,,NOUN
total,corpus,error,5,5,2631,,,NOUN
total,corpus,escena,5,5,2631,,,NOUN
total,corpus,escocia,5,5,2631,,,PROPN
total,corpus,espectáculo,5,4,2631,,,NOUN
total,corpus,etiqueta,5,5,2631,,,NOUN
total,corpus,evangelio,5,5,2631,,,PROPN
total,corpus,exacto,5,5,2631,,,ADJ
total,corpus,familiar,5,5,2631,,,ADJ
total,corpus,fila,5,5,2631,,,NOUN
total,corpus,fujisawa,5,4,2631,,,PROPN
total,corpus,goyslop,5,5,2631,,,PROPN
total,corpus,grado,5,4,2631,,,NOUN
total,corpus,griego,5,5,2631,,,ADJ
total,corpus,helado,5,5,2631,,,ADJ
total,corpus,hierba,5,4,2631,,,NOUN
total,corpus,honesto,5,5,2631,,,ADJ
total,corpus,horario,5,5,2631,,,NOUN
total,corpus,idioma,5,3,2631,,,NOUN
total,corpus,iheart,5,5,2631,,,ADJ
total,corpus,imperio,5,5,2631,,,PROPN
total,corpus,impresión,5,5,2631,,,NOUN
total,corpus,información,5,4,2631,,,NOUN
total,corpus,invierno,5,2,2631,,,NOUN
total,corpus,izquierda,5,5,2631,,,NOUN
total,corpus,lago,5,3,2631,,,NOUN
total,corpus,largo,5,5,2631,,,ADJ
total,corpus,leche,5,4,2631,,,NOUN
total,corpus,libras,5,4,2631,,,NOUN
total,corpus,llamado,5,5,2631,,,ADJ
total,corpus,local,5,5,2631,,,ADJ
total,corpus,lotería,5,4,2631,,,NOUN
total,corpus,love,5,4,2631,,,PROPN
total,corpus,madre,5,4,2631,,,NOUN
total,corpus,maldito,5,5,2631,,,ADJ
total,corpus,mandalorian,5,4,2631,,,PROPN
total,corpus,mar,5,5,2631,,,NOUN
total,corpus,marca,5,5,2631,,,NOUN
total,corpus,marketing,5,4,2631,,,NOUN
total,corpus,martes,5,5,2631,,,NOUN
total,corpus,messi,5,5,2631,,,PROPN
total,corpus,múltiple,5,5,2631,,,ADJ
total,corpus,nachos,5,3,2631,,,PROPN
total,corpus,nah,5,5,2631,,,PROPN
total,corpus,narrativa,5,5,2631,,,NOUN
total,corpus,naturaleza,5,4,2631,,,NOUN
total,corpus,nevera,5,5,2631,,,NOUN
total,corpus,noticia,5,5,2631,,,NOUN
total,corpus,oro,5,5,2631,,,NOUN
total,corpus,pantalón,5,5,2631,,,NOUN
total,corpus,papel,5,5,2631,,,NOUN
total,corpus,parís,5,5,2631,,,PROPN
total,corpus,paul,5,5,2631,,,PROPN
total,corpus,perra,5,5,2631,,,NOUN
total,corpus,peso,5,5,2631,,,NOUN
total,corpus,plato,5,5,2631,,,NOUN
total,corpus,preocupación,5,4,2631,,,NOUN
total,corpus,pretemporada,5,4,2631,,,NOUN
total,corpus,promotor,5,3,2631,,,NOUN
total,corpus,prueba,5,5,2631,,,NOUN
total,corpus,puerta,5,5,2631,,,NOUN
total,corpus,pérdida,5,5,2631,,,NOUN
total,corpus,quesadilla,5,3,2631,,,NOUN
total,corpus,raíz,5,5,2631,,,NOUN
total,corpus,reels,5,4,2631,,,NOUN
total,corpus,regla,5,4,2631,,,NOUN
total,corpus,religioso,5,5,2631,,,ADJ
total,corpus,respeto,5,5,2631,,,NOUN
total,corpus,resultado,5,5,2631,,,NOUN
total,corpus,retraso,5,5,2631,,,NOUN
total,corpus,reunión,5,4,2631,,,NOUN
total,corpus,ridículo,5,5,2631,,,ADJ
total,corpus,riesgo,5,5,2631,,,NOUN
total,corpus,sabor,5,5,2631,,,NOUN
total,corpus,sandía,5,5,2631,,,PROPN
total,corpus,sano,5,5,2631,,,ADJ
total,corpus,segmento,5,5,2631,,,NOUN
total,corpus,seguidor,5,5,2631,,,NOUN
total,corpus,serie,5,5,2631,,,NOUN
total,corpus,sistema,5,5,2631,,,NOUN
total,corpus,smith,5,5,2631,,,PROPN
total,corpus,solitario,5,4,2631,,,ADJ
total,corpus,sorpresa,5,5,2631,,,NOUN
total,corpus,state,5,4,2631,,,PROPN
total,corpus,streaming,5,3,2631,,,PROPN
total,corpus,superior,5,5,2631,,,ADJ
total,corpus,suscríbete,5,5,2631,,,PROPN
total,corpus,tacos,5,2,2631,,,PROPN
total,corpus,tema,5,5,2631,,,NOUN
total,corpus,tendencia,5,5,2631,,,NOUN
total,corpus,teoría,5,3,2631,,,NOUN
total,corpus,terrible,5,5,2631,,,ADJ
total,corpus,top,5,5,2631,,,PROPN
total,corpus,tostadas,5,4,2631,,,PROPN
total,corpus,tour,5,5,2631,,,NOUN
total,corpus,tribu,5,4,2631,,,NOUN
total,corpus,ugh,5,5,2631,,,PROPN
total,corpus,universidad,5,4,2631,,,NOUN
total,corpus,vergonzoso,5,5,2631,,,ADJ
total,corpus,viejo,5,5,2631,,,ADJ
total,corpus,vip,5,3,2631,,,PROPN
total,corpus,visita,5,5,2631,,,NOUN
total,corpus,weimar,5,4,2631,,,PROPN
total,corpus,zona,5,5,2631,,,NOUN
total,corpus,área,5,4,2631,,,NOUN
total,corpus,actualización,4,4,2631,,,NOUN
total,corpus,acuerdo,4,4,2631,,,NOUN
total,corpus,afirmación,4,4,2631,,,NOUN
total,corpus,agente,4,4,2631,,,NOUN
total,corpus,albóndiga,4,2,2631,,,NOUN
total,corpus,alcohol,4,4,2631,,,NOUN
total,corpus,alma,4,4,2631,,,NOUN
total,corpus,altura,4,4,2631,,,NOUN
total,corpus,american,4,4,2631,,,PROPN
total,corpus,americano,4,4,2631,,,ADJ
total,corpus,ansiedad,4,2,2631,,,NOUN
total,corpus,apologista,4,3,2631,,,NOUN
total,corpus,arma,4,4,2631,,,NOUN
total,corpus,arroz,4,3,2631,,,NOUN
total,corpus,asombroso,4,4,2631,,,ADJ
total,corpus,aterrador,4,4,2631,,,ADJ
total,corpus,baby,4,3,2631,,,ADJ
total,corpus,bad,4,3,2631,,,PROPN
total,corpus,bagels,4,2,2631,,,PROPN
total,corpus,baja,4,4,2631,,,PROPN
total,corpus,balón,4,4,2631,,,NOUN
total,corpus,banco,4,3,2631,,,NOUN
total,corpus,barco,4,4,2631,,,NOUN
total,corpus,basura,4,4,2631,,,NOUN
total,corpus,bien,4,4,2631,,,NOUN
total,corpus,billete,4,4,2631,,,NOUN
total,corpus,blue,4,4,2631,,,PROPN
total,corpus,boleto,4,3,2631,,,NOUN
total,corpus,boursin,4,4,2631,,,PROPN
total,corpus,bowls,4,1,2631,,,PROPN
total,corpus,básico,4,4,2631,,,ADJ
total,corpus,cafetería,4,4,2631,,,NOUN
total,corpus,caliente,4,4,2631,,,ADJ
total,corpus,calientes,4,2,2631,,,PROPN
total,corpus,callejero,4,3,2631,,,ADJ
total,corpus,canadá,4,4,2631,,,PROPN
total,corpus,cansado,4,4,2631,,,ADJ
total,corpus,cargo,4,4,2631,,,NOUN
total,corpus,categoría,4,4,2631,,,NOUN
total,corpus,central,4,4,2631,,,PROPN
total,corpus,cerrado,4,4,2631,,,ADJ
total,corpus,chad,4,4,2631,,,PROPN
total,corpus,chat,4,4,2631,,,PROPN
total,corpus,cheque,4,4,2631,,,NOUN
total,corpus,chicos,4,4,2631,,,PROPN
total,corpus,cierre,4,4,2631,,,NOUN
total,corpus,cima,4,4,2631,,,NOUN
total,corpus,civilización,4,4,2631,,,NOUN
total,corpus,clarke,4,4,2631,,,PROPN
total,corpus,competitivo,4,4,2631,,,ADJ
total,corpus,comprador,4,4,2631,,,NOUN
total,corpus,conexión,4,3,2631,,,NOUN
total,corpus,construido,4,4,2631,,,ADJ
total,corpus,conversación,4,4,2631,,,NOUN
total,corpus,convicción,4,4,2631,,,NOUN
total,corpus,corn,4,3,2631,,,PROPN
total,corpus,coño,4,4,2631,,,NOUN
total,corpus,creación,4,4,2631,,,NOUN
total,corpus,cremoso,4,4,2631,,,ADJ
total,corpus,cuarto,4,4,2631,,,NOUN
total,corpus,cámara,4,4,2631,,,NOUN
total,corpus,cártel,4,3,2631,,,NOUN
total,corpus,cóctel,4,3,2631,,,NOUN
total,corpus,cómodo,4,3,2631,,,ADJ
total,corpus,david,4,4,2631,,,PROPN
total,corpus,daño,4,4,2631,,,NOUN
total,corpus,decisión,4,4,2631,,,NOUN
total,corpus,demanda,4,3,2631,,,NOUN
total,corpus,derrota,4,4,2631,,,NOUN
total,corpus,deseo,4,4,2631,,,NOUN
total,corpus,deuda,4,4,2631,,,NOUN
total,corpus,diario,4,3,2631,,,NOUN
total,corpus,discurso,4,4,2631,,,NOUN
total,corpus,discípulo,4,4,2631,,,NOUN
total,corpus,diseñador,4,3,2631,,,NOUN
total,corpus,disney,4,3,2631,,,PROPN
total,corpus,diversión,4,4,2631,,,NOUN
total,corpus,doble,4,4,2631,,,ADJ
total,corpus,dorado,4,4,2631,,,ADJ
total,corpus,duda,4,4,2631,,,NOUN
total,corpus,ejemplo,4,4,2631,,,NOUN
total,corpus,ellen,4,3,2631,,,PROPN
total,corpus,energía,4,4,2631,,,NOUN
total,corpus,escenario,4,4,2631,,,NOUN
total,corpus,estafador,4,4,2631,,,NOUN
total,corpus,estricto,4,4,2631,,,ADJ
total,corpus,estándar,4,4,2631,,,NOUN
total,corpus,europa,4,4,2631,,,PROPN
total,corpus,exitoso,4,4,2631,,,ADJ
total,corpus,exposición,4,4,2631,,,NOUN
total,corpus,fabuloso,4,3,2631,,,ADJ
total,corpus,falso,4,4,2631,,,ADJ
total,corpus,fecha,4,4,2631,,,NOUN
total,corpus,felicidad,4,4,2631,,,NOUN
total,corpus,femenino,4,4,2631,,,ADJ
total,corpus,festival,4,4,2631,,,NOUN
total,corpus,firma,4,4,2631,,,NOUN
total,corpus,for,4,4,2631,,,PROPN
total,corpus,free,4,4,2631,,,PROPN
total,corpus,fresco,4,4,2631,,,ADJ
total,corpus,frijol,4,4,2631,,,NOUN
total,corpus,from,4,4,2631,,,PROPN
total,corpus,frontale,4,4,2631,,,PROPN
total,corpus,frío,4,4,2631,,,ADJ
total,corpus,función,4,3,2631,,,NOUN
total,corpus,fundamental,4,4,2631,,,ADJ
total,corpus,get,4,4,2631,,,PROPN
total,corpus,gimnasio,4,3,2631,,,NOUN
total,corpus,golden,4,4,2631,,,PROPN
total,corpus,goyim,4,4,2631,,,NOUN
total,corpus,guacamole,4,4,2631,,,PROPN
total,corpus,gusto,4,4,2631,,,NOUN
total,corpus,haneda,4,4,2631,,,PROPN
total,corpus,herramienta,4,3,2631,,,NOUN
total,corpus,hice,4,4,2631,,,PROPN
total,corpus,hot,4,3,2631,,,PROPN
total,corpus,houston,4,4,2631,,,PROPN
total,corpus,imbécil,4,4,2631,,,NOUN
total,corpus,infierno,4,4,2631,,,NOUN
total,corpus,instagram,4,4,2631,,,PROPN
total,corpus,inteligente,4,4,2631,,,ADJ
total,corpus,intención,4,4,2631,,,NOUN
total,corpus,interesado,4,4,2631,,,ADJ
total,corpus,internacional,4,4,2631,,,ADJ
total,corpus,jason,4,4,2631,,,PROPN
total,corpus,jeremy,4,4,2631,,,PROPN
total,corpus,joda,4,2,2631,,,PROPN
total,corpus,judá,4,3,2631,,,PROPN
total,corpus,khan,4,4,2631,,,PROPN
total,corpus,league,4,4,2631,,,PROPN
total,corpus,lizzie,4,4,2631,,,PROPN
total,corpus,lmaooo,4,4,2631,,,PROPN
total,corpus,lunes,4,4,2631,,,NOUN
total,corpus,luz,4,4,2631,,,NOUN
total,corpus,maleta,4,3,2631,,,NOUN
total,corpus,mando,4,4,2631,,,PROPN
total,corpus,mentalidad,4,4,2631,,,NOUN
total,corpus,militar,4,3,2631,,,ADJ
total,corpus,mito,4,4,2631,,,NOUN
total,corpus,moda,4,4,2631,,,NOUN
total,corpus,motivacional,4,4,2631,,,ADJ
total,corpus,mrvl,4,2,2631,,,PROPN
total,corpus,máximo,4,4,2631,,,ADJ
total,corpus,nación,4,4,2631,,,NOUN
total,corpus,necesario,4,4,2631,,,ADJ
total,corpus,neutro,4,2,2631,,,NOUN
total,corpus,newport,4,2,2631,,,PROPN
total,corpus,next,4,4,2631,,,PROPN
total,corpus,nigga,4,4,2631,,,PROPN
total,corpus,norma,4,4,2631,,,NOUN
total,corpus,nyc,4,4,2631,,,PROPN
total,corpus,obra,4,4,2631,,,NOUN
total,corpus,obsoleto,4,4,2631,,,ADJ
total,corpus,occidental,4,4,2631,,,ADJ
total,corpus,odisea,4,4,2631,,,PROPN
total,corpus,ola,4,4,2631,,,NOUN
total,corpus,orden,4,4,2631,,,NOUN
total,corpus,pablo,4,4,2631,,,PROPN
total,corpus,palios,4,4,2631,,,PROPN
total,corpus,papa,4,4,2631,,,PROPN
total,corpus,parada,4,4,2631,,,NOUN
total,corpus,pareja,4,4,2631,,,NOUN
total,corpus,park,4,4,2631,,,PROPN
total,corpus,paseo,4,4,2631,,,NOUN
total,corpus,patatas,4,4,2631,,,PROPN
total,corpus,patético,4,4,2631,,,ADJ
total,corpus,penalti,4,3,2631,,,NOUN
total,corpus,pensamiento,4,3,2631,,,NOUN
total,corpus,perro,4,4,2631,,,NOUN
total,corpus,perros,4,2,2631,,,PROPN
total,corpus,personaje,4,4,2631,,,NOUN
total,corpus,período,4,4,2631,,,NOUN
total,corpus,picado,4,4,2631,,,ADJ
total,corpus,pierna,4,4,2631,,,NOUN
total,corpus,piscina,4,3,2631,,,NOUN
total,corpus,plataforma,4,4,2631,,,NOUN
total,corpus,población,4,4,2631,,,NOUN
total,corpus,policía,4,3,2631,,,NOUN
total,corpus,popup,4,2,2631,,,PROPN
total,corpus,portugal,4,4,2631,,,PROPN
total,corpus,posterior,4,4,2631,,,ADJ
total,corpus,premium,4,3,2631,,,ADJ
total,corpus,presbiteriano,4,3,2631,,,NOUN
total,corpus,proceso,4,4,2631,,,NOUN
total,corpus,profesional,4,4,2631,,,ADJ
total,corpus,programa,4,3,2631,,,NOUN
total,corpus,prometida,4,4,2631,,,NOUN
total,corpus,propaganda,4,4,2631,,,NOUN
total,corpus,propiedad,4,4,2631,,,NOUN
total,corpus,protagonista,4,3,2631,,,NOUN
total,corpus,puerto,4,3,2631,,,PROPN
total,corpus,página,4,4,2631,,,NOUN
total,corpus,quo,4,4,2631,,,NOUN
total,corpus,recuerdo,4,4,2631,,,NOUN
total,corpus,reina,4,4,2631,,,NOUN
total,corpus,retrocodex,4,4,2631,,,PROPN
total,corpus,revuelto,4,3,2631,,,ADJ
total,corpus,rey,4,3,2631,,,PROPN
total,corpus,rice,4,4,2631,,,PROPN
total,corpus,salida,4,4,2631,,,NOUN
total,corpus,salud,4,4,2631,,,NOUN
total,corpus,sauna,4,3,2631,,,NOUN
total,corpus,screen,4,4,2631,,,PROPN
total,corpus,secreto,4,4,2631,,,NOUN
total,corpus,seguridad,4,4,2631,,,NOUN
total,corpus,sentado,4,4,2631,,,ADJ
total,corpus,servidor,4,4,2631,,,NOUN
total,corpus,sesión,4,3,2631,,,NOUN
total,corpus,señal,4,4,2631,,,NOUN
total,corpus,shopmy,4,4,2631,,,NOUN
total,corpus,show,4,2,2631,,,NOUN
total,corpus,sincero,4,4,2631,,,ADJ
total,corpus,snacks,4,3,2631,,,PROPN
total,corpus,square,4,4,2631,,,PROPN
total,corpus,status,4,4,2631,,,NOUN
total,corpus,suave,4,4,2631,,,ADJ
total,corpus,séptimo,4,4,2631,,,PROPN
total,corpus,tamaño,4,4,2631,,,NOUN
total,corpus,tater,4,3,2631,,,PROPN
total,corpus,tatuaje,4,4,2631,,,NOUN
total,corpus,taxi,4,3,2631,,,NOUN
total,corpus,tele,4,3,2631,,,NOUN
total,corpus,terreno,4,3,2631,,,NOUN
total,corpus,tom,4,4,2631,,,PROPN
total,corpus,toma,4,4,2631,,,NOUN
total,corpus,tomate,4,4,2631,,,NOUN
total,corpus,tontería,4,4,2631,,,NOUN
total,corpus,traje,4,4,2631,,,NOUN
total,corpus,trick,4,3,2631,,,PROPN
total,corpus,true,4,4,2631,,,PROPN
total,corpus,técnico,4,4,2631,,,ADJ
total,corpus,término,4,4,2631,,,NOUN
total,corpus,tía,4,4,2631,,,NOUN
total,corpus,unifamiliar,4,4,2631,,,ADJ
total,corpus,vegas,4,4,2631,,,PROPN
total,corpus,velocidad,4,4,2631,,,NOUN
total,corpus,ventana,4,4,2631,,,NOUN
total,corpus,verde,4,4,2631,,,PROPN
total,corpus,vete,4,4,2631,,,PROPN
total,corpus,vibras,4,4,2631,,,PROPN
total,corpus,visible,4,4,2631,,,ADJ
total,corpus,visto,4,4,2631,,,ADJ
total,corpus,was,4,2,2631,,,PROPN
total,corpus,white,4,3,2631,,,PROPN
total,corpus,will,4,3,2631,,,PROPN
total,corpus,wow,4,4,2631,,,PROPN
total,corpus,yogur,4,4,2631,,,NOUN
total,corpus,zohara,4,4,2631,,,PROPN
total,corpus,época,4,3,2631,,,NOUN
total,corpus,abril,3,3,2631,,,NOUN
total,corpus,acceso,3,3,2631,,,NOUN
total,corpus,acondicionado,3,3,2631,,,NOUN
total,corpus,acoso,3,2,2631,,,NOUN
total,corpus,acostumbrado,3,3,2631,,,ADJ
total,corpus,adoración,3,3,2631,,,NOUN
total,corpus,adventistas,3,3,2631,,,PROPN
total,corpus,advertencia,3,3,2631,,,NOUN
total,corpus,aguacate,3,3,2631,,,NOUN
total,corpus,air,3,3,2631,,,PROPN
total,corpus,airbnb,3,3,2631,,,PROPN
total,corpus,airlines,3,3,2631,,,PROPN
total,corpus,ajo,3,3,2631,,,NOUN
total,corpus,ajuste,3,3,2631,,,NOUN
total,corpus,alcance,3,3,2631,,,NOUN
total,corpus,alerta,3,3,2631,,,NOUN
total,corpus,alucinante,3,3,2631,,,ADJ
total,corpus,amante,3,3,2631,,,NOUN
total,corpus,anillo,3,3,2631,,,NOUN
total,corpus,antifa,3,3,2631,,,NOUN
total,corpus,anyme,3,3,2631,,,PROPN
total,corpus,apuesta,3,3,2631,,,NOUN
total,corpus,artificial,3,3,2631,,,ADJ
total,corpus,artista,3,3,2631,,,NOUN
total,corpus,asiático,3,3,2631,,,NOUN
total,corpus,asunto,3,3,2631,,,NOUN
total,corpus,ataque,3,3,2631,,,NOUN
total,corpus,aumento,3,3,2631,,,NOUN
total,corpus,aurora,3,1,2631,,,NOUN
total,corpus,aventura,3,3,2631,,,NOUN
total,corpus,ayuda,3,3,2631,,,NOUN
total,corpus,baile,3,3,2631,,,NOUN
total,corpus,bajo,3,3,2631,,,ADJ
total,corpus,bali,3,3,2631,,,PROPN
total,corpus,bandera,3,3,2631,,,NOUN
total,corpus,basado,3,3,2631,,,ADJ
total,corpus,batalla,3,3,2631,,,NOUN
total,corpus,batidos,3,1,2631,,,PROPN
total,corpus,bay,3,3,2631,,,PROPN
total,corpus,baño,3,3,2631,,,NOUN
total,corpus,bbc,3,3,2631,,,PROPN
total,corpus,bell,3,2,2631,,,ADJ
total,corpus,bellingham,3,3,2631,,,PROPN
total,corpus,bestia,3,3,2631,,,NOUN
total,corpus,billón,3,2,2631,,,NOUN
total,corpus,binario,3,3,2631,,,ADJ
total,corpus,boca,3,3,2631,,,NOUN
total,corpus,boreal,3,1,2631,,,ADJ
total,corpus,boreing,3,3,2631,,,PROPN
total,corpus,bot,3,3,2631,,,NOUN
total,corpus,bota,3,3,2631,,,NOUN
total,corpus,boy,3,3,2631,,,PROPN
total,corpus,británico,3,3,2631,,,ADJ
total,corpus,bro,3,3,2631,,,PROPN
total,corpus,brutal,3,3,2631,,,ADJ
total,corpus,burrito,3,3,2631,,,PROPN
total,corpus,béisbol,3,3,2631,,,NOUN
total,corpus,cabreado,3,3,2631,,,ADJ
total,corpus,camión,3,3,2631,,,NOUN
total,corpus,canal,3,3,2631,,,NOUN
total,corpus,capacidad,3,3,2631,,,NOUN
total,corpus,caps,3,2,2631,,,NOUN
total,corpus,característica,3,3,2631,,,NOUN
total,corpus,carmen,3,3,2631,,,PROPN
total,corpus,caro,3,3,2631,,,ADJ
total,corpus,cartel,3,3,2631,,,NOUN
total,corpus,carterista,3,3,2631,,,NOUN
total,corpus,categorizado,3,3,2631,,,ADJ
total,corpus,católico,3,3,2631,,,ADJ
total,corpus,celebridad,3,2,2631,,,NOUN
total,corpus,cercano,3,3,2631,,,ADJ
total,corpus,cerebro,3,3,2631,,,NOUN
total,corpus,championship,3,3,2631,,,PROPN
total,corpus,cheesy,3,3,2631,,,PROPN
total,corpus,chile,3,2,2631,,,PROPN
total,corpus,chili,3,2,2631,,,PROPN
total,corpus,chino,3,3,2631,,,ADJ
total,corpus,chiste,3,3,2631,,,NOUN
total,corpus,christopher,3,3,2631,,,PROPN
total,corpus,cine,3,3,2631,,,NOUN
total,corpus,cinta,3,3,2631,,,NOUN
total,corpus,civil,3,3,2631,,,ADJ
total,corpus,clásico,3,3,2631,,,ADJ
total,corpus,colgado,3,3,2631,,,ADJ
total,corpus,color,3,3,2631,,,NOUN
total,corpus,comercio,3,3,2631,,,NOUN
total,corpus,competente,3,1,2631,,,ADJ
total,corpus,comportamiento,3,3,2631,,,NOUN
total,corpus,comunista,3,2,2631,,,PROPN
total,corpus,comunión,3,2,2631,,,NOUN
total,corpus,concentrado,3,3,2631,,,ADJ
total,corpus,concepto,3,3,2631,,,NOUN
total,corpus,consejo,3,3,2631,,,NOUN
total,corpus,contacto,3,3,2631,,,NOUN
total,corpus,crawley,3,3,2631,,,PROPN
total,corpus,cristianismo,3,2,2631,,,NOUN
total,corpus,cristianos,3,3,2631,,,PROPN
total,corpus,croacia,3,3,2631,,,PROPN
total,corpus,crostini,3,3,2631,,,PROPN
total,corpus,crt,3,3,2631,,,PROPN
total,corpus,crujient,3,3,2631,,,ADJ
total,corpus,crítico,3,3,2631,,,ADJ
total,corpus,cuenta,3,3,2631,,,NOUN
total,corpus,culto,3,3,2631,,,NOUN
total,corpus,curiosidad,3,3,2631,,,NOUN
total,corpus,cárcel,3,3,2631,,,NOUN
total,corpus,código,3,3,2631,,,NOUN
total,corpus,davies,3,3,2631,,,PROPN
total,corpus,day,3,3,2631,,,PROPN
total,corpus,debbie,3,2,2631,,,PROPN
total,corpus,deber,3,3,2631,,,NOUN
total,corpus,dedicado,3,3,2631,,,ADJ
total,corpus,dedo,3,3,2631,,,NOUN
total,corpus,defensa,3,3,2631,,,NOUN
total,corpus,defensor,3,2,2631,,,NOUN
total,corpus,delantero,3,3,2631,,,NOUN
total,corpus,deliciosa,3,3,2631,,,ADJ
total,corpus,deportivo,3,3,2631,,,ADJ
total,corpus,deprimente,3,2,2631,,,ADJ
total,corpus,desactualizado,3,3,2631,,,ADJ
total,corpus,desafío,3,3,2631,,,NOUN
total,corpus,desastre,3,3,2631,,,NOUN
total,corpus,desembolso,3,2,2631,,,NOUN
total,corpus,desfile,3,3,2631,,,NOUN
total,corpus,dfw,3,3,2631,,,PROPN
total,corpus,dhalila,3,3,2631,,,ADJ
total,corpus,diet,3,3,2631,,,PROPN
total,corpus,dificultad,3,3,2631,,,NOUN
total,corpus,dip,3,3,2631,,,PROPN
total,corpus,disneyland,3,3,2631,,,PROPN
total,corpus,divino,3,3,2631,,,ADJ
total,corpus,doblaje,3,2,2631,,,NOUN
total,corpus,doloroso,3,3,2631,,,ADJ
total,corpus,drum,3,3,2631,,,PROPN
total,corpus,dueño,3,2,2631,,,NOUN
total,corpus,débil,3,3,2631,,,ADJ
total,corpus,década,3,3,2631,,,NOUN
total,corpus,east,3,2,2631,,,PROPN
total,corpus,eco,3,3,2631,,,NOUN
total,corpus,efectivo,3,3,2631,,,NOUN
total,corpus,elección,3,3,2631,,,NOUN
total,corpus,electricidad,3,3,2631,,,NOUN
total,corpus,electronicmusic,3,3,2631,,,NOUN
total,corpus,elegante,3,3,2631,,,ADJ
total,corpus,eliminación,3,3,2631,,,NOUN
total,corpus,embarazado,3,2,2631,,,ADJ
total,corpus,encajado,3,1,2631,,,ADJ
total,corpus,enciclopedia,3,3,2631,,,NOUN
total,corpus,endiablado,3,3,2631,,,ADJ
total,corpus,enemigo,3,3,2631,,,NOUN
total,corpus,ensueño,3,2,2631,,,ADJ
total,corpus,entero,3,3,2631,,,ADJ
total,corpus,entorno,3,2,2631,,,NOUN
total,corpus,equivocado,3,3,2631,,,ADJ
total,corpus,escasez,3,3,2631,,,NOUN
total,corpus,español,3,3,2631,,,NOUN
total,corpus,espectacular,3,3,2631,,,ADJ
total,corpus,espectador,3,3,2631,,,NOUN
total,corpus,esperanza,3,3,2631,,,NOUN
total,corpus,esponjoso,3,1,2631,,,ADJ
total,corpus,estilo,3,3,2631,,,NOUN
total,corpus,estrella,3,2,2631,,,NOUN
total,corpus,estudio,3,3,2631,,,NOUN
total,corpus,estómago,3,3,2631,,,NOUN
total,corpus,etapa,3,3,2631,,,NOUN
total,corpus,etnia,3,3,2631,,,NOUN
total,corpus,evidencia,3,3,2631,,,NOUN
total,corpus,explosión,3,2,2631,,,PROPN
total,corpus,factor,3,3,2631,,,NOUN
total,corpus,fans,3,3,2631,,,PROPN
total,corpus,fantástico,3,3,2631,,,ADJ
total,corpus,fat,3,3,2631,,,PROPN
total,corpus,fighters,3,3,2631,,,PROPN
total,corpus,fijo,3,3,2631,,,ADJ
total,corpus,filete,3,2,2631,,,NOUN
total,corpus,filosofía,3,2,2631,,,NOUN
total,corpus,floyd,3,3,2631,,,PROPN
total,corpus,foo,3,3,2631,,,PROPN
total,corpus,frase,3,3,2631,,,NOUN
total,corpus,freddy,3,3,2631,,,PROPN
total,corpus,fuerza,3,3,2631,,,NOUN
total,corpus,físico,3,3,2631,,,ADJ
total,corpus,gato,3,3,2631,,,NOUN
total,corpus,georgia,3,3,2631,,,PROPN
total,corpus,gira,3,3,2631,,,NOUN
total,corpus,google,3,3,2631,,,PROPN
total,corpus,grave,3,3,2631,,,ADJ
total,corpus,griega,3,3,2631,,,PROPN
total,corpus,grilled,3,2,2631,,,PROPN
total,corpus,grueso,3,3,2631,,,ADJ
total,corpus,haaland,3,2,2631,,,PROPN
total,corpus,habilidad,3,3,2631,,,NOUN
total,corpus,halloumi,3,3,2631,,,PROPN
total,corpus,hamburguesa,3,3,2631,,,NOUN
total,corpus,hilo,3,3,2631,,,NOUN
total,corpus,hockey,3,3,2631,,,NOUN
total,corpus,holanda,3,3,2631,,,PROPN
total,corpus,hollywood,3,3,2631,,,PROPN
total,corpus,hospitalidad,3,3,2631,,,NOUN
total,corpus,hut,3,1,2631,,,PROPN
total,corpus,ideología,3,3,2631,,,NOUN
total,corpus,idiota,3,3,2631,,,NOUN
total,corpus,ilimitado,3,3,2631,,,ADJ
total,corpus,incorrecto,3,3,2631,,,ADJ
total,corpus,infancia,3,3,2631,,,NOUN
total,corpus,informe,3,3,2631,,,NOUN
total,corpus,inolvidable,3,3,2631,,,ADJ
total,corpus,insulto,3,2,2631,,,NOUN
total,corpus,intenso,3,3,2631,,,ADJ
total,corpus,interno,3,3,2631,,,ADJ
total,corpus,inútil,3,3,2631,,,ADJ
total,corpus,ironside,3,3,2631,,,PROPN
total,corpus,islam,3,2,2631,,,PROPN
total,corpus,israelí,3,3,2631,,,ADJ
total,corpus,itv,3,3,2631,,,PROPN
total,corpus,jalapeno,3,3,2631,,,PROPN
total,corpus,james,3,3,2631,,,PROPN
total,corpus,java,3,3,2631,,,PROPN
total,corpus,jimmy,3,1,2631,,,PROPN
total,corpus,joe,3,3,2631,,,PROPN
total,corpus,john,3,3,2631,,,PROPN
total,corpus,jueves,3,3,2631,,,NOUN
total,corpus,juguete,3,2,2631,,,NOUN
total,corpus,junio,3,3,2631,,,NOUN
total,corpus,justicia,3,3,2631,,,NOUN
total,corpus,kawasaki,3,2,2631,,,PROPN
total,corpus,kelly,3,2,2631,,,PROPN
total,corpus,kenneh,3,3,2631,,,PROPN
total,corpus,kilo,3,2,2631,,,NOUN
total,corpus,lenteja,3,3,2631,,,NOUN
total,corpus,lento,3,3,2631,,,ADJ
total,corpus,limitado,3,3,2631,,,ADJ
total,corpus,live,3,3,2631,,,PROPN
total,corpus,llamada,3,3,2631,,,NOUN
total,corpus,lmao,3,3,2631,,,PROPN
total,corpus,lote,3,3,2631,,,NOUN
total,corpus,líder,3,3,2631,,,NOUN
total,corpus,lógica,3,3,2631,,,NOUN
total,corpus,mafia,3,2,2631,,,NOUN
total,corpus,mala,3,3,2631,,,ADJ
total,corpus,maquillaje,3,3,2631,,,NOUN
total,corpus,marvell,3,2,2631,,,PROPN
total,corpus,marzo,3,3,2631,,,NOUN
total,corpus,masculino,3,3,2631,,,ADJ
total,corpus,maya,3,2,2631,,,ADJ
total,corpus,mayor,3,3,2631,,,ADJ
total,corpus,mediocampo,3,3,2631,,,NOUN
total,corpus,mediodía,3,3,2631,,,NOUN
total,corpus,mediterráneo,3,3,2631,,,ADJ
total,corpus,mejora,3,3,2631,,,NOUN
total,corpus,memoria,3,2,2631,,,NOUN
total,corpus,menor,3,3,2631,,,ADJ
total,corpus,mente,3,3,2631,,,NOUN
total,corpus,meta,3,3,2631,,,NOUN
total,corpus,metro,3,3,2631,,,NOUN
total,corpus,michael,3,3,2631,,,PROPN
total,corpus,miembro,3,3,2631,,,NOUN
total,corpus,miller,3,3,2631,,,PROPN
total,corpus,milwaukee,3,3,2631,,,PROPN
total,corpus,mind,3,2,2631,,,PROPN
total,corpus,mindful,3,3,2631,,,PROPN
total,corpus,mirada,3,3,2631,,,NOUN
total,corpus,miso,3,3,2631,,,NOUN
total,corpus,missy,3,3,2631,,,PROPN
total,corpus,monae,3,3,2631,,,PROPN
total,corpus,moral,3,3,2631,,,ADJ
total,corpus,motivo,3,3,2631,,,NOUN
total,corpus,muchacho,3,3,2631,,,NOUN
total,corpus,mágico,3,3,2631,,,ADJ
total,corpus,máquina,3,3,2631,,,NOUN
total,corpus,método,3,3,2631,,,NOUN
total,corpus,nervioso,3,3,2631,,,ADJ
total,corpus,new,3,3,2631,,,PROPN
total,corpus,norteamérica,3,2,2631,,,PROPN
total,corpus,notificación,3,3,2631,,,NOUN
total,corpus,noveno,3,3,2631,,,ADJ
total,corpus,novia,3,3,2631,,,NOUN
total,corpus,nvidia,3,3,2631,,,PROPN
total,corpus,oaxaca,3,3,2631,,,PROPN
total,corpus,observación,3,3,2631,,,NOUN
total,corpus,obtuso,3,3,2631,,,ADJ
total,corpus,octavo,3,3,2631,,,NOUN
total,corpus,oferta,3,3,2631,,,NOUN
total,corpus,opción,3,3,2631,,,NOUN
total,corpus,operación,3,3,2631,,,NOUN
total,corpus,orgullo,3,3,2631,,,NOUN
total,corpus,original,3,3,2631,,,ADJ
total,corpus,oscuro,3,3,2631,,,ADJ
total,corpus,palomita,3,3,2631,,,NOUN
total,corpus,panzanella,3,3,2631,,,PROPN
total,corpus,paquete,3,2,2631,,,NOUN
total,corpus,pared,3,3,2631,,,NOUN
total,corpus,particular,3,1,2631,,,ADJ
total,corpus,pasaporte,3,2,2631,,,NOUN
total,corpus,pase,3,3,2631,,,NOUN
total,corpus,pasión,3,3,2631,,,NOUN
total,corpus,pasta,3,3,2631,,,NOUN
total,corpus,pastel,3,3,2631,,,NOUN
total,corpus,payaso,3,3,2631,,,NOUN
total,corpus,pegatina,3,3,2631,,,NOUN
total,corpus,peligroso,3,3,2631,,,ADJ
total,corpus,pelo,3,3,2631,,,NOUN
total,corpus,pelota,3,3,2631,,,NOUN
total,corpus,pendiente,3,3,2631,,,ADJ
total,corpus,pep,3,3,2631,,,PROPN
total,corpus,perspectiva,3,3,2631,,,NOUN
total,corpus,picante,3,3,2631,,,ADJ
total,corpus,piel,3,3,2631,,,NOUN
total,corpus,pizza,3,2,2631,,,NOUN
total,corpus,plantilla,3,3,2631,,,NOUN
total,corpus,playadelcarmen,3,3,2631,,,NOUN
total,corpus,podcast,3,2,2631,,,NOUN
total,corpus,popper,3,3,2631,,,PROPN
total,corpus,posibilidad,3,3,2631,,,NOUN
total,corpus,positivo,3,3,2631,,,ADJ
total,corpus,post,3,2,2631,,,NOUN
total,corpus,postura,3,3,2631,,,NOUN
total,corpus,precioso,3,3,2631,,,ADJ
total,corpus,prensa,3,3,2631,,,NOUN
total,corpus,preparado,3,3,2631,,,ADJ
total,corpus,presentación,3,2,2631,,,NOUN
total,corpus,presión,3,3,2631,,,NOUN
total,corpus,primavera,3,3,2631,,,NOUN
total,corpus,probable,3,3,2631,,,ADJ
total,corpus,profesor,3,3,2631,,,NOUN
total,corpus,propenso,3,3,2631,,,ADJ
total,corpus,punta,3,3,2631,,,NOUN
total,corpus,quicio,3,3,2631,,,NOUN
total,corpus,racista,3,2,2631,,,ADJ
total,corpus,ranch,3,3,2631,,,PROPN
total,corpus,rara,3,3,2631,,,ADJ
total,corpus,rasgo,3,3,2631,,,NOUN
total,corpus,rastreador,3,3,2631,,,NOUN
total,corpus,rata,3,3,2631,,,NOUN
total,corpus,reacción,3,3,2631,,,NOUN
total,corpus,reembolso,3,3,2631,,,NOUN
total,corpus,reformador,3,3,2631,,,NOUN
total,corpus,refrescante,3,3,2631,,,ADJ
total,corpus,religión,3,3,2631,,,NOUN
total,corpus,rentable,3,3,2631,,,ADJ
total,corpus,repentino,3,3,2631,,,ADJ
total,corpus,reservé,3,3,2631,,,PROPN
total,corpus,residencial,3,3,2631,,,ADJ
total,corpus,restaurante,3,3,2631,,,NOUN
total,corpus,resuelto,3,3,2631,,,ADJ
total,corpus,retardado,3,3,2631,,,ADJ
total,corpus,revolución,3,3,2631,,,NOUN
total,corpus,robado,3,3,2631,,,ADJ
total,corpus,robo,3,3,2631,,,NOUN
total,corpus,rock,3,3,2631,,,PROPN
total,corpus,romano,3,3,2631,,,PROPN
total,corpus,romántico,3,3,2631,,,ADJ
total,corpus,rúcula,3,3,2631,,,PROPN
total,corpus,sabroso,3,3,2631,,,ADJ
total,corpus,salad,3,3,2631,,,PROPN
total,corpus,salario,3,3,2631,,,NOUN
total,corpus,sam,3,3,2631,,,PROPN
total,corpus,sartén,3,3,2631,,,PROPN
total,corpus,secta,3,2,2631,,,NOUN
total,corpus,secundario,3,3,2631,,,ADJ
total,corpus,seguido,3,3,2631,,,ADJ
total,corpus,semifinal,3,3,2631,,,NOUN
total,corpus,sensación,3,3,2631,,,NOUN
total,corpus,sentimiento,3,3,2631,,,NOUN
total,corpus,señor,3,3,2631,,,NOUN
total,corpus,señora,3,3,2631,,,NOUN
total,corpus,shit,3,3,2631,,,PROPN
total,corpus,silencio,3,3,2631,,,NOUN
total,corpus,silencioso,3,3,2631,,,ADJ
total,corpus,sim,3,1,2631,,,PROPN
total,corpus,similar,3,3,2631,,,ADJ
total,corpus,slim,3,3,2631,,,PROPN
total,corpus,snack,3,3,2631,,,NOUN
total,corpus,sonrisa,3,3,2631,,,NOUN
total,corpus,sospechoso,3,3,2631,,,ADJ
total,corpus,starbucks,3,3,2631,,,PROPN
total,corpus,street,3,2,2631,,,PROPN
total,corpus,sucio,3,3,2631,,,ADJ
total,corpus,sudáfrica,3,3,2631,,,PROPN
total,corpus,supermercado,3,3,2631,,,NOUN
total,corpus,suposición,3,3,2631,,,NOUN
total,corpus,swag,3,3,2631,,,PROPN
total,corpus,tabla,3,3,2631,,,NOUN
total,corpus,tampón,3,2,2631,,,NOUN
total,corpus,tanda,3,2,2631,,,NOUN
total,corpus,tarifa,3,3,2631,,,NOUN
total,corpus,tasa,3,3,2631,,,NOUN
total,corpus,tbt,3,3,2631,,,PROPN
total,corpus,tech,3,3,2631,,,PROPN
total,corpus,techo,3,3,2631,,,NOUN
total,corpus,tecnológico,3,3,2631,,,PROPN
total,corpus,tensión,3,3,2631,,,NOUN
total,corpus,teología,3,3,2631,,,NOUN
total,corpus,teotihuacán,3,3,2631,,,PROPN
total,corpus,tercer,3,3,2631,,,ADJ
total,corpus,teta,3,3,2631,,,NOUN
total,corpus,tiburón,3,3,2631,,,NOUN
total,corpus,tifón,3,3,2631,,,NOUN
total,corpus,times,3,3,2631,,,PROPN
total,corpus,toastie,3,2,2631,,,PROPN
total,corpus,tokio,3,3,2631,,,PROPN
total,corpus,tomates,3,3,2631,,,PROPN
total,corpus,toque,3,3,2631,,,NOUN
total,corpus,torno,3,3,2631,,,NOUN
total,corpus,toro,3,3,2631,,,PROPN
total,corpus,totchos,3,1,2631,,,PROPN
total,corpus,tradicional,3,3,2631,,,ADJ
total,corpus,tradición,3,3,2631,,,NOUN
total,corpus,tranquilo,3,3,2631,,,ADJ
total,corpus,travel,3,3,2631,,,PROPN
total,corpus,trinitario,3,3,2631,,,ADJ
total,corpus,truco,3,3,2631,,,NOUN
total,corpus,twitch,3,3,2631,,,PROPN
total,corpus,uber,3,3,2631,,,PROPN
total,corpus,unidad,3,3,2631,,,NOUN
total,corpus,vale,3,3,2631,,,PROPN
total,corpus,vallarta,3,2,2631,,,PROPN
total,corpus,vecino,3,3,2631,,,ADJ
total,corpus,verdadero,3,3,2631,,,ADJ
total,corpus,verdura,3,3,2631,,,NOUN
total,corpus,vibra,3,3,2631,,,NOUN
total,corpus,vibración,3,3,2631,,,NOUN
total,corpus,vino,3,3,2631,,,NOUN
total,corpus,visión,3,3,2631,,,NOUN
total,corpus,volumen,3,3,2631,,,NOUN
total,corpus,voluntad,3,3,2631,,,NOUN
total,corpus,válido,3,3,2631,,,ADJ
total,corpus,víctima,3,3,2631,,,NOUN
total,corpus,waymo,3,2,2631,,,PROPN
total,corpus,wilks,3,2,2631,,,PROPN
total,corpus,yes,3,3,2631,,,PROPN
total,corpus,yeshua,3,2,2631,,,PROPN
total,corpus,youtube,3,3,2631,,,PROPN
total,corpus,zorra,3,3,2631,,,NOUN
total,corpus,árbitro,3,3,2631,,,NOUN
total,corpus,étnico,3,3,2631,,,ADJ
total,corpus,abg,2,2,2631,,,PROPN
total,corpus,abono,2,2,2631,,,NOUN
total,corpus,abstinencia,2,2,2631,,,NOUN
total,corpus,abuela,2,2,2631,,,NOUN
total,corpus,académico,2,2,2631,,,NOUN
total,corpus,acerca,2,2,2631,,,NOUN
total,corpus,acompañamiento,2,2,2631,,,NOUN
total,corpus,acres,2,2,2631,,,NOUN
total,corpus,actor,2,1,2631,,,NOUN
total,corpus,actriz,2,1,2631,,,NOUN
total,corpus,acusación,2,2,2631,,,NOUN
total,corpus,adicional,2,2,2631,,,ADJ
total,corpus,adivina,2,2,2631,,,NOUN
total,corpus,administración,2,2,2631,,,NOUN
total,corpus,adquisición,2,2,2631,,,NOUN
total,corpus,afiliación,2,2,2631,,,NOUN
total,corpus,afiliado,2,2,2631,,,ADJ
total,corpus,afortunado,2,2,2631,,,ADJ
total,corpus,africano,2,2,2631,,,ADJ
total,corpus,agosto,2,2,2631,,,NOUN
total,corpus,agotado,2,2,2631,,,ADJ
total,corpus,agotador,2,2,2631,,,ADJ
total,corpus,agujero,2,2,2631,,,NOUN
total,corpus,agustín,2,1,2631,,,PROPN
total,corpus,alemán,2,2,2631,,,ADJ
total,corpus,allende,2,2,2631,,,PROPN
total,corpus,alojamiento,2,2,2631,,,NOUN
total,corpus,amabilidad,2,2,2631,,,NOUN
total,corpus,amenaza,2,2,2631,,,NOUN
total,corpus,amigabl,2,2,2631,,,ADJ
total,corpus,amistoso,2,2,2631,,,ADJ
total,corpus,amos,2,2,2631,,,PROPN
total,corpus,anciano,2,2,2631,,,NOUN
total,corpus,androide,2,2,2631,,,NOUN
total,corpus,anfitrión,2,2,2631,,,NOUN
total,corpus,anime,2,2,2631,,,NOUN
total,corpus,anthony,2,2,2631,,,PROPN
total,corpus,anual,2,2,2631,,,ADJ
total,corpus,aprecio,2,2,2631,,,NOUN
total,corpus,aprendido,2,2,2631,,,ADJ
total,corpus,aprendizaje,2,2,2631,,,NOUN
total,corpus,apóstol,2,2,2631,,,NOUN
total,corpus,area,2,2,2631,,,PROPN
total,corpus,argies,2,2,2631,,,PROPN
total,corpus,aristóteles,2,2,2631,,,PROPN
total,corpus,armie,2,2,2631,,,PROPN
total,corpus,asia,2,2,2631,,,PROPN
total,corpus,asociado,2,2,2631,,,ADJ
total,corpus,aspirante,2,2,2631,,,NOUN
total,corpus,asqueroso,2,2,2631,,,ADJ
total,corpus,astros,2,2,2631,,,PROPN
total,corpus,audiencia,2,2,2631,,,NOUN
total,corpus,automático,2,2,2631,,,ADJ
total,corpus,ayanna,2,2,2631,,,ADJ
total,corpus,azúcar,2,2,2631,,,NOUN
total,corpus,años,2,2,2631,,,PROPN
total,corpus,bachi,2,1,2631,,,PROPN
total,corpus,baguettes,2,2,2631,,,PROPN
total,corpus,bancario,2,2,2631,,,ADJ
total,corpus,barbacoa,2,2,2631,,,PROPN
total,corpus,barbie,2,2,2631,,,PROPN
total,corpus,barnet,2,2,2631,,,PROPN
total,corpus,barrera,2,2,2631,,,NOUN
total,corpus,barrio,2,2,2631,,,NOUN
total,corpus,batch,2,2,2631,,,PROPN
total,corpus,batido,2,1,2631,,,NOUN
total,corpus,bautista,2,2,2631,,,PROPN
total,corpus,bean,2,1,2631,,,PROPN
total,corpus,beattheheat,2,2,2631,,,NOUN
total,corpus,ben,2,2,2631,,,PROPN
total,corpus,beneficio,2,2,2631,,,NOUN
total,corpus,berry,2,2,2631,,,PROPN
total,corpus,beskar,2,2,2631,,,PROPN
total,corpus,biblioteca,2,2,2631,,,NOUN
total,corpus,bienestar,2,2,2631,,,NOUN
total,corpus,big,2,2,2631,,,PROPN
total,corpus,bismarck,2,1,2631,,,PROPN
total,corpus,black,2,2,2631,,,PROPN
total,corpus,blanca,2,2,2631,,,PROPN
total,corpus,blando,2,2,2631,,,ADJ
total,corpus,bocadillo,2,2,2631,,,NOUN
total,corpus,bocado,2,2,2631,,,NOUN
total,corpus,boceto,2,2,2631,,,NOUN
total,corpus,bochornoso,2,2,2631,,,ADJ
total,corpus,bread,2,1,2631,,,PROPN
total,corpus,brecha,2,2,2631,,,NOUN
total,corpus,brown,2,2,2631,,,PROPN
total,corpus,bruja,2,2,2631,,,NOUN
total,corpus,bruto,2,2,2631,,,NOUN
total,corpus,buckeye,2,2,2631,,,PROPN
total,corpus,buffalo,2,2,2631,,,PROPN
total,corpus,burritos,2,2,2631,,,PROPN
total,corpus,but,2,2,2631,,,PROPN
total,corpus,caballo,2,2,2631,,,ADJ
total,corpus,cabra,2,2,2631,,,NOUN
total,corpus,calificación,2,2,2631,,,NOUN
total,corpus,calumnia,2,2,2631,,,NOUN
total,corpus,camarera,2,1,2631,,,PROPN
total,corpus,campamento,2,2,2631,,,NOUN
total,corpus,campeona,2,2,2631,,,NOUN
total,corpus,can,2,2,2631,,,PROPN
total,corpus,cannes,2,2,2631,,,PROPN
total,corpus,cant,2,2,2631,,,NOUN
total,corpus,cap,2,2,2631,,,PROPN
total,corpus,capitana,2,1,2631,,,PROPN
total,corpus,capitán,2,2,2631,,,NOUN
total,corpus,carajo,2,2,2631,,,NOUN
total,corpus,cariño,2,2,2631,,,NOUN
total,corpus,carpeta,2,2,2631,,,NOUN
total,corpus,carretera,2,2,2631,,,NOUN
total,corpus,carterismo,2,2,2631,,,NOUN
total,corpus,carácter,2,2,2631,,,NOUN
total,corpus,cat,2,1,2631,,,PROPN
total,corpus,cauli,2,2,2631,,,PROPN
total,corpus,caída,2,2,2631,,,NOUN
total,corpus,caído,2,2,2631,,,ADJ
total,corpus,celebración,2,2,2631,,,NOUN
total,corpus,celebrar,2,2,2631,,,PROPN
total,corpus,celular,2,2,2631,,,NOUN
total,corpus,cerdo,2,2,2631,,,NOUN
total,corpus,charlotte,2,2,2631,,,PROPN
total,corpus,chatgpt,2,2,2631,,,PROPN
total,corpus,chattanooga,2,2,2631,,,NOUN
total,corpus,cheese,2,2,2631,,,PROPN
total,corpus,cheetos,2,1,2631,,,PROPN
total,corpus,chemicals,2,2,2631,,,PROPN
total,corpus,chiikawa,2,1,2631,,,PROPN
total,corpus,chud,2,2,2631,,,PROPN
total,corpus,cita,2,2,2631,,,NOUN
total,corpus,city,2,2,2631,,,PROPN
total,corpus,clasificación,2,1,2631,,,NOUN
total,corpus,clavo,2,2,2631,,,NOUN
total,corpus,clic,2,2,2631,,,NOUN
total,corpus,cliente,2,2,2631,,,NOUN
total,corpus,clima,2,2,2631,,,NOUN
total,corpus,cmo,2,2,2631,,,PROPN
total,corpus,cnn,2,2,2631,,,PROPN
total,corpus,coca,2,2,2631,,,PROPN
total,corpus,cochecito,2,2,2631,,,NOUN
total,corpus,cognitivo,2,2,2631,,,ADJ
total,corpus,cojín,2,2,2631,,,NOUN
total,corpus,coke,2,2,2631,,,PROPN
total,corpus,cokes,2,2,2631,,,PROPN
total,corpus,cola,2,2,2631,,,NOUN
total,corpus,collab,2,2,2631,,,PROPN
total,corpus,colmo,2,2,2631,,,NOUN
total,corpus,colorida,2,2,2631,,,ADJ
total,corpus,columbus,2,2,2631,,,PROPN
total,corpus,combate,2,2,2631,,,PROPN
total,corpus,combatiente,2,2,2631,,,NOUN
total,corpus,comentarista,2,2,2631,,,NOUN
total,corpus,coming,2,2,2631,,,PROPN
total,corpus,compacto,2,2,2631,,,ADJ
total,corpus,compartido,2,2,2631,,,ADJ
total,corpus,competidor,2,2,2631,,,NOUN
total,corpus,complejo,2,2,2631,,,NOUN
total,corpus,completado,2,2,2631,,,ADJ
total,corpus,comunal,2,2,2631,,,PROPN
total,corpus,concierto,2,2,2631,,,NOUN
total,corpus,concurso,2,2,2631,,,NOUN
total,corpus,conductor,2,2,2631,,,NOUN
total,corpus,conejo,2,2,2631,,,NOUN
total,corpus,configuración,2,2,2631,,,NOUN
total,corpus,confundido,2,2,2631,,,ADJ
total,corpus,congo,2,2,2631,,,PROPN
total,corpus,conjunto,2,2,2631,,,NOUN
total,corpus,conocido,2,2,2631,,,ADJ
total,corpus,conocimiento,2,2,2631,,,NOUN
total,corpus,consenso,2,2,2631,,,NOUN
total,corpus,considerable,2,2,2631,,,ADJ
total,corpus,contexto,2,2,2631,,,NOUN
total,corpus,contratación,2,1,2631,,,NOUN
total,corpus,contrato,2,2,2631,,,NOUN
total,corpus,controvertido,2,2,2631,,,ADJ
total,corpus,coraje,2,2,2631,,,NOUN
total,corpus,corea,2,2,2631,,,PROPN
total,corpus,corro,2,1,2631,,,PROPN
total,corpus,corsé,2,1,2631,,,PROPN
total,corpus,corto,2,2,2631,,,ADJ
total,corpus,creador,2,2,2631,,,NOUN
total,corpus,credencial,2,2,2631,,,NOUN
total,corpus,crimen,2,2,2631,,,NOUN
total,corpus,cristiana,2,2,2631,,,PROPN
total,corpus,croatia,2,2,2631,,,PROPN
total,corpus,crujiente,2,2,2631,,,ADJ
total,corpus,cuadrado,2,2,2631,,,ADJ
total,corpus,cuarta,2,2,2631,,,ADJ
total,corpus,cuchillo,2,2,2631,,,NOUN
total,corpus,cuello,2,2,2631,,,NOUN
total,corpus,culpable,2,2,2631,,,ADJ
total,corpus,cup,2,2,2631,,,PROPN
total,corpus,curioso,2,2,2631,,,ADJ
total,corpus,curso,2,2,2631,,,NOUN
total,corpus,cuscús,2,2,2631,,,NOUN
total,corpus,cuádruplex,2,2,2631,,,NOUN
total,corpus,dai,2,1,2631,,,PROPN
total,corpus,daily,2,2,2631,,,PROPN
total,corpus,damn,2,2,2631,,,PROPN
total,corpus,dank,2,2,2631,,,PROPN
total,corpus,dartmouth,2,2,2631,,,PROPN
total,corpus,ddlc,2,1,2631,,,PROPN
total,corpus,debate,2,2,2631,,,NOUN
total,corpus,decamillonario,2,2,2631,,,NOUN
total,corpus,decente,2,2,2631,,,ADJ
total,corpus,decks,2,1,2631,,,PROPN
total,corpus,declarado,2,2,2631,,,ADJ
total,corpus,defensivo,2,2,2631,,,ADJ
total,corpus,definición,2,2,2631,,,NOUN
total,corpus,degenero,2,2,2631,,,ADJ
total,corpus,delantera,2,2,2631,,,NOUN
total,corpus,deliciós,2,2,2631,,,ADJ
total,corpus,deluxe,2,2,2631,,,PROPN
total,corpus,dembélé,2,2,2631,,,PROPN
total,corpus,demon,2,2,2631,,,PROPN
total,corpus,denominación,2,2,2631,,,NOUN
total,corpus,denuncia,2,2,2631,,,NOUN
total,corpus,deporte,2,2,2631,,,NOUN
total,corpus,desafortunado,2,2,2631,,,ADJ
total,corpus,descontrolarte,2,2,2631,,,NOUN
total,corpus,descuento,2,2,2631,,,NOUN
total,corpus,desfase,2,2,2631,,,NOUN
total,corpus,despertar,2,2,2631,,,PROPN
total,corpus,despierto,2,2,2631,,,ADJ
total,corpus,destacado,2,2,2631,,,ADJ
total,corpus,destrucción,2,2,2631,,,NOUN
total,corpus,detalle,2,2,2631,,,NOUN
total,corpus,detractor,2,2,2631,,,NOUN
total,corpus,dicho,2,2,2631,,,ADJ
total,corpus,dictadura,2,2,2631,,,NOUN
total,corpus,diente,2,2,2631,,,NOUN
total,corpus,dirección,2,2,2631,,,NOUN
total,corpus,discernimiento,2,2,2631,,,NOUN
total,corpus,disculpa,2,2,2631,,,NOUN
total,corpus,diseñado,2,2,2631,,,ADJ
total,corpus,disidente,2,2,2631,,,ADJ
total,corpus,dispuesto,2,2,2631,,,ADJ
total,corpus,distinto,2,2,2631,,,ADJ
total,corpus,diversidad,2,2,2631,,,NOUN
total,corpus,dlc,2,2,2631,,,NOUN
total,corpus,don,2,2,2631,,,PROPN
total,corpus,donald,2,2,2631,,,PROPN
total,corpus,dormido,2,2,2631,,,ADJ
total,corpus,dorset,2,2,2631,,,PROPN
total,corpus,dudoso,2,2,2631,,,ADJ
total,corpus,dólar,2,2,2631,,,NOUN
total,corpus,economy,2,1,2631,,,PROPN
total,corpus,economía,2,2,2631,,,NOUN
total,corpus,educación,2,2,2631,,,PROPN
total,corpus,edwards,2,2,2631,,,PROPN
total,corpus,ejercicio,2,2,2631,,,NOUN
total,corpus,ejército,2,2,2631,,,NOUN
total,corpus,eliminatoria,2,1,2631,,,NOUN
total,corpus,elizabeth,2,1,2631,,,PROPN
total,corpus,empate,2,2,2631,,,NOUN
total,corpus,encantador,2,2,2631,,,ADJ
total,corpus,enclaustrado,2,2,2631,,,ADJ
total,corpus,encurtido,2,2,2631,,,ADJ
total,corpus,end,2,2,2631,,,PROPN
total,corpus,enemy,2,2,2631,,,PROPN
total,corpus,enfadado,2,2,2631,,,ADJ
total,corpus,enlacé,2,2,2631,,,NOUN
total,corpus,ensaladas,2,2,2631,,,PROPN
total,corpus,enseñanza,2,2,2631,,,NOUN
total,corpus,entrepierna,2,1,2631,,,NOUN
total,corpus,entusiasta,2,2,2631,,,ADJ
total,corpus,equipación,2,2,2631,,,NOUN
total,corpus,escandaloso,2,2,2631,,,ADJ
total,corpus,escapada,2,2,2631,,,NOUN
total,corpus,esclavo,2,2,2631,,,NOUN
total,corpus,escocés,2,2,2631,,,ADJ
total,corpus,escolar,2,2,2631,,,ADJ
total,corpus,esfera,2,2,2631,,,NOUN
total,corpus,esim,2,1,2631,,,PROPN
total,corpus,esperado,2,2,2631,,,ADJ
total,corpus,espero,2,2,2631,,,ADJ
total,corpus,espinaca,2,2,2631,,,NOUN
total,corpus,espárrago,2,1,2631,,,NOUN
total,corpus,espíritu,2,2,2631,,,NOUN
total,corpus,estación,2,2,2631,,,NOUN
total,corpus,estafa,2,2,2631,,,NOUN
total,corpus,estancia,2,2,2631,,,NOUN
total,corpus,estate,2,2,2631,,,PROPN
total,corpus,estructura,2,2,2631,,,NOUN
total,corpus,eurocopa,2,2,2631,,,PROPN
total,corpus,evangélico,2,2,2631,,,ADJ
total,corpus,everyone,2,2,2631,,,PROPN
total,corpus,excavadora,2,2,2631,,,NOUN
total,corpus,exhibición,2,2,2631,,,NOUN
total,corpus,expresión,2,2,2631,,,NOUN
total,corpus,extraordinario,2,2,2631,,,ADJ
total,corpus,fab,2,2,2631,,,PROPN
total,corpus,factura,2,2,2631,,,NOUN
total,corpus,falacia,2,2,2631,,,NOUN
total,corpus,familiarizado,2,2,2631,,,ADJ
total,corpus,famoso,2,2,2631,,,ADJ
total,corpus,fantasía,2,2,2631,,,NOUN
total,corpus,farris,2,2,2631,,,PROPN
total,corpus,favorecedor,2,2,2631,,,ADJ
total,corpus,febrero,2,2,2631,,,NOUN
total,corpus,felicidades,2,2,2631,,,PROPN
total,corpus,figura,2,2,2631,,,NOUN
total,corpus,finalización,2,2,2631,,,NOUN
total,corpus,financiación,2,2,2631,,,NOUN
total,corpus,finanza,2,2,2631,,,NOUN
total,corpus,finley,2,2,2631,,,PROPN
total,corpus,foods,2,2,2631,,,PROPN
total,corpus,formación,2,2,2631,,,NOUN
total,corpus,francisco,2,2,2631,,,PROPN
total,corpus,franklin,2,1,2631,,,PROPN
total,corpus,franquicia,2,2,2631,,,NOUN
total,corpus,fraude,2,2,2631,,,NOUN
total,corpus,fuck,2,2,2631,,,PROPN
total,corpus,fucking,2,2,2631,,,PROPN
total,corpus,fuzzy,2,1,2631,,,PROPN
total,corpus,fábrica,2,2,2631,,,NOUN
total,corpus,ganancia,2,2,2631,,,NOUN
total,corpus,garantizado,2,2,2631,,,ADJ
total,corpus,garlic,2,1,2631,,,PROPN
total,corpus,gemelo,2,2,2631,,,NOUN
total,corpus,gen,2,2,2631,,,PROPN
total,corpus,gestión,2,2,2631,,,PROPN
total,corpus,gesto,2,2,2631,,,NOUN
total,corpus,goku,2,2,2631,,,PROPN
total,corpus,golf,2,2,2631,,,NOUN
total,corpus,golpe,2,2,2631,,,NOUN
total,corpus,gordon,2,2,2631,,,PROPN
total,corpus,gorra,2,2,2631,,,NOUN
total,corpus,goya,2,2,2631,,,PROPN
total,corpus,graham,2,2,2631,,,PROPN
total,corpus,grasa,2,2,2631,,,NOUN
total,corpus,gratuito,2,1,2631,,,ADJ
total,corpus,greear,2,1,2631,,,PROPN
total,corpus,gringo,2,2,2631,,,PROPN
total,corpus,guadalajara,2,2,2631,,,PROPN
total,corpus,guapo,2,2,2631,,,ADJ
total,corpus,guardia,2,2,2631,,,NOUN
total,corpus,gubernamental,2,2,2631,,,ADJ
total,corpus,hall,2,2,2631,,,PROPN
total,corpus,hambre,2,2,2631,,,NOUN
total,corpus,hammer,2,2,2631,,,ADJ
total,corpus,harry,2,2,2631,,,PROPN
total,corpus,hebreo,2,1,2631,,,NOUN
total,corpus,hicimos,2,2,2631,,,PROPN
total,corpus,histórico,2,2,2631,,,ADJ
total,corpus,hit,2,1,2631,,,PROPN
total,corpus,hitler,2,2,2631,,,PROPN
total,corpus,hms,2,1,2631,,,NOUN
total,corpus,hombro,2,2,2631,,,NOUN
total,corpus,home,2,2,2631,,,PROPN
total,corpus,homies,2,2,2631,,,PROPN
total,corpus,hominem,2,2,2631,,,PROPN
total,corpus,horiatiki,2,2,2631,,,PROPN
total,corpus,horowitz,2,2,2631,,,PROPN
total,corpus,hospital,2,1,2631,,,PROPN
total,corpus,héroe,2,2,2631,,,NOUN
total,corpus,icónico,2,2,2631,,,ADJ
total,corpus,ida,2,2,2631,,,NOUN
total,corpus,igualdad,2,2,2631,,,NOUN
total,corpus,impactant,2,2,2631,,,ADJ
total,corpus,impacto,2,2,2631,,,NOUN
total,corpus,impopular,2,2,2631,,,ADJ
total,corpus,importancia,2,2,2631,,,NOUN
total,corpus,imposible,2,2,2631,,,ADJ
total,corpus,impuesto,2,2,2631,,,NOUN
total,corpus,inactivo,2,2,2631,,,ADJ
total,corpus,incidente,2,2,2631,,,NOUN
total,corpus,incomprendido,2,2,2631,,,ADJ
total,corpus,industria,2,2,2631,,,NOUN
total,corpus,industrial,2,2,2631,,,ADJ
total,corpus,inferior,2,2,2631,,,ADJ
total,corpus,ingeniero,2,2,2631,,,NOUN
total,corpus,ingreso,2,2,2631,,,NOUN
total,corpus,inicial,2,2,2631,,,ADJ
total,corpus,inmoral,2,1,2631,,,ADJ
total,corpus,inmundicia,2,2,2631,,,NOUN
total,corpus,inocente,2,2,2631,,,ADJ
total,corpus,instante,2,2,2631,,,NOUN
total,corpus,intensivo,2,1,2631,,,ADJ
total,corpus,interesante,2,2,2631,,,ADJ
total,corpus,intervención,2,2,2631,,,NOUN
total,corpus,ipad,2,1,2631,,,NOUN
total,corpus,ira,2,2,2631,,,NOUN
total,corpus,irán,2,2,2631,,,PROPN
total,corpus,iso,2,2,2631,,,PROPN
total,corpus,israelita,2,2,2631,,,NOUN
total,corpus,italiano,2,2,2631,,,NOUN
total,corpus,jackson,2,2,2631,,,PROPN
total,corpus,jay,2,2,2631,,,PROPN
total,corpus,jedi,2,1,2631,,,PROPN
total,corpus,jefe,2,2,2631,,,NOUN
total,corpus,jensen,2,2,2631,,,PROPN
total,corpus,jodida,2,2,2631,,,PROPN
total,corpus,jodido,2,2,2631,,,ADJ
total,corpus,joel,2,2,2631,,,PROPN
total,corpus,jordan,2,2,2631,,,PROPN
total,corpus,joseph,2,2,2631,,,PROPN
total,corpus,judicial,2,2,2631,,,ADJ
total,corpus,juegos,2,2,2631,,,PROPN
total,corpus,jugado,2,2,2631,,,ADJ
total,corpus,july,2,2,2631,,,PROPN
total,corpus,juvenil,2,2,2631,,,ADJ
total,corpus,juventud,2,2,2631,,,NOUN
total,corpus,kai,2,2,2631,,,PROPN
total,corpus,kamakura,2,2,2631,,,PROPN
total,corpus,kazuma,2,2,2631,,,PROPN
total,corpus,keane,2,2,2631,,,PROPN
total,corpus,kompany,2,2,2631,,,PROPN
total,corpus,konza,2,2,2631,,,PROPN
total,corpus,kosher,2,2,2631,,,PROPN
total,corpus,kriff,2,2,2631,,,PROPN
total,corpus,laboral,2,2,2631,,,ADJ
total,corpus,land,2,1,2631,,,PROPN
total,corpus,lapso,2,2,2631,,,NOUN
total,corpus,lascivo,2,2,2631,,,ADJ
total,corpus,latino,2,2,2631,,,ADJ
total,corpus,lección,2,2,2631,,,NOUN
total,corpus,legal,2,2,2631,,,ADJ
total,corpus,legendaria,2,2,2631,,,PROPN
total,corpus,legendario,2,2,2631,,,ADJ
total,corpus,lesión,2,2,2631,,,NOUN
total,corpus,levita,2,2,2631,,,NOUN
total,corpus,lgbt,2,2,2631,,,PROPN
total,corpus,libertad,2,2,2631,,,NOUN
total,corpus,ligero,2,2,2631,,,ADJ
total,corpus,like,2,2,2631,,,NOUN
total,corpus,limonada,2,2,2631,,,ADJ
total,corpus,limpio,2,2,2631,,,ADJ
total,corpus,liverpool,2,2,2631,,,PROPN
total,corpus,llama,2,1,2631,,,NOUN
total,corpus,llegada,2,2,2631,,,NOUN
total,corpus,logo,2,2,2631,,,NOUN
total,corpus,londres,2,2,2631,,,PROPN
total,corpus,ltc,2,2,2631,,,PROPN
total,corpus,lucha,2,2,2631,,,NOUN
total,corpus,lágrima,2,2,2631,,,NOUN
total,corpus,madueke,2,2,2631,,,PROPN
total,corpus,maduro,2,1,2631,,,ADJ
total,corpus,malvado,2,2,2631,,,ADJ
total,corpus,man,2,2,2631,,,PROPN
total,corpus,mancha,2,2,2631,,,NOUN
total,corpus,mandaloriano,2,1,2631,,,NOUN
total,corpus,mandamiento,2,2,2631,,,NOUN
total,corpus,manera,2,2,2631,,,NOUN
total,corpus,manila,2,1,2631,,,PROPN
total,corpus,mapa,2,2,2631,,,NOUN
total,corpus,marco,2,2,2631,,,NOUN
total,corpus,margarita,2,1,2631,,,NOUN
total,corpus,mark,2,2,2631,,,PROPN
total,corpus,marvel,2,2,2631,,,PROPN
total,corpus,mashup,2,2,2631,,,NOUN
total,corpus,mate,2,2,2631,,,PROPN
total,corpus,material,2,2,2631,,,NOUN
total,corpus,matiz,2,2,2631,,,NOUN
total,corpus,mayo,2,2,2631,,,NOUN
total,corpus,mazorcas,2,2,2631,,,PROPN
total,corpus,mega,2,2,2631,,,NOUN
total,corpus,mental,2,2,2631,,,ADJ
total,corpus,mentalmente,2,2,2631,,,NOUN
total,corpus,mentira,2,2,2631,,,NOUN
total,corpus,mercancía,2,2,2631,,,NOUN
total,corpus,metafísico,2,2,2631,,,ADJ
total,corpus,miguel,2,2,2631,,,PROPN
total,corpus,mini,2,2,2631,,,PROPN
total,corpus,mira,2,2,2631,,,NOUN
total,corpus,miserable,2,2,2631,,,ADJ
total,corpus,miseria,2,2,2631,,,NOUN
total,corpus,misil,2,2,2631,,,NOUN
total,corpus,misión,2,2,2631,,,NOUN
total,corpus,misterio,2,2,2631,,,NOUN
total,corpus,mitch,2,2,2631,,,PROPN
total,corpus,mmm,2,2,2631,,,PROPN
total,corpus,mochila,2,2,2631,,,NOUN
total,corpus,mod,2,2,2631,,,NOUN
total,corpus,modelo,2,2,2631,,,NOUN
total,corpus,moisés,2,2,2631,,,PROPN
total,corpus,molesto,2,2,2631,,,ADJ
total,corpus,monstruo,2,2,2631,,,NOUN
total,corpus,montaña,2,2,2631,,,NOUN
total,corpus,moralidad,2,2,2631,,,NOUN
total,corpus,mormonismo,2,2,2631,,,NOUN
total,corpus,mormón,2,2,2631,,,NOUN
total,corpus,moses,2,2,2631,,,PROPN
total,corpus,mudanza,2,2,2631,,,NOUN
total,corpus,mudo,2,2,2631,,,ADJ
total,corpus,multifamiliar,2,2,2631,,,ADJ
total,corpus,multimillonario,2,2,2631,,,NOUN
total,corpus,museo,2,2,2631,,,NOUN
total,corpus,musulmán,2,2,2631,,,ADJ
total,corpus,mínimo,2,2,2631,,,ADJ
total,corpus,múltiplo,2,2,2631,,,NOUN
total,corpus,nacionalismo,2,2,2631,,,NOUN
total,corpus,nakamura,2,2,2631,,,PROPN
total,corpus,naranja,2,2,2631,,,ADJ
total,corpus,nathan,2,2,2631,,,PROPN
total,corpus,natsuko,2,1,2631,,,PROPN
total,corpus,natural,2,2,2631,,,ADJ
total,corpus,nave,2,2,2631,,,NOUN
total,corpus,navegable,2,2,2631,,,ADJ
total,corpus,nazi,2,2,2631,,,NOUN
total,corpus,need,2,2,2631,,,PROPN
total,corpus,nikkei,2,2,2631,,,PROPN
total,corpus,noches,2,2,2631,,,PROPN
total,corpus,norte,2,2,2631,,,NOUN
total,corpus,noruega,2,2,2631,,,PROPN
total,corpus,novio,2,2,2631,,,NOUN
total,corpus,nube,2,2,2631,,,NOUN
total,corpus,nublado,2,2,2631,,,ADJ
total,corpus,nórdico,2,2,2631,,,ADJ
total,corpus,obama,2,2,2631,,,PROPN
total,corpus,obsesionado,2,2,2631,,,ADJ
total,corpus,obsesión,2,2,2631,,,NOUN
total,corpus,océano,2,2,2631,,,NOUN
total,corpus,odyssey,2,2,2631,,,PROPN
total,corpus,ofensivo,2,2,2631,,,ADJ
total,corpus,oficina,2,2,2631,,,NOUN
total,corpus,ohhhhhhhh,2,2,2631,,,PROPN
total,corpus,ohio,2,2,2631,,,PROPN
total,corpus,okamoto,2,2,2631,,,PROPN
total,corpus,oklahoma,2,2,2631,,,PROPN
total,corpus,okoro,2,2,2631,,,PROPN
total,corpus,onza,2,2,2631,,,NOUN
total,corpus,operador,2,2,2631,,,NOUN
total,corpus,ordenador,2,1,2631,,,NOUN
total,corpus,ordinario,2,2,2631,,,ADJ
total,corpus,organización,2,2,2631,,,NOUN
total,corpus,orgánico,2,2,2631,,,ADJ
total,corpus,ortodoxo,2,2,2631,,,ADJ
total,corpus,owen,2,2,2631,,,PROPN
total,corpus,ozaki,2,1,2631,,,PROPN
total,corpus,oído,2,2,2631,,,NOUN
total,corpus,pacífico,2,2,2631,,,ADJ
total,corpus,paint,2,2,2631,,,PROPN
total,corpus,pandilla,2,2,2631,,,NOUN
total,corpus,papas,2,2,2631,,,PROPN
total,corpus,parado,2,2,2631,,,ADJ
total,corpus,paraguay,2,2,2631,,,PROPN
total,corpus,parecido,2,2,2631,,,ADJ
total,corpus,partiful,2,2,2631,,,PROPN
total,corpus,partners,2,2,2631,,,PROPN
total,corpus,pasado,2,2,2631,,,ADJ
total,corpus,pasando,2,2,2631,,,NOUN
total,corpus,patio,2,2,2631,,,NOUN
total,corpus,pedazo,2,2,2631,,,NOUN
total,corpus,pedestal,2,2,2631,,,ADJ
total,corpus,pedido,2,2,2631,,,NOUN
total,corpus,pedo,2,2,2631,,,NOUN
total,corpus,pedófilo,2,2,2631,,,NOUN
total,corpus,peligro,2,2,2631,,,NOUN
total,corpus,perdido,2,2,2631,,,ADJ
total,corpus,perdón,2,2,2631,,,NOUN
total,corpus,perfil,2,2,2631,,,NOUN
total,corpus,periodismo,2,2,2631,,,PROPN
total,corpus,periodista,2,2,2631,,,NOUN
total,corpus,permitido,2,2,2631,,,ADJ
total,corpus,perrito,2,2,2631,,,NOUN
total,corpus,pesimista,2,2,2631,,,ADJ
total,corpus,pesos,2,1,2631,,,NOUN
total,corpus,pfa,2,2,2631,,,PROPN
total,corpus,piedad,2,2,2631,,,NOUN
total,corpus,pies,2,2,2631,,,NOUN
total,corpus,pietismo,2,2,2631,,,NOUN
total,corpus,pila,2,2,2631,,,NOUN
total,corpus,pinto,2,2,2631,,,PROPN
total,corpus,pirámide,2,1,2631,,,PROPN
total,corpus,pista,2,2,2631,,,NOUN
total,corpus,planeta,2,2,2631,,,NOUN
total,corpus,planificación,2,2,2631,,,NOUN
total,corpus,platón,2,2,2631,,,PROPN
total,corpus,pleno,2,2,2631,,,ADJ
total,corpus,plátano,2,2,2631,,,NOUN
total,corpus,pobre,2,2,2631,,,ADJ
total,corpus,pobreza,2,2,2631,,,NOUN
total,corpus,poderoso,2,2,2631,,,ADJ
total,corpus,pollo,2,2,2631,,,PROPN
total,corpus,popular,2,2,2631,,,ADJ
total,corpus,porción,2,2,2631,,,NOUN
total,corpus,porro,2,2,2631,,,NOUN
total,corpus,potencia,2,2,2631,,,NOUN
total,corpus,praga,2,2,2631,,,PROPN
total,corpus,precedente,2,2,2631,,,NOUN
total,corpus,predators,2,1,2631,,,PROPN
total,corpus,preocupado,2,2,2631,,,ADJ
total,corpus,presidente,2,1,2631,,,NOUN
total,corpus,prestamista,2,2,2631,,,NOUN
total,corpus,prestatario,2,2,2631,,,NOUN
total,corpus,presupuesto,2,2,2631,,,NOUN
total,corpus,previsto,2,2,2631,,,ADJ
total,corpus,princesa,2,2,2631,,,NOUN
total,corpus,principios,2,2,2631,,,NOUN
total,corpus,prisa,2,2,2631,,,NOUN
total,corpus,producción,2,2,2631,,,NOUN
total,corpus,prom,2,2,2631,,,NOUN
total,corpus,promoción,2,2,2631,,,PROPN
total,corpus,propina,2,1,2631,,,NOUN
total,corpus,propuesta,2,1,2631,,,NOUN
total,corpus,proteína,2,2,2631,,,NOUN
total,corpus,príncipe,2,2,2631,,,NOUN
total,corpus,puente,2,2,2631,,,NOUN
total,corpus,pulsera,2,2,2631,,,NOUN
total,corpus,puro,2,2,2631,,,ADJ
total,corpus,putas,2,2,2631,,,ADJ
total,corpus,pájaro,2,2,2631,,,NOUN
total,corpus,queen,2,1,2631,,,PROPN
total,corpus,queja,2,2,2631,,,NOUN
total,corpus,querido,2,2,2631,,,ADJ
total,corpus,quesadillas,2,2,2631,,,PROPN
total,corpus,quinto,2,1,2631,,,ADJ
total,corpus,rabino,2,2,2631,,,NOUN
total,corpus,racha,2,2,2631,,,NOUN
total,corpus,racial,2,2,2631,,,ADJ
total,corpus,racismo,2,2,2631,,,NOUN
total,corpus,ramova,2,2,2631,,,PROPN
total,corpus,rampage,2,2,2631,,,PROPN
total,corpus,raya,2,2,2631,,,NOUN
total,corpus,rayo,2,2,2631,,,NOUN
total,corpus,reaccionario,2,2,2631,,,ADJ
total,corpus,realista,2,2,2631,,,NOUN
total,corpus,really,2,2,2631,,,PROPN
total,corpus,recomendación,2,2,2631,,,NOUN
total,corpus,recomendado,2,2,2631,,,ADJ
total,corpus,reconquista,2,2,2631,,,PROPN
total,corpus,recordatorio,2,2,2631,,,ADJ
total,corpus,redondo,2,2,2631,,,ADJ
total,corpus,refrito,2,2,2631,,,PROPN
total,corpus,refugiado,2,2,2631,,,NOUN
total,corpus,regalo,2,2,2631,,,NOUN
total,corpus,regordete,2,1,2631,,,PROPN
total,corpus,relacionado,2,1,2631,,,ADJ
total,corpus,relevante,2,2,2631,,,ADJ
total,corpus,rellenos,2,2,2631,,,PROPN
total,corpus,reloj,2,2,2631,,,NOUN
total,corpus,rendición,2,2,2631,,,NOUN
total,corpus,renovación,2,1,2631,,,NOUN
total,corpus,reputación,2,2,2631,,,NOUN
total,corpus,reserva,2,2,2631,,,NOUN
total,corpus,reservado,2,2,2631,,,ADJ
total,corpus,reseña,2,2,2631,,,NOUN
total,corpus,responsabilidad,2,2,2631,,,NOUN
total,corpus,responsable,2,2,2631,,,NOUN
total,corpus,resumen,2,2,2631,,,NOUN
total,corpus,retwit,2,2,2631,,,PROPN
total,corpus,rico,2,2,2631,,,ADJ
total,corpus,ricotta,2,2,2631,,,PROPN
total,corpus,rizado,2,2,2631,,,ADJ
total,corpus,roasted,2,2,2631,,,PROPN
total,corpus,roca,2,2,2631,,,NOUN
total,corpus,rodeado,2,2,2631,,,ADJ
total,corpus,rodilla,2,2,2631,,,NOUN
total,corpus,ronda,2,2,2631,,,NOUN
total,corpus,roo,2,1,2631,,,PROPN
total,corpus,roto,2,2,2631,,,ADJ
total,corpus,rotundo,2,2,2631,,,ADJ
total,corpus,rovers,2,2,2631,,,PROPN
total,corpus,rrp,2,2,2631,,,PROPN
total,corpus,rue,2,1,2631,,,PROPN
total,corpus,ruina,2,1,2631,,,NOUN
total,corpus,rumbo,2,2,2631,,,NOUN
total,corpus,rumor,2,2,2631,,,NOUN
total,corpus,rusia,2,2,2631,,,PROPN
total,corpus,rutina,2,2,2631,,,NOUN
total,corpus,saco,2,2,2631,,,NOUN
total,corpus,salto,2,2,2631,,,NOUN
total,corpus,saludable,2,2,2631,,,ADJ
total,corpus,salvaje,2,2,2631,,,ADJ
total,corpus,sandwich,2,2,2631,,,PROPN
total,corpus,satanás,2,2,2631,,,PROPN
total,corpus,sato,2,2,2631,,,PROPN
total,corpus,satánico,2,2,2631,,,ADJ
total,corpus,scram,2,2,2631,,,PROPN
total,corpus,sector,2,2,2631,,,NOUN
total,corpus,segundo,2,2,2631,,,NOUN
total,corpus,semiconductor,2,2,2631,,,NOUN
total,corpus,septiembre,2,2,2631,,,NOUN
total,corpus,ser,2,2,2631,,,NOUN
total,corpus,servidumbre,2,2,2631,,,NOUN
total,corpus,set,2,2,2631,,,NOUN
total,corpus,seventh,2,2,2631,,,PROPN
total,corpus,sexo,2,2,2631,,,NOUN
total,corpus,shakers,2,2,2631,,,PROPN
total,corpus,shamrock,2,2,2631,,,PROPN
total,corpus,shonan,2,1,2631,,,PROPN
total,corpus,simulación,2,1,2631,,,PROPN
total,corpus,sinagoga,2,2,2631,,,NOUN
total,corpus,sinónimo,2,2,2631,,,ADJ
total,corpus,sirvienta,2,2,2631,,,NOUN
total,corpus,sky,2,2,2631,,,PROPN
total,corpus,smoot,2,2,2631,,,PROPN
total,corpus,snif,2,1,2631,,,PROPN
total,corpus,sobra,2,2,2631,,,NOUN
total,corpus,soleado,2,2,2631,,,NOUN
total,corpus,somerset,2,2,2631,,,PROPN
total,corpus,sopa,2,2,2631,,,NOUN
total,corpus,soso,2,1,2631,,,ADJ
total,corpus,south,2,2,2631,,,PROPN
total,corpus,stadium,2,2,2631,,,PROPN
total,corpus,star,2,2,2631,,,PROPN
total,corpus,steve,2,2,2631,,,PROPN
total,corpus,stfu,2,2,2631,,,PROPN
total,corpus,stickman,2,2,2631,,,NOUN
total,corpus,stops,2,2,2631,,,PROPN
total,corpus,stracciatella,2,2,2631,,,PROPN
total,corpus,strauss,2,2,2631,,,PROPN
total,corpus,subida,2,2,2631,,,NOUN
total,corpus,subversivo,2,2,2631,,,ADJ
total,corpus,suiza,2,2,2631,,,PROPN
total,corpus,supremo,2,2,2631,,,ADJ
total,corpus,sureño,2,2,2631,,,ADJ
total,corpus,suzuki,2,2,2631,,,PROPN
total,corpus,sweet,2,2,2631,,,PROPN
total,corpus,síndrome,2,2,2631,,,NOUN
total,corpus,tablero,2,2,2631,,,NOUN
total,corpus,tailgate,2,1,2631,,,NOUN
total,corpus,talento,2,2,2631,,,NOUN
total,corpus,talla,2,2,2631,,,PROPN
total,corpus,tank,2,2,2631,,,PROPN
total,corpus,tauntaun,2,1,2631,,,PROPN
total,corpus,tdah,2,2,2631,,,PROPN
total,corpus,technology,2,2,2631,,,PROPN
total,corpus,televisión,2,2,2631,,,NOUN
total,corpus,ten,2,2,2631,,,NOUN
total,corpus,tenedor,2,2,2631,,,NOUN
total,corpus,tenis,2,2,2631,,,NOUN
total,corpus,terapia,2,2,2631,,,NOUN
total,corpus,terminado,2,2,2631,,,ADJ
total,corpus,terminal,2,2,2631,,,PROPN
total,corpus,tesis,2,2,2631,,,NOUN
total,corpus,texto,2,2,2631,,,NOUN
total,corpus,thank,2,2,2631,,,PROPN
total,corpus,that,2,2,2631,,,PROPN
total,corpus,theatre,2,2,2631,,,PROPN
total,corpus,them,2,2,2631,,,PROPN
total,corpus,they,2,2,2631,,,PROPN
total,corpus,think,2,2,2631,,,NOUN
total,corpus,tho,2,2,2631,,,NOUN
total,corpus,thornville,2,2,2631,,,PROPN
total,corpus,tiranía,2,2,2631,,,NOUN
total,corpus,tiro,2,2,2631,,,NOUN
total,corpus,titular,2,2,2631,,,NOUN
total,corpus,tomé,2,2,2631,,,PROPN
total,corpus,tonelada,2,2,2631,,,NOUN
total,corpus,toniray,2,1,2631,,,PROPN
total,corpus,tope,2,2,2631,,,NOUN
total,corpus,tortilla,2,2,2631,,,NOUN
total,corpus,traducción,2,2,2631,,,NOUN
total,corpus,traemos,2,2,2631,,,PROPN
total,corpus,trans,2,2,2631,,,PROPN
total,corpus,trofeo,2,2,2631,,,NOUN
total,corpus,troll,2,1,2631,,,PROPN
total,corpus,tropical,2,2,2631,,,PROPN
total,corpus,truthrevolt,2,2,2631,,,PROPN
total,corpus,tráfico,2,1,2631,,,NOUN
total,corpus,trágico,2,2,2631,,,ADJ
total,corpus,típico,2,2,2631,,,ADJ
total,corpus,ubicación,2,2,2631,,,NOUN
total,corpus,uhd,2,2,2631,,,PROPN
total,corpus,universitario,2,2,2631,,,ADJ
total,corpus,urawa,2,1,2631,,,PROPN
total,corpus,urbano,2,2,2631,,,ADJ
total,corpus,vapeador,2,1,2631,,,NOUN
total,corpus,vaso,2,2,2631,,,NOUN
total,corpus,vaulks,2,2,2631,,,PROPN
total,corpus,ventaja,2,2,2631,,,NOUN
total,corpus,verdaderamente,2,2,2631,,,PROPN
total,corpus,vería,2,2,2631,,,NOUN
total,corpus,victoria,2,2,2631,,,NOUN
total,corpus,villa,2,2,2631,,,PROPN
total,corpus,vinilo,2,2,2631,,,NOUN
total,corpus,vinilos,2,2,2631,,,PROPN
total,corpus,vinimo,2,2,2631,,,NOUN
total,corpus,viva,2,2,2631,,,PROPN
total,corpus,volquete,2,2,2631,,,ADJ
total,corpus,vulgar,2,2,2631,,,ADJ
total,corpus,vía,2,2,2631,,,NOUN
total,corpus,webbon,2,2,2631,,,PROPN
total,corpus,wednesday,2,2,2631,,,PROPN
total,corpus,week,2,2,2631,,,PROPN
total,corpus,when,2,2,2631,,,PROPN
total,corpus,wifi,2,2,2631,,,PROPN
total,corpus,wire,2,2,2631,,,PROPN
total,corpus,with,2,2,2631,,,PROPN
total,corpus,within,2,2,2631,,,PROPN
total,corpus,woke,2,2,2631,,,PROPN
total,corpus,worldcup,2,2,2631,,,PROPN
total,corpus,wright,2,2,2631,,,PROPN
total,corpus,yahweh,2,2,2631,,,PROPN
total,corpus,yay,2,2,2631,,,PROPN
total,corpus,yen,2,1,2631,,,NOUN
total,corpus,yenes,2,2,2631,,,NOUN
total,corpus,yeso,2,2,2631,,,NOUN
total,corpus,yoga,2,2,2631,,,NOUN
total,corpus,yokohama,2,2,2631,,,PROPN
total,corpus,zeb,2,2,2631,,,PROPN
total,corpus,zelanda,2,2,2631,,,PROPN
total,corpus,áfrica,2,2,2631,,,PROPN
total,corpus,álbum,2,2,2631,,,NOUN
total,corpus,ánimo,2,2,2631,,,NOUN
total,corpus,ético,2,2,2631,,,ADJ
total,corpus,índice,2,2,2631,,,NOUN
total,corpus,órden,2,2,2631,,,NOUN
total,corpus,北中米ワールドカップ現地組,2,2,2631,,,PROPN
total,corpus,aaron,1,1,2631,,,PROPN
total,corpus,aarp,1,1,2631,,,PROPN
total,corpus,abdomen,1,1,2631,,,NOUN
total,corpus,about,1,1,2631,,,NOUN
total,corpus,abridor,1,1,2631,,,NOUN
total,corpus,abrumador,1,1,2631,,,ADJ
total,corpus,absolutely,1,1,2631,,,PROPN
total,corpus,abstracto,1,1,2631,,,ADJ
total,corpus,abuelo,1,1,2631,,,NOUN
total,corpus,acab,1,1,2631,,,PROPN
total,corpus,academia,1,1,2631,,,NOUN
total,corpus,accesorio,1,1,2631,,,NOUN
total,corpus,acento,1,1,2631,,,NOUN
total,corpus,aceptable,1,1,2631,,,ADJ
total,corpus,acero,1,1,2631,,,NOUN
total,corpus,acertado,1,1,2631,,,ADJ
total,corpus,achuchabl,1,1,2631,,,ADJ
total,corpus,acidez,1,1,2631,,,NOUN
total,corpus,acogedor,1,1,2631,,,ADJ
total,corpus,acogedoro,1,1,2631,,,ADJ
total,corpus,acompañante,1,1,2631,,,NOUN
total,corpus,acosa,1,1,2631,,,NOUN
total,corpus,actitud,1,1,2631,,,NOUN
total,corpus,activado,1,1,2631,,,ADJ
total,corpus,actividad,1,1,2631,,,NOUN
total,corpus,acto,1,1,2631,,,NOUN
total,corpus,actualícenme,1,1,2631,,,ADJ
total,corpus,acuático,1,1,2631,,,ADJ
total,corpus,adapt,1,1,2631,,,PROPN
total,corpus,adelanto,1,1,2631,,,NOUN
total,corpus,aderezo,1,1,2631,,,NOUN
total,corpus,adesoro,1,1,2631,,,PROPN
total,corpus,adjunta,1,1,2631,,,NOUN
total,corpus,adjunto,1,1,2631,,,ADJ
total,corpus,admisión,1,1,2631,,,NOUN
total,corpus,adolescente,1,1,2631,,,NOUN
total,corpus,adolf,1,1,2631,,,PROPN
total,corpus,adopción,1,1,2631,,,NOUN
total,corpus,adoptado,1,1,2631,,,ADJ
total,corpus,adorado,1,1,2631,,,ADJ
total,corpus,adorador,1,1,2631,,,NOUN
total,corpus,adscrito,1,1,2631,,,ADJ
total,corpus,aduana,1,1,2631,,,PROPN
total,corpus,adultez,1,1,2631,,,NOUN
total,corpus,aerolínea,1,1,2631,,,NOUN
total,corpus,aeronave,1,1,2631,,,NOUN
total,corpus,afeminada,1,1,2631,,,ADJ
total,corpus,affirming,1,1,2631,,,PROPN
total,corpus,afición,1,1,2631,,,NOUN
total,corpus,afrutado,1,1,2631,,,ADJ
total,corpus,age,1,1,2631,,,PROPN
total,corpus,agencia,1,1,2631,,,NOUN
total,corpus,agorero,1,1,2631,,,NOUN
total,corpus,agradecimiento,1,1,2631,,,NOUN
total,corpus,agrado,1,1,2631,,,NOUN
total,corpus,agresivo,1,1,2631,,,ADJ
total,corpus,agricultor,1,1,2631,,,NOUN
total,corpus,agrippa,1,1,2631,,,PROPN
total,corpus,agrícola,1,1,2631,,,ADJ
total,corpus,agudo,1,1,2631,,,ADJ
total,corpus,ahh,1,1,2631,,,PROPN
total,corpus,ahogamiento,1,1,2631,,,NOUN
total,corpus,ahorraré,1,1,2631,,,ADJ
total,corpus,ahorro,1,1,2631,,,NOUN
total,corpus,aiart,1,1,2631,,,PROPN
total,corpus,aifa,1,1,2631,,,PROPN
total,corpus,aintsworth,1,1,2631,,,PROPN
total,corpus,aislado,1,1,2631,,,ADJ
total,corpus,aizawa,1,1,2631,,,PROPN
total,corpus,ajetreado,1,1,2631,,,ADJ
total,corpus,ajustado,1,1,2631,,,ADJ
total,corpus,akita,1,1,2631,,,PROPN
total,corpus,alamo,1,1,2631,,,PROPN
total,corpus,alarma,1,1,2631,,,NOUN
total,corpus,alcachofa,1,1,2631,,,NOUN
total,corpus,alcantarilla,1,1,2631,,,NOUN
total,corpus,aldous,1,1,2631,,,PROPN
total,corpus,aleatorio,1,1,2631,,,ADJ
total,corpus,alejado,1,1,2631,,,ADJ
total,corpus,alemania,1,1,2631,,,PROPN
total,corpus,alexa,1,1,2631,,,PROPN
total,corpus,algodón,1,1,2631,,,NOUN
total,corpus,algorítmico,1,1,2631,,,ADJ
total,corpus,aliado,1,1,2631,,,NOUN
total,corpus,alijo,1,1,2631,,,NOUN
total,corpus,alimentador,1,1,2631,,,NOUN
total,corpus,alimento,1,1,2631,,,NOUN
total,corpus,alinamin,1,1,2631,,,PROPN
total,corpus,alineación,1,1,2631,,,NOUN
total,corpus,alineado,1,1,2631,,,ADJ
total,corpus,aliviado,1,1,2631,,,ADJ
total,corpus,alivio,1,1,2631,,,NOUN
total,corpus,allberry,1,1,2631,,,PROPN
total,corpus,alls,1,1,2631,,,PROPN
total,corpus,ally,1,1,2631,,,PROPN
total,corpus,almohada,1,1,2631,,,PROPN
total,corpus,alpaca,1,1,2631,,,NOUN
total,corpus,already,1,1,2631,,,PROPN
total,corpus,altibajo,1,1,2631,,,NOUN
total,corpus,altitud,1,1,2631,,,NOUN
total,corpus,altitude,1,1,2631,,,NOUN
total,corpus,altísimo,1,1,2631,,,ADJ
total,corpus,alubia,1,1,2631,,,NOUN
total,corpus,aluminio,1,1,2631,,,NOUN
total,corpus,always,1,1,2631,,,PROPN
total,corpus,amanecer,1,1,2631,,,PROPN
total,corpus,amargado,1,1,2631,,,ADJ
total,corpus,amargo,1,1,2631,,,ADJ
total,corpus,amargor,1,1,2631,,,NOUN
total,corpus,ambición,1,1,2631,,,NOUN
total,corpus,ambo,1,1,2631,,,PROPN
total,corpus,ambro,1,1,2631,,,PROPN
total,corpus,amenazante,1,1,2631,,,ADJ
total,corpus,ametralladora,1,1,2631,,,NOUN
total,corpus,amigable,1,1,2631,,,ADJ
total,corpus,amigos,1,1,2631,,,PROPN
total,corpus,amistad,1,1,2631,,,NOUN
total,corpus,amo,1,1,2631,,,NOUN
total,corpus,amoris,1,1,2631,,,PROPN
total,corpus,amoroso,1,1,2631,,,ADJ
total,corpus,anabaptista,1,1,2631,,,NOUN
total,corpus,ancho,1,1,2631,,,ADJ
total,corpus,ancianos,1,1,2631,,,PROPN
total,corpus,anda,1,1,2631,,,NOUN
total,corpus,anderson,1,1,2631,,,PROPN
total,corpus,andre,1,1,2631,,,PROPN
total,corpus,anfield,1,1,2631,,,PROPN
total,corpus,angry,1,1,2631,,,PROPN
total,corpus,angélico,1,1,2631,,,ADJ
total,corpus,animador,1,1,2631,,,NOUN
total,corpus,animal,1,1,2631,,,NOUN
total,corpus,aniversario,1,1,2631,,,NOUN
total,corpus,ann,1,1,2631,,,PROPN
total,corpus,anotador,1,1,2631,,,NOUN
total,corpus,another,1,1,2631,,,PROPN
total,corpus,ansia,1,1,2631,,,NOUN
total,corpus,ansioso,1,1,2631,,,ADJ
total,corpus,antelación,1,1,2631,,,NOUN
total,corpus,antepasado,1,1,2631,,,NOUN
total,corpus,anteprima,1,1,2631,,,PROPN
total,corpus,anterior,1,1,2631,,,ADJ
total,corpus,anticristiano,1,1,2631,,,ADJ
total,corpus,anticristián,1,1,2631,,,ADJ
total,corpus,anticristo,1,1,2631,,,NOUN
total,corpus,antinomianos,1,1,2631,,,PROPN
total,corpus,antinómico,1,1,2631,,,ADJ
total,corpus,antioquía,1,1,2631,,,PROPN
total,corpus,antisemita,1,1,2631,,,ADJ
total,corpus,antisemitismo,1,1,2631,,,NOUN
total,corpus,antología,1,1,2631,,,NOUN
total,corpus,anyway,1,1,2631,,,PROPN
total,corpus,aoi,1,1,2631,,,PROPN
total,corpus,aparato,1,1,2631,,,NOUN
total,corpus,aparcamiento,1,1,2631,,,NOUN
total,corpus,apariencia,1,1,2631,,,NOUN
total,corpus,apartado,1,1,2631,,,ADJ
total,corpus,apartamento,1,1,2631,,,NOUN
total,corpus,apasionante,1,1,2631,,,ADJ
total,corpus,apellido,1,1,2631,,,NOUN
total,corpus,apestoso,1,1,2631,,,ADJ
total,corpus,apestós,1,1,2631,,,ADJ
total,corpus,aplastamiento,1,1,2631,,,NOUN
total,corpus,apodo,1,1,2631,,,NOUN
total,corpus,apollo,1,1,2631,,,PROPN
total,corpus,apologético,1,1,2631,,,ADJ
total,corpus,aportación,1,1,2631,,,NOUN
total,corpus,apreciación,1,1,2631,,,NOUN
total,corpus,apretado,1,1,2631,,,ADJ
total,corpus,april,1,1,2631,,,PROPN
total,corpus,aprobado,1,1,2631,,,ADJ
total,corpus,apurado,1,1,2631,,,ADJ
total,corpus,apuro,1,1,2631,,,NOUN
total,corpus,apóyenla,1,1,2631,,,NOUN
total,corpus,arameo,1,1,2631,,,NOUN
total,corpus,arbitraje,1,1,2631,,,NOUN
total,corpus,arca,1,1,2631,,,NOUN
total,corpus,archivo,1,1,2631,,,NOUN
total,corpus,arco,1,1,2631,,,NOUN
total,corpus,ardilla,1,1,2631,,,NOUN
total,corpus,arduo,1,1,2631,,,ADJ
total,corpus,are,1,1,2631,,,PROPN
total,corpus,arena,1,1,2631,,,NOUN
total,corpus,argumento,1,1,2631,,,NOUN
total,corpus,arián,1,1,2631,,,ADJ
total,corpus,armadura,1,1,2631,,,NOUN
total,corpus,aros,1,1,2631,,,PROPN
total,corpus,arquitecto,1,1,2631,,,NOUN
total,corpus,arracherra,1,1,2631,,,PROPN
total,corpus,arranquen,1,1,2631,,,PROPN
total,corpus,arrepentimiento,1,1,2631,,,NOUN
total,corpus,arrepentirme,1,1,2631,,,ADJ
total,corpus,arrogancia,1,1,2631,,,NOUN
total,corpus,arrogante,1,1,2631,,,ADJ
total,corpus,arrojado,1,1,2631,,,ADJ
total,corpus,arruinó,1,1,2631,,,PROPN
total,corpus,arsenal,1,1,2631,,,PROPN
total,corpus,art,1,1,2631,,,NOUN
total,corpus,artedigital,1,1,2631,,,PROPN
total,corpus,artes,1,1,2631,,,PROPN
total,corpus,arvina,1,1,2631,,,PROPN
total,corpus,arándano,1,1,2631,,,ADJ
total,corpus,arándanos,1,1,2631,,,PROPN
total,corpus,asado,1,1,2631,,,ADJ
total,corpus,asador,1,1,2631,,,NOUN
total,corpus,asalto,1,1,2631,,,NOUN
total,corpus,asamblea,1,1,2631,,,NOUN
total,corpus,asbury,1,1,2631,,,PROPN
total,corpus,ascendencia,1,1,2631,,,NOUN
total,corpus,asco,1,1,2631,,,NOUN
total,corpus,asequibilidad,1,1,2631,,,NOUN
total,corpus,asequible,1,1,2631,,,ADJ
total,corpus,asesinato,1,1,2631,,,NOUN
total,corpus,asf,1,1,2631,,,PROPN
total,corpus,asignación,1,1,2631,,,NOUN
total,corpus,asjklsdhljfhlasd,1,1,2631,,,PROPN
total,corpus,asombrado,1,1,2631,,,ADJ
total,corpus,ass,1,1,2631,,,PROPN
total,corpus,assault,1,1,2631,,,PROPN
total,corpus,asuntos,1,1,2631,,,PROPN
total,corpus,atacante,1,1,2631,,,NOUN
total,corpus,atado,1,1,2631,,,ADJ
total,corpus,atajo,1,1,2631,,,NOUN
total,corpus,atardecer,1,1,2631,,,NOUN
total,corpus,atascado,1,1,2631,,,ADJ
total,corpus,aterricé,1,1,2631,,,PROPN
total,corpus,aterrizado,1,1,2631,,,ADJ
total,corpus,aterrizo,1,1,2631,,,ADJ
total,corpus,ateísmo,1,1,2631,,,NOUN
total,corpus,atlantic,1,1,2631,,,PROPN
total,corpus,atlético,1,1,2631,,,ADJ
total,corpus,atractivo,1,1,2631,,,ADJ
total,corpus,atrapado,1,1,2631,,,ADJ
total,corpus,atsunousuke,1,1,2631,,,PROPN
total,corpus,attell,1,1,2631,,,PROPN
total,corpus,atónito,1,1,2631,,,ADJ
total,corpus,audaz,1,1,2631,,,ADJ
total,corpus,audición,1,1,2631,,,NOUN
total,corpus,auditoría,1,1,2631,,,NOUN
total,corpus,autista,1,1,2631,,,ADJ
total,corpus,autobiografía,1,1,2631,,,NOUN
total,corpus,autocontrol,1,1,2631,,,NOUN
total,corpus,autodestrucción,1,1,2631,,,NOUN
total,corpus,autoestima,1,1,2631,,,NOUN
total,corpus,autogestión,1,1,2631,,,NOUN
total,corpus,automóvil,1,1,2631,,,NOUN
total,corpus,autopilot,1,1,2631,,,PROPN
total,corpus,autopista,1,1,2631,,,NOUN
total,corpus,autoridad,1,1,2631,,,NOUN
total,corpus,autosacrificio,1,1,2631,,,NOUN
total,corpus,auténtico,1,1,2631,,,ADJ
total,corpus,avance,1,1,2631,,,NOUN
total,corpus,avaro,1,1,2631,,,NOUN
total,corpus,ave,1,1,2631,,,NOUN
total,corpus,avengers,1,1,2631,,,PROPN
total,corpus,average,1,1,2631,,,PROPN
total,corpus,averigua,1,1,2631,,,PROPN
total,corpus,aviso,1,1,2631,,,NOUN
total,corpus,awe,1,1,2631,,,PROPN
total,corpus,aww,1,1,2631,,,NOUN
total,corpus,axioma,1,1,2631,,,NOUN
total,corpus,aye,1,1,2631,,,PROPN
total,corpus,ayeee,1,1,2631,,,PROPN
total,corpus,ayew,1,1,2631,,,PROPN
total,corpus,ayo,1,1,2631,,,NOUN
total,corpus,ayudaro,1,1,2631,,,NOUN
total,corpus,azulejos,1,1,2631,,,PROPN
total,corpus,azurlane,1,1,2631,,,PROPN
total,corpus,añooo,1,1,2631,,,PROPN
total,corpus,baal,1,1,2631,,,PROPN
total,corpus,babilónico,1,1,2631,,,ADJ
total,corpus,babylon,1,1,2631,,,PROPN
total,corpus,back,1,1,2631,,,PROPN
total,corpus,bacon,1,1,2631,,,NOUN
total,corpus,badobachi,1,1,2631,,,PROPN
total,corpus,badobachijp,1,1,2631,,,NOUN
total,corpus,baguette,1,1,2631,,,PROPN
total,corpus,bahía,1,1,2631,,,NOUN
total,corpus,bailarín,1,1,2631,,,NOUN
total,corpus,bain,1,1,2631,,,PROPN
total,corpus,baiting,1,1,2631,,,PROPN
total,corpus,bajada,1,1,2631,,,NOUN
total,corpus,balcón,1,1,2631,,,NOUN
total,corpus,ballén,1,1,2631,,,ADJ
total,corpus,balogun,1,1,2631,,,PROPN
total,corpus,banca,1,1,2631,,,NOUN
total,corpus,bancarrota,1,1,2631,,,NOUN
total,corpus,baneado,1,1,2631,,,ADJ
total,corpus,bang,1,1,2631,,,PROPN
total,corpus,bangkok,1,1,2631,,,PROPN
total,corpus,banjo,1,1,2631,,,NOUN
total,corpus,bankofamerica,1,1,2631,,,PROPN
total,corpus,banquero,1,1,2631,,,NOUN
total,corpus,banquillo,1,1,2631,,,NOUN
total,corpus,banthacrap,1,1,2631,,,PROPN
total,corpus,barbero,1,1,2631,,,NOUN
total,corpus,barcos,1,1,2631,,,PROPN
total,corpus,barra,1,1,2631,,,NOUN
total,corpus,barriga,1,1,2631,,,NOUN
total,corpus,barrita,1,1,2631,,,NOUN
total,corpus,barro,1,1,2631,,,NOUN
total,corpus,barry,1,1,2631,,,PROPN
total,corpus,barça,1,1,2631,,,PROPN
total,corpus,basham,1,1,2631,,,PROPN
total,corpus,basically,1,1,2631,,,PROPN
total,corpus,basset,1,1,2631,,,PROPN
total,corpus,basurero,1,1,2631,,,NOUN
total,corpus,batida,1,1,2631,,,PROPN
total,corpus,baucham,1,1,2631,,,PROPN
total,corpus,bayern,1,1,2631,,,PROPN
total,corpus,bbb,1,1,2631,,,PROPN
total,corpus,bbn,1,1,2631,,,PROPN
total,corpus,bde,1,1,2631,,,PROPN
total,corpus,bebe,1,1,2631,,,PROPN
total,corpus,bebida,1,1,2631,,,NOUN
total,corpus,because,1,1,2631,,,PROPN
total,corpus,bee,1,1,2631,,,PROPN
total,corpus,beef,1,1,2631,,,PROPN
total,corpus,beeno,1,1,2631,,,ADJ
total,corpus,bellas,1,1,2631,,,PROPN
total,corpus,bend,1,1,2631,,,PROPN
total,corpus,bendición,1,1,2631,,,NOUN
total,corpus,benjaminitas,1,1,2631,,,NOUN
total,corpus,benz,1,1,2631,,,PROPN
total,corpus,benéfico,1,1,2631,,,ADJ
total,corpus,berkeley,1,1,2631,,,PROPN
total,corpus,berkeleyism,1,1,2631,,,PROPN
total,corpus,besadme,1,1,2631,,,PROPN
total,corpus,best,1,1,2631,,,PROPN
total,corpus,beth,1,1,2631,,,PROPN
total,corpus,better,1,1,2631,,,PROPN
total,corpus,bibbidy,1,1,2631,,,NOUN
total,corpus,biberón,1,1,2631,,,NOUN
total,corpus,bible,1,1,2631,,,PROPN
total,corpus,biblia,1,1,2631,,,PROPN
total,corpus,bichito,1,1,2631,,,NOUN
total,corpus,bicho,1,1,2631,,,NOUN
total,corpus,bicicleta,1,1,2631,,,NOUN
total,corpus,biden,1,1,2631,,,PROPN
total,corpus,bikini,1,1,2631,,,NOUN
total,corpus,bilingüe,1,1,2631,,,ADJ
total,corpus,biloxi,1,1,2631,,,PROPN
total,corpus,bin,1,1,2631,,,PROPN
total,corpus,bingo,1,1,2631,,,NOUN
total,corpus,biofermin,1,1,2631,,,PROPN
total,corpus,biológico,1,1,2631,,,ADJ
total,corpus,bird,1,1,2631,,,PROPN
total,corpus,birds,1,1,2631,,,PROPN
total,corpus,birkenhead,1,1,2631,,,PROPN
total,corpus,bitch,1,1,2631,,,PROPN
total,corpus,blancas,1,1,2631,,,PROPN
total,corpus,blasfemia,1,1,2631,,,NOUN
total,corpus,blasfemo,1,1,2631,,,ADJ
total,corpus,blasts,1,1,2631,,,PROPN
total,corpus,blm,1,1,2631,,,PROPN
total,corpus,bloque,1,1,2631,,,NOUN
total,corpus,blowing,1,1,2631,,,PROPN
total,corpus,blud,1,1,2631,,,PROPN
total,corpus,bmw,1,1,2631,,,PROPN
total,corpus,bob,1,1,2631,,,PROPN
total,corpus,boba,1,1,2631,,,PROPN
total,corpus,bochorno,1,1,2631,,,NOUN
total,corpus,bock,1,1,2631,,,PROPN
total,corpus,bogey,1,1,2631,,,NOUN
total,corpus,bohemian,1,1,2631,,,ADJ
total,corpus,bola,1,1,2631,,,NOUN
total,corpus,boletín,1,1,2631,,,NOUN
total,corpus,bolsita,1,1,2631,,,NOUN
total,corpus,bombshell,1,1,2631,,,PROPN
total,corpus,bon,1,1,2631,,,PROPN
total,corpus,bonanza,1,1,2631,,,PROPN
total,corpus,bonjour,1,1,2631,,,PROPN
total,corpus,boom,1,1,2631,,,PROPN
total,corpus,boomer,1,1,2631,,,NOUN
total,corpus,boppity,1,1,2631,,,PROPN
total,corpus,boquiabierto,1,1,2631,,,ADJ
total,corpus,bordado,1,1,2631,,,NOUN
total,corpus,borde,1,1,2631,,,NOUN
total,corpus,borra,1,1,2631,,,PROPN
total,corpus,borrachera,1,1,2631,,,NOUN
total,corpus,borrador,1,1,2631,,,NOUN
total,corpus,borroso,1,1,2631,,,ADJ
total,corpus,bosque,1,1,2631,,,NOUN
total,corpus,boston,1,1,2631,,,PROPN
total,corpus,bote,1,1,2631,,,NOUN
total,corpus,bots,1,1,2631,,,PROPN
total,corpus,bottom,1,1,2631,,,NOUN
total,corpus,botón,1,1,2631,,,NOUN
total,corpus,bouaddi,1,1,2631,,,PROPN
total,corpus,bourbon,1,1,2631,,,PROPN
total,corpus,bournemouth,1,1,2631,,,PROPN
total,corpus,boutique,1,1,2631,,,NOUN
total,corpus,bowl,1,1,2631,,,PROPN
total,corpus,boxeo,1,1,2631,,,NOUN
total,corpus,boyfriend,1,1,2631,,,NOUN
total,corpus,brad,1,1,2631,,,PROPN
total,corpus,braga,1,1,2631,,,NOUN
total,corpus,brajpn,1,1,2631,,,PROPN
total,corpus,brasa,1,1,2631,,,NOUN
total,corpus,brasileño,1,1,2631,,,ADJ
total,corpus,braves,1,1,2631,,,PROPN
total,corpus,brisa,1,1,2631,,,NOUN
total,corpus,británica,1,1,2631,,,PROPN
total,corpus,broc,1,1,2631,,,PROPN
total,corpus,broccoli,1,1,2631,,,PROPN
total,corpus,bronce,1,1,2631,,,PROPN
total,corpus,brook,1,1,2631,,,PROPN
total,corpus,brooklyn,1,1,2631,,,PROPN
total,corpus,brough,1,1,2631,,,PROPN
total,corpus,brunch,1,1,2631,,,NOUN
total,corpus,bryce,1,1,2631,,,ADJ
total,corpus,brócoli,1,1,2631,,,NOUN
total,corpus,bucatini,1,1,2631,,,PROPN
total,corpus,bucees,1,1,2631,,,PROPN
total,corpus,buceo,1,1,2631,,,NOUN
total,corpus,buck,1,1,2631,,,PROPN
total,corpus,buckets,1,1,2631,,,PROPN
total,corpus,buenacomido,1,1,2631,,,ADJ
total,corpus,bufanda,1,1,2631,,,NOUN
total,corpus,builders,1,1,2631,,,PROPN
total,corpus,building,1,1,2631,,,PROPN
total,corpus,builds,1,1,2631,,,PROPN
total,corpus,bullshit,1,1,2631,,,PROPN
total,corpus,bungalow,1,1,2631,,,NOUN
total,corpus,bunny,1,1,2631,,,PROPN
total,corpus,buque,1,1,2631,,,NOUN
total,corpus,burbuja,1,1,2631,,,NOUN
total,corpus,burger,1,1,2631,,,PROPN
total,corpus,burgers,1,1,2631,,,NOUN
total,corpus,burla,1,1,2631,,,NOUN
total,corpus,burn,1,1,2631,,,PROPN
total,corpus,burocracia,1,1,2631,,,NOUN
total,corpus,business,1,1,2631,,,NOUN
total,corpus,butaca,1,1,2631,,,NOUN
total,corpus,butcher,1,1,2631,,,PROPN
total,corpus,buñuelos,1,1,2631,,,PROPN
total,corpus,bypass,1,1,2631,,,PROPN
total,corpus,bájalo,1,1,2631,,,NOUN
total,corpus,báñate,1,1,2631,,,PROPN
total,corpus,bélgica,1,1,2631,,,PROPN
total,corpus,bíblico,1,1,2631,,,ADJ
total,corpus,búscalo,1,1,2631,,,NOUN
total,corpus,búsqueda,1,1,2631,,,NOUN
total,corpus,cabaret,1,1,2631,,,NOUN
total,corpus,cabello,1,1,2631,,,NOUN
total,corpus,cabezazo,1,1,2631,,,NOUN
total,corpus,cabina,1,1,2631,,,NOUN
total,corpus,cableado,1,1,2631,,,NOUN
total,corpus,caca,1,1,2631,,,NOUN
total,corpus,cacerola,1,1,2631,,,PROPN
total,corpus,cachondo,1,1,2631,,,ADJ
total,corpus,cachorro,1,1,2631,,,NOUN
total,corpus,cadena,1,1,2631,,,NOUN
total,corpus,cadera,1,1,2631,,,NOUN
total,corpus,caesar,1,1,2631,,,PROPN
total,corpus,caesars,1,1,2631,,,PROPN
total,corpus,cagado,1,1,2631,,,ADJ
total,corpus,cagó,1,1,2631,,,PROPN
total,corpus,caitiana,1,1,2631,,,PROPN
total,corpus,cajero,1,1,2631,,,NOUN
total,corpus,cajun,1,1,2631,,,PROPN
total,corpus,cajún,1,1,2631,,,PROPN
total,corpus,cake,1,1,2631,,,NOUN
total,corpus,calabacín,1,1,2631,,,PROPN
total,corpus,calada,1,1,2631,,,NOUN
total,corpus,calcetín,1,1,2631,,,NOUN
total,corpus,caldwell,1,1,2631,,,PROPN
total,corpus,calibre,1,1,2631,,,NOUN
total,corpus,call,1,1,2631,,,PROPN
total,corpus,callado,1,1,2631,,,ADJ
total,corpus,calle,1,1,2631,,,NOUN
total,corpus,callum,1,1,2631,,,PROPN
total,corpus,calma,1,1,2631,,,NOUN
total,corpus,caloría,1,1,2631,,,NOUN
total,corpus,caluroso,1,1,2631,,,ADJ
total,corpus,calva,1,1,2631,,,PROPN
total,corpus,calvin,1,1,2631,,,PROPN
total,corpus,camarógrafo,1,1,2631,,,NOUN
total,corpus,cambias,1,1,2631,,,PROPN
total,corpus,camioneta,1,1,2631,,,NOUN
total,corpus,campaña,1,1,2631,,,NOUN
total,corpus,campbell,1,1,2631,,,PROPN
total,corpus,campechano,1,1,2631,,,PROPN
total,corpus,campeonas,1,1,2631,,,PROPN
total,corpus,campeón,1,1,2631,,,NOUN
total,corpus,campus,1,1,2631,,,NOUN
total,corpus,canasta,1,1,2631,,,NOUN
total,corpus,cancelación,1,1,2631,,,NOUN
total,corpus,cancelarte,1,1,2631,,,ADJ
total,corpus,candente,1,1,2631,,,ADJ
total,corpus,canelones,1,1,2631,,,PROPN
total,corpus,canelón,1,1,2631,,,NOUN
total,corpus,canibalismo,1,1,2631,,,NOUN
total,corpus,canoa,1,1,2631,,,NOUN
total,corpus,cansancio,1,1,2631,,,NOUN
total,corpus,cantón,1,1,2631,,,PROPN
total,corpus,cao,1,1,2631,,,NOUN
total,corpus,caos,1,1,2631,,,NOUN
total,corpus,capitalismo,1,1,2631,,,NOUN
total,corpus,capitalización,1,1,2631,,,NOUN
total,corpus,capper,1,1,2631,,,NOUN
total,corpus,captura,1,1,2631,,,NOUN
total,corpus,carabao,1,1,2631,,,PROPN
total,corpus,cardo,1,1,2631,,,NOUN
total,corpus,caridad,1,1,2631,,,NOUN
total,corpus,carisma,1,1,2631,,,NOUN
total,corpus,carismanía,1,1,2631,,,NOUN
total,corpus,caritativo,1,1,2631,,,ADJ
total,corpus,cariñoso,1,1,2631,,,ADJ
total,corpus,carnet,1,1,2631,,,NOUN
total,corpus,carril,1,1,2631,,,PROPN
total,corpus,cartera,1,1,2631,,,NOUN
total,corpus,cartón,1,1,2631,,,NOUN
total,corpus,casado,1,1,2631,,,ADJ
total,corpus,casero,1,1,2631,,,ADJ
total,corpus,casilla,1,1,2631,,,NOUN
total,corpus,cassie,1,1,2631,,,PROPN
total,corpus,catecismo,1,1,2631,,,NOUN
total,corpus,cautela,1,1,2631,,,NOUN
total,corpus,cautiverio,1,1,2631,,,NOUN
total,corpus,caza,1,1,2631,,,NOUN
total,corpus,cazador,1,1,2631,,,NOUN
total,corpus,cañón,1,1,2631,,,NOUN
total,corpus,cebolla,1,1,2631,,,NOUN
total,corpus,cee,1,1,2631,,,PROPN
total,corpus,celoso,1,1,2631,,,ADJ
total,corpus,cemento,1,1,2631,,,NOUN
total,corpus,centrado,1,1,2631,,,ADJ
total,corpus,centrista,1,1,2631,,,ADJ
total,corpus,centrocampista,1,1,2631,,,NOUN
total,corpus,ceo,1,1,2631,,,PROPN
total,corpus,ceremonia,1,1,2631,,,NOUN
total,corpus,ceremonial,1,1,2631,,,ADJ
total,corpus,cerro,1,1,2631,,,PROPN
total,corpus,certainty,1,1,2631,,,PROPN
total,corpus,certeza,1,1,2631,,,NOUN
total,corpus,champán,1,1,2631,,,NOUN
total,corpus,chang,1,1,2631,,,PROPN
total,corpus,chaqueta,1,1,2631,,,NOUN
total,corpus,charismaniacs,1,1,2631,,,PROPN
total,corpus,charles,1,1,2631,,,PROPN
total,corpus,charlie,1,1,2631,,,PROPN
total,corpus,charmin,1,1,2631,,,PROPN
total,corpus,chart,1,1,2631,,,PROPN
total,corpus,cheer,1,1,2631,,,ADJ
total,corpus,cheering,1,1,2631,,,ADJ
total,corpus,cheesesteak,1,1,2631,,,PROPN
total,corpus,cheifs,1,1,2631,,,PROPN
total,corpus,chels,1,1,2631,,,PROPN
total,corpus,cherokee,1,1,2631,,,NOUN
total,corpus,cherry,1,1,2631,,,PROPN
total,corpus,chiba,1,1,2631,,,PROPN
total,corpus,chicossssss,1,1,2631,,,ADJ
total,corpus,chigasaki,1,1,2631,,,PROPN
total,corpus,chii,1,1,2631,,,PROPN
total,corpus,chilidogs,1,1,2631,,,ADJ
total,corpus,chillona,1,1,2631,,,NOUN
total,corpus,chimenea,1,1,2631,,,NOUN
total,corpus,chimping,1,1,2631,,,PROPN
total,corpus,chingón,1,1,2631,,,ADJ
total,corpus,chip,1,1,2631,,,NOUN
total,corpus,chistes,1,1,2631,,,PROPN
total,corpus,chris,1,1,2631,,,PROPN
total,corpus,christ,1,1,2631,,,PROPN
total,corpus,christianity,1,1,2631,,,PROPN
total,corpus,chuletas,1,1,2631,,,PROPN
total,corpus,chuletón,1,1,2631,,,PROPN
total,corpus,chupito,1,1,2631,,,NOUN
total,corpus,church,1,1,2631,,,PROPN
total,corpus,churchill,1,1,2631,,,PROPN
total,corpus,chute,1,1,2631,,,NOUN
total,corpus,ciabattas,1,1,2631,,,PROPN
total,corpus,cicerón,1,1,2631,,,PROPN
total,corpus,ciego,1,1,2631,,,ADJ
total,corpus,ciencia,1,1,2631,,,NOUN
total,corpus,cientificismo,1,1,2631,,,NOUN
total,corpus,cifra,1,1,2631,,,NOUN
total,corpus,cigarrillo,1,1,2631,,,NOUN
total,corpus,cinci,1,1,2631,,,PROPN
total,corpus,cintura,1,1,2631,,,NOUN
total,corpus,circuit,1,1,2631,,,PROPN
total,corpus,circulation,1,1,2631,,,PROPN
total,corpus,civiles,1,1,2631,,,PROPN
total,corpus,clark,1,1,2631,,,PROPN
total,corpus,claro,1,1,2631,,,ADJ
total,corpus,clarísimo,1,1,2631,,,ADJ
total,corpus,clasificatorio,1,1,2631,,,NOUN
total,corpus,class,1,1,2631,,,PROPN
total,corpus,classics,1,1,2631,,,PROPN
total,corpus,claude,1,1,2631,,,PROPN
total,corpus,clause,1,1,2631,,,PROPN
total,corpus,clave,1,1,2631,,,NOUN
total,corpus,clickbait,1,1,2631,,,NOUN
total,corpus,clásica,1,1,2631,,,PROPN
total,corpus,clásicas,1,1,2631,,,NOUN
total,corpus,clérigo,1,1,2631,,,NOUN
total,corpus,clímax,1,1,2631,,,NOUN
total,corpus,clítoris,1,1,2631,,,NOUN
total,corpus,clón,1,1,2631,,,NOUN
total,corpus,coach,1,1,2631,,,PROPN
total,corpus,coaching,1,1,2631,,,NOUN
total,corpus,coal,1,1,2631,,,PROPN
total,corpus,coast,1,1,2631,,,PROPN
total,corpus,cobarde,1,1,2631,,,ADJ
total,corpus,cobolli,1,1,2631,,,PROPN
total,corpus,cobre,1,1,2631,,,NOUN
total,corpus,cobro,1,1,2631,,,NOUN
total,corpus,cobs,1,1,2631,,,PROPN
total,corpus,cocción,1,1,2631,,,NOUN
total,corpus,cocido,1,1,2631,,,ADJ
total,corpus,cocina,1,1,2631,,,NOUN
total,corpus,cocinado,1,1,2631,,,ADJ
total,corpus,coco,1,1,2631,,,PROPN
total,corpus,coder,1,1,2631,,,PROPN
total,corpus,codicioso,1,1,2631,,,ADJ
total,corpus,codificación,1,1,2631,,,NOUN
total,corpus,codificado,1,1,2631,,,ADJ
total,corpus,coffee,1,1,2631,,,PROPN
total,corpus,cofradía,1,1,2631,,,NOUN
total,corpus,coinversión,1,1,2631,,,NOUN
total,corpus,colaboración,1,1,2631,,,NOUN
total,corpus,colchón,1,1,2631,,,NOUN
total,corpus,cole,1,1,2631,,,PROPN
total,corpus,colección,1,1,2631,,,NOUN
total,corpus,colegas,1,1,2631,,,PROPN
total,corpus,colegio,1,1,2631,,,NOUN
total,corpus,colgante,1,1,2631,,,PROPN
total,corpus,college,1,1,2631,,,PROPN
total,corpus,colleges,1,1,2631,,,PROPN
total,corpus,colonia,1,1,2631,,,NOUN
total,corpus,coloreado,1,1,2631,,,ADJ
total,corpus,colorido,1,1,2631,,,ADJ
total,corpus,columbia,1,1,2631,,,PROPN
total,corpus,columna,1,1,2631,,,NOUN
total,corpus,com,1,1,2631,,,PROPN
total,corpus,comedia,1,1,2631,,,NOUN
total,corpus,comidas,1,1,2631,,,PROPN
total,corpus,comienzo,1,1,2631,,,NOUN
total,corpus,comisaría,1,1,2631,,,NOUN
total,corpus,comité,1,1,2631,,,NOUN
total,corpus,commando,1,1,2631,,,ADJ
total,corpus,communist,1,1,2631,,,PROPN
total,corpus,comoセラビ,1,1,2631,,,ADJ
total,corpus,comparable,1,1,2631,,,ADJ
total,corpus,comparado,1,1,2631,,,ADJ
total,corpus,compatible,1,1,2631,,,ADJ
total,corpus,compañeros,1,1,2631,,,PROPN
total,corpus,compensación,1,1,2631,,,NOUN
total,corpus,competencia,1,1,2631,,,NOUN
total,corpus,competición,1,1,2631,,,NOUN
total,corpus,componente,1,1,2631,,,NOUN
total,corpus,comprensión,1,1,2631,,,NOUN
total,corpus,compresa,1,1,2631,,,NOUN
total,corpus,compórtate,1,1,2631,,,PROPN
total,corpus,comunicado,1,1,2631,,,NOUN
total,corpus,comunismo,1,1,2631,,,NOUN
total,corpus,comunitario,1,1,2631,,,ADJ
total,corpus,comúnmente,1,1,2631,,,PROPN
total,corpus,concert,1,1,2631,,,PROPN
total,corpus,concilio,1,1,2631,,,NOUN
total,corpus,conclusión,1,1,2631,,,NOUN
total,corpus,concupiscencia,1,1,2631,,,NOUN
total,corpus,concurrido,1,1,2631,,,ADJ
total,corpus,condado,1,1,2631,,,NOUN
total,corpus,confederación,1,1,2631,,,NOUN
total,corpus,confesión,1,1,2631,,,NOUN
total,corpus,confiable,1,1,2631,,,ADJ
total,corpus,conformidad,1,1,2631,,,NOUN
total,corpus,congelado,1,1,2631,,,ADJ
total,corpus,congraciarte,1,1,2631,,,NOUN
total,corpus,conmovedor,1,1,2631,,,ADJ
total,corpus,conocedor,1,1,2631,,,ADJ
total,corpus,conquistamo,1,1,2631,,,NOUN
total,corpus,consciencia,1,1,2631,,,NOUN
total,corpus,conserje,1,1,2631,,,NOUN
total,corpus,considéalo,1,1,2631,,,PROPN
total,corpus,consola,1,1,2631,,,NOUN
total,corpus,conspiración,1,1,2631,,,NOUN
total,corpus,constante,1,1,2631,,,ADJ
total,corpus,constitución,1,1,2631,,,PROPN
total,corpus,consuelo,1,1,2631,,,NOUN
total,corpus,consultoría,1,1,2631,,,NOUN
total,corpus,contabilidad,1,1,2631,,,NOUN
total,corpus,contaminación,1,1,2631,,,NOUN
total,corpus,contest,1,1,2631,,,PROPN
total,corpus,continente,1,1,2631,,,NOUN
total,corpus,contrastado,1,1,2631,,,ADJ
total,corpus,contratista,1,1,2631,,,NOUN
total,corpus,contribución,1,1,2631,,,NOUN
total,corpus,contundente,1,1,2631,,,ADJ
total,corpus,contándole,1,1,2631,,,PROPN
total,corpus,conveniencia,1,1,2631,,,NOUN
total,corpus,converso,1,1,2631,,,NOUN
total,corpus,coorganizado,1,1,2631,,,ADJ
total,corpus,copamundialdelafifa,1,1,2631,,,PROPN
total,corpus,copia,1,1,2631,,,NOUN
total,corpus,coral,1,1,2631,,,PROPN
total,corpus,corbin,1,1,2631,,,PROPN
total,corpus,core,1,1,2631,,,ADJ
total,corpus,coreano,1,1,2631,,,ADJ
total,corpus,cornuall,1,1,2631,,,NOUN
total,corpus,corporal,1,1,2631,,,ADJ
total,corpus,correa,1,1,2631,,,NOUN
total,corpus,corredor,1,1,2631,,,NOUN
total,corpus,corrupto,1,1,2631,,,ADJ
total,corpus,cortina,1,1,2631,,,NOUN
total,corpus,corán,1,1,2631,,,PROPN
total,corpus,cosido,1,1,2631,,,ADJ
total,corpus,cosmovisión,1,1,2631,,,NOUN
total,corpus,coste,1,1,2631,,,NOUN
total,corpus,cotidiano,1,1,2631,,,ADJ
total,corpus,cottage,1,1,2631,,,PROPN
total,corpus,cowboy,1,1,2631,,,NOUN
total,corpus,cowork,1,1,2631,,,PROPN
total,corpus,coña,1,1,2631,,,NOUN
total,corpus,crack,1,1,2631,,,NOUN
total,corpus,crashedstarr,1,1,2631,,,PROPN
total,corpus,creado,1,1,2631,,,ADJ
total,corpus,creators,1,1,2631,,,PROPN
total,corpus,creature,1,1,2631,,,PROPN
total,corpus,creces,1,1,2631,,,NOUN
total,corpus,creciente,1,1,2631,,,ADJ
total,corpus,crecimiento,1,1,2631,,,NOUN
total,corpus,crediticio,1,1,2631,,,ADJ
total,corpus,creek,1,1,2631,,,PROPN
total,corpus,creería,1,1,2631,,,NOUN
total,corpus,crema,1,1,2631,,,NOUN
total,corpus,cremosa,1,1,2631,,,ADJ
total,corpus,cremosas,1,1,2631,,,PROPN
total,corpus,cremosos,1,1,2631,,,PROPN
total,corpus,cremós,1,1,2631,,,ADJ
total,corpus,cresta,1,1,2631,,,NOUN
total,corpus,criminal,1,1,2631,,,ADJ
total,corpus,criptonita,1,1,2631,,,NOUN
total,corpus,criterio,1,1,2631,,,NOUN
total,corpus,croissants,1,1,2631,,,PROPN
total,corpus,cromo,1,1,2631,,,NOUN
total,corpus,cronograma,1,1,2631,,,NOUN
total,corpus,cruce,1,1,2631,,,NOUN
total,corpus,crucero,1,1,2631,,,NOUN
total,corpus,cruise,1,1,2631,,,PROPN
total,corpus,crujientes,1,1,2631,,,PROPN
total,corpus,crunchwrap,1,1,2631,,,PROPN
total,corpus,crunchwraps,1,1,2631,,,PROPN
total,corpus,cruzado,1,1,2631,,,ADJ
total,corpus,cruzo,1,1,2631,,,PROPN
total,corpus,crying,1,1,2631,,,ADJ
total,corpus,crédulo,1,1,2631,,,ADJ
total,corpus,crítica,1,1,2631,,,NOUN
total,corpus,crónico,1,1,2631,,,ADJ
total,corpus,cuaderno,1,1,2631,,,NOUN
total,corpus,cuadruplex,1,1,2631,,,PROPN
total,corpus,cuatrillón,1,1,2631,,,NOUN
total,corpus,cuatrimoto,1,1,2631,,,NOUN
total,corpus,cuchara,1,1,2631,,,NOUN
total,corpus,cuckolds,1,1,2631,,,PROPN
total,corpus,cuelga,1,1,2631,,,PROPN
total,corpus,cuenco,1,1,2631,,,NOUN
total,corpus,cuerda,1,1,2631,,,NOUN
total,corpus,cuestión,1,1,2631,,,NOUN
total,corpus,culpabilidad,1,1,2631,,,NOUN
total,corpus,cultivo,1,1,2631,,,NOUN
total,corpus,cultural,1,1,2631,,,ADJ
total,corpus,culón,1,1,2631,,,NOUN
total,corpus,cumbre,1,1,2631,,,NOUN
total,corpus,cumpleaño,1,1,2631,,,NOUN
total,corpus,cumplido,1,1,2631,,,NOUN
total,corpus,cunt,1,1,2631,,,PROPN
total,corpus,cupcake,1,1,2631,,,NOUN
total,corpus,cupón,1,1,2631,,,NOUN
total,corpus,cursi,1,1,2631,,,ADJ
total,corpus,cuties,1,1,2631,,,PROPN
total,corpus,cutre,1,1,2631,,,ADJ
total,corpus,cáceres,1,1,2631,,,PROPN
total,corpus,cálido,1,1,2631,,,ADJ
total,corpus,cállate,1,1,2631,,,PROPN
total,corpus,cálmese,1,1,2631,,,PROPN
total,corpus,cántaro,1,1,2631,,,NOUN
total,corpus,cápsula,1,1,2631,,,NOUN
total,corpus,césar,1,1,2631,,,PROPN
total,corpus,círculo,1,1,2631,,,NOUN
total,corpus,cómico,1,1,2631,,,ADJ
total,corpus,cómoda,1,1,2631,,,PROPN
total,corpus,cómplice,1,1,2631,,,NOUN
total,corpus,dame,1,1,2631,,,PROPN
total,corpus,daniel,1,1,2631,,,PROPN
total,corpus,danny,1,1,2631,,,PROPN
total,corpus,danos,1,1,2631,,,PROPN
total,corpus,darke,1,1,2631,,,PROPN
total,corpus,darling,1,1,2631,,,PROPN
total,corpus,darren,1,1,2631,,,PROPN
total,corpus,darwin,1,1,2631,,,PROPN
total,corpus,das,1,1,2631,,,PROPN
total,corpus,date,1,1,2631,,,ADJ
total,corpus,dave,1,1,2631,,,PROPN
total,corpus,dazn,1,1,2631,,,PROPN
total,corpus,dañino,1,1,2631,,,ADJ
total,corpus,dea,1,1,2631,,,PROPN
total,corpus,deace,1,1,2631,,,PROPN
total,corpus,deacon,1,1,2631,,,PROPN
total,corpus,dear,1,1,2631,,,PROPN
total,corpus,deb,1,1,2631,,,PROPN
total,corpus,debido,1,1,2631,,,ADJ
total,corpus,debilidad,1,1,2631,,,NOUN
total,corpus,decisivo,1,1,2631,,,ADJ
total,corpus,deck,1,1,2631,,,PROPN
total,corpus,declan,1,1,2631,,,PROPN
total,corpus,decoración,1,1,2631,,,NOUN
total,corpus,dedicación,1,1,2631,,,NOUN
total,corpus,definitely,1,1,2631,,,PROPN
total,corpus,definitorio,1,1,2631,,,ADJ
total,corpus,deformidad,1,1,2631,,,NOUN
total,corpus,dei,1,1,2631,,,PROPN
total,corpus,dejad,1,1,2631,,,PROPN
total,corpus,delgado,1,1,2631,,,ADJ
total,corpus,delicatessen,1,1,2631,,,PROPN
total,corpus,delincuencia,1,1,2631,,,NOUN
total,corpus,delta,1,1,2631,,,PROPN
total,corpus,delulu,1,1,2631,,,NOUN
total,corpus,deme,1,1,2631,,,PROPN
total,corpus,democrático,1,1,2631,,,ADJ
total,corpus,demonnomi,1,1,2631,,,PROPN
total,corpus,demora,1,1,2631,,,NOUN
total,corpus,denso,1,1,2631,,,ADJ
total,corpus,depravación,1,1,2631,,,NOUN
total,corpus,depredador,1,1,2631,,,NOUN
total,corpus,deprimido,1,1,2631,,,ADJ
total,corpus,derechos,1,1,2631,,,PROPN
total,corpus,derek,1,1,2631,,,PROPN
total,corpus,derramado,1,1,2631,,,ADJ
total,corpus,derramarla,1,1,2631,,,NOUN
total,corpus,derribándolo,1,1,2631,,,NOUN
total,corpus,derrochadoro,1,1,2631,,,ADJ
total,corpus,derry,1,1,2631,,,PROPN
total,corpus,desabrochado,1,1,2631,,,ADJ
total,corpus,desactivado,1,1,2631,,,ADJ
total,corpus,desagradable,1,1,2631,,,ADJ
total,corpus,desalineación,1,1,2631,,,NOUN
total,corpus,desantis,1,1,2631,,,NOUN
total,corpus,desarrollado,1,1,2631,,,ADJ
total,corpus,desatado,1,1,2631,,,ADJ
total,corpus,descarga,1,1,2631,,,PROPN
total,corpus,descenso,1,1,2631,,,NOUN
total,corpus,descente,1,1,2631,,,PROPN
total,corpus,desconcertante,1,1,2631,,,ADJ
total,corpus,desconexión,1,1,2631,,,NOUN
total,corpus,descuidado,1,1,2631,,,ADJ
total,corpus,desdentado,1,1,2631,,,ADJ
total,corpus,desempleado,1,1,2631,,,ADJ
total,corpus,desesperado,1,1,2631,,,ADJ
total,corpus,desgracia,1,1,2631,,,NOUN
total,corpus,deshonesto,1,1,2631,,,ADJ
total,corpus,desierto,1,1,2631,,,NOUN
total,corpus,desinformación,1,1,2631,,,NOUN
total,corpus,deslizador,1,1,2631,,,NOUN
total,corpus,deslumbrante,1,1,2631,,,ADJ
total,corpus,desnudo,1,1,2631,,,PROPN
total,corpus,desperdicio,1,1,2631,,,NOUN
total,corpus,desprecio,1,1,2631,,,NOUN
total,corpus,destituido,1,1,2631,,,ADJ
total,corpus,destrocemo,1,1,2631,,,NOUN
total,corpus,destroyer,1,1,2631,,,PROPN
total,corpus,destrozado,1,1,2631,,,ADJ
total,corpus,desventaja,1,1,2631,,,NOUN
total,corpus,determinación,1,1,2631,,,NOUN
total,corpus,determinado,1,1,2631,,,ADJ
total,corpus,devastado,1,1,2631,,,ADJ
total,corpus,devastador,1,1,2631,,,ADJ
total,corpus,development,1,1,2631,,,PROPN
total,corpus,devil,1,1,2631,,,PROPN
total,corpus,devorador,1,1,2631,,,NOUN
total,corpus,dew,1,1,2631,,,PROPN
total,corpus,deísmo,1,1,2631,,,NOUN
total,corpus,diabetes,1,1,2631,,,NOUN
total,corpus,diabético,1,1,2631,,,ADJ
total,corpus,diabólico,1,1,2631,,,ADJ
total,corpus,diamante,1,1,2631,,,NOUN
total,corpus,dibujo,1,1,2631,,,NOUN
total,corpus,diccionario,1,1,2631,,,NOUN
total,corpus,diciembre,1,1,2631,,,NOUN
total,corpus,dictador,1,1,2631,,,NOUN
total,corpus,did,1,1,2631,,,ADJ
total,corpus,dieta,1,1,2631,,,NOUN
total,corpus,dietista,1,1,2631,,,NOUN
total,corpus,dignidad,1,1,2631,,,NOUN
total,corpus,digno,1,1,2631,,,ADJ
total,corpus,dih,1,1,2631,,,PROPN
total,corpus,dil,1,1,2631,,,NOUN
total,corpus,dilema,1,1,2631,,,NOUN
total,corpus,ding,1,1,2631,,,PROPN
total,corpus,dingarin,1,1,2631,,,PROPN
total,corpus,dinámica,1,1,2631,,,NOUN
total,corpus,dippin,1,1,2631,,,PROPN
total,corpus,director,1,1,2631,,,NOUN
total,corpus,dirigido,1,1,2631,,,ADJ
total,corpus,disciplina,1,1,2631,,,NOUN
total,corpus,disclosure,1,1,2631,,,PROPN
total,corpus,discord,1,1,2631,,,PROPN
total,corpus,disculpe,1,1,2631,,,PROPN
total,corpus,discusión,1,1,2631,,,NOUN
total,corpus,discussion,1,1,2631,,,PROPN
total,corpus,discípulos,1,1,2631,,,PROPN
total,corpus,disfrazado,1,1,2631,,,ADJ
total,corpus,disojari,1,1,2631,,,PROPN
total,corpus,dison,1,1,2631,,,PROPN
total,corpus,disparado,1,1,2631,,,ADJ
total,corpus,disparidad,1,1,2631,,,NOUN
total,corpus,disparo,1,1,2631,,,NOUN
total,corpus,dispositivo,1,1,2631,,,NOUN
total,corpus,distancia,1,1,2631,,,NOUN
total,corpus,distracción,1,1,2631,,,NOUN
total,corpus,diverso,1,1,2631,,,ADJ
total,corpus,dividendo,1,1,2631,,,NOUN
total,corpus,divisa,1,1,2631,,,NOUN
total,corpus,divisivo,1,1,2631,,,ADJ
total,corpus,diviértete,1,1,2631,,,PROPN
total,corpus,divorciado,1,1,2631,,,ADJ
total,corpus,divorcio,1,1,2631,,,NOUN
total,corpus,diálogo,1,1,2631,,,NOUN
total,corpus,diáspora,1,1,2631,,,NOUN
total,corpus,dnc,1,1,2631,,,PROPN
total,corpus,doblado,1,1,2631,,,ADJ
total,corpus,doc,1,1,2631,,,PROPN
total,corpus,docena,1,1,2631,,,NOUN
total,corpus,documentación,1,1,2631,,,NOUN
total,corpus,documento,1,1,2631,,,NOUN
total,corpus,does,1,1,2631,,,PROPN
total,corpus,dogs,1,1,2631,,,PROPN
total,corpus,doha,1,1,2631,,,PROPN
total,corpus,dole,1,1,2631,,,PROPN
total,corpus,dominante,1,1,2631,,,ADJ
total,corpus,doméstico,1,1,2631,,,ADJ
total,corpus,dona,1,1,2631,,,NOUN
total,corpus,doncaster,1,1,2631,,,PROPN
total,corpus,donna,1,1,2631,,,PROPN
total,corpus,donovan,1,1,2631,,,PROPN
total,corpus,donut,1,1,2631,,,NOUN
total,corpus,doomsday,1,1,2631,,,PROPN
total,corpus,dopamina,1,1,2631,,,NOUN
total,corpus,dormitorio,1,1,2631,,,NOUN
total,corpus,doro,1,1,2631,,,ADJ
total,corpus,dosis,1,1,2631,,,NOUN
total,corpus,douglass,1,1,2631,,,PROPN
total,corpus,down,1,1,2631,,,PROPN
total,corpus,draco,1,1,2631,,,PROPN
total,corpus,draft,1,1,2631,,,NOUN
total,corpus,drake,1,1,2631,,,PROPN
total,corpus,drenaje,1,1,2631,,,NOUN
total,corpus,drippy,1,1,2631,,,PROPN
total,corpus,drippydip,1,1,2631,,,PROPN
total,corpus,droga,1,1,2631,,,NOUN
total,corpus,droid,1,1,2631,,,NOUN
total,corpus,droide,1,1,2631,,,ADJ
total,corpus,dualismo,1,1,2631,,,NOUN
total,corpus,duermo,1,1,2631,,,PROPN
total,corpus,dulzura,1,1,2631,,,NOUN
total,corpus,dumb,1,1,2631,,,PROPN
total,corpus,duolingo,1,1,2631,,,PROPN
total,corpus,dusk,1,1,2631,,,PROPN
total,corpus,dustin,1,1,2631,,,PROPN
total,corpus,dynamics,1,1,2631,,,PROPN
total,corpus,décimo,1,1,2631,,,ADJ
total,corpus,earp,1,1,2631,,,PROPN
total,corpus,ebonics,1,1,2631,,,PROPN
total,corpus,echo,1,1,2631,,,PROPN
total,corpus,eclesiástico,1,1,2631,,,ADJ
total,corpus,ecologista,1,1,2631,,,ADJ
total,corpus,economista,1,1,2631,,,NOUN
total,corpus,ecuador,1,1,2631,,,PROPN
total,corpus,edge,1,1,2631,,,PROPN
total,corpus,edina,1,1,2631,,,PROPN
total,corpus,editor,1,1,2631,,,NOUN
total,corpus,editorial,1,1,2631,,,NOUN
total,corpus,educado,1,1,2631,,,ADJ
total,corpus,educadora,1,1,2631,,,NOUN
total,corpus,eeeeeeeeeee,1,1,2631,,,PROPN
total,corpus,eeuu,1,1,2631,,,PROPN
total,corpus,efecto,1,1,2631,,,NOUN
total,corpus,efervescente,1,1,2631,,,ADJ
total,corpus,efl,1,1,2631,,,PROPN
total,corpus,eje,1,1,2631,,,NOUN
total,corpus,ejecutado,1,1,2631,,,ADJ
total,corpus,elasticidad,1,1,2631,,,NOUN
total,corpus,electoral,1,1,2631,,,ADJ
total,corpus,elegancia,1,1,2631,,,NOUN
total,corpus,elegiré,1,1,2631,,,PROPN
total,corpus,elemento,1,1,2631,,,NOUN
total,corpus,elevado,1,1,2631,,,ADJ
total,corpus,eleven,1,1,2631,,,PROPN
total,corpus,eli,1,1,2631,,,PROPN
total,corpus,eliminate,1,1,2631,,,PROPN
total,corpus,elle,1,1,2631,,,PROPN
total,corpus,elliot,1,1,2631,,,PROPN
total,corpus,elotes,1,1,2631,,,PROPN
total,corpus,embarque,1,1,2631,,,PROPN
total,corpus,embotellado,1,1,2631,,,ADJ
total,corpus,emergencia,1,1,2631,,,NOUN
total,corpus,emily,1,1,2631,,,PROPN
total,corpus,emma,1,1,2631,,,PROPN
total,corpus,emocional,1,1,2631,,,ADJ
total,corpus,emocionante,1,1,2631,,,ADJ
total,corpus,emoji,1,1,2631,,,NOUN
total,corpus,emotivo,1,1,2631,,,ADJ
total,corpus,empacado,1,1,2631,,,PROPN
total,corpus,empaque,1,1,2631,,,NOUN
total,corpus,empatía,1,1,2631,,,NOUN
total,corpus,empañado,1,1,2631,,,ADJ
total,corpus,empire,1,1,2631,,,PROPN
total,corpus,empleado,1,1,2631,,,NOUN
total,corpus,empleo,1,1,2631,,,NOUN
total,corpus,empobrecido,1,1,2631,,,ADJ
total,corpus,emprendedor,1,1,2631,,,NOUN
total,corpus,emprendimiento,1,1,2631,,,NOUN
total,corpus,empírico,1,1,2631,,,ADJ
total,corpus,enantiodromio,1,1,2631,,,ADJ
total,corpus,encantado,1,1,2631,,,ADJ
total,corpus,encantadora,1,1,2631,,,PROPN
total,corpus,enchilada,1,1,2631,,,ADJ
total,corpus,enchuf,1,1,2631,,,NOUN
total,corpus,encimero,1,1,2631,,,ADJ
total,corpus,endure,1,1,2631,,,PROPN
total,corpus,energizante,1,1,2631,,,ADJ
total,corpus,enero,1,1,2631,,,NOUN
total,corpus,enferma,1,1,2631,,,NOUN
total,corpus,enfermedad,1,1,2631,,,NOUN
total,corpus,enfermo,1,1,2631,,,ADJ
total,corpus,engañoso,1,1,2631,,,ADJ
total,corpus,engdrc,1,1,2631,,,PROPN
total,corpus,engels,1,1,2631,,,PROPN
total,corpus,english,1,1,2631,,,PROPN
total,corpus,enlazado,1,1,2631,,,ADJ
total,corpus,enmienda,1,1,2631,,,NOUN
total,corpus,enmárcalos,1,1,2631,,,PROPN
total,corpus,enojado,1,1,2631,,,ADJ
total,corpus,ensalado,1,1,2631,,,ADJ
total,corpus,enseñado,1,1,2631,,,ADJ
total,corpus,entitlement,1,1,2631,,,PROPN
total,corpus,entourage,1,1,2631,,,PROPN
total,corpus,entusiasmo,1,1,2631,,,NOUN
total,corpus,enviándote,1,1,2631,,,PROPN
total,corpus,envuelto,1,1,2631,,,ADJ
total,corpus,envuélvelo,1,1,2631,,,NOUN
total,corpus,envíenme,1,1,2631,,,PROPN
total,corpus,epc,1,1,2631,,,PROPN
total,corpus,epstein,1,1,2631,,,PROPN
total,corpus,epístola,1,1,2631,,,NOUN
total,corpus,equity,1,1,2631,,,PROPN
total,corpus,equivalente,1,1,2631,,,NOUN
total,corpus,ernie,1,1,2631,,,PROPN
total,corpus,erróneo,1,1,2631,,,ADJ
total,corpus,eru,1,1,2631,,,PROPN
total,corpus,erótico,1,1,2631,,,ADJ
total,corpus,escala,1,1,2631,,,NOUN
total,corpus,escaso,1,1,2631,,,ADJ
total,corpus,esclavitud,1,1,2631,,,NOUN
total,corpus,esclaviza,1,1,2631,,,NOUN
total,corpus,escoria,1,1,2631,,,NOUN
total,corpus,escorpión,1,1,2631,,,NOUN
total,corpus,escritor,1,1,2631,,,NOUN
total,corpus,escritorio,1,1,2631,,,NOUN
total,corpus,escritura,1,1,2631,,,NOUN
total,corpus,escrituras,1,1,2631,,,PROPN
total,corpus,escuadrón,1,1,2631,,,NOUN
total,corpus,escudo,1,1,2631,,,NOUN
total,corpus,escúchenme,1,1,2631,,,PROPN
total,corpus,espacial,1,1,2631,,,ADJ
total,corpus,espada,1,1,2631,,,NOUN
total,corpus,espantapájaros,1,1,2631,,,NOUN
total,corpus,esparcido,1,1,2631,,,ADJ
total,corpus,especially,1,1,2631,,,PROPN
total,corpus,especificación,1,1,2631,,,NOUN
total,corpus,especulativo,1,1,2631,,,ADJ
total,corpus,espejo,1,1,2631,,,NOUN
total,corpus,esperándola,1,1,2631,,,PROPN
total,corpus,espiral,1,1,2631,,,NOUN
total,corpus,esposito,1,1,2631,,,PROPN
total,corpus,esposo,1,1,2631,,,NOUN
total,corpus,espuma,1,1,2631,,,NOUN
total,corpus,espárragos,1,1,2631,,,PROPN
total,corpus,esqueleto,1,1,2631,,,NOUN
total,corpus,esquina,1,1,2631,,,NOUN
total,corpus,est,1,1,2631,,,PROPN
total,corpus,estable,1,1,2631,,,ADJ
total,corpus,estadía,1,1,2631,,,NOUN
total,corpus,estadística,1,1,2631,,,NOUN
total,corpus,estafadoro,1,1,2631,,,ADJ
total,corpus,estatus,1,1,2631,,,NOUN
total,corpus,estereotipo,1,1,2631,,,NOUN
total,corpus,estimado,1,1,2631,,,ADJ
total,corpus,estrategia,1,1,2631,,,NOUN
total,corpus,estructurado,1,1,2631,,,ADJ
total,corpus,estrés,1,1,2631,,,NOUN
total,corpus,estudia,1,1,2631,,,ADJ
total,corpus,estudiantil,1,1,2631,,,ADJ
total,corpus,estupidez,1,1,2631,,,NOUN
total,corpus,esté,1,1,2631,,,ADJ
total,corpus,estética,1,1,2631,,,NOUN
total,corpus,etc,1,1,2631,,,PROPN
total,corpus,eternidad,1,1,2631,,,NOUN
total,corpus,etete,1,1,2631,,,PROPN
total,corpus,ethos,1,1,2631,,,NOUN
total,corpus,eufemismo,1,1,2631,,,NOUN
total,corpus,eufórico,1,1,2631,,,ADJ
total,corpus,europeo,1,1,2631,,,NOUN
total,corpus,euros,1,1,2631,,,NOUN
total,corpus,evangelistas,1,1,2631,,,PROPN
total,corpus,ever,1,1,2631,,,PROPN
total,corpus,everspin,1,1,2631,,,PROPN
total,corpus,every,1,1,2631,,,PROPN
total,corpus,exactramente,1,1,2631,,,ADJ
total,corpus,exagerado,1,1,2631,,,ADJ
total,corpus,exalumno,1,1,2631,,,NOUN
total,corpus,excesivo,1,1,2631,,,ADJ
total,corpus,exclusivo,1,1,2631,,,ADJ
total,corpus,excursión,1,1,2631,,,NOUN
total,corpus,excusa,1,1,2631,,,NOUN
total,corpus,exento,1,1,2631,,,ADJ
total,corpus,existencia,1,1,2631,,,NOUN
total,corpus,exorcismo,1,1,2631,,,NOUN
total,corpus,experto,1,1,2631,,,NOUN
total,corpus,explica,1,1,2631,,,ADJ
total,corpus,explicación,1,1,2631,,,NOUN
total,corpus,explorer,1,1,2631,,,PROPN
total,corpus,explosivo,1,1,2631,,,ADJ
total,corpus,explotación,1,1,2631,,,NOUN
total,corpus,explícamelo,1,1,2631,,,PROPN
total,corpus,expuesto,1,1,2631,,,ADJ
total,corpus,extensión,1,1,2631,,,NOUN
total,corpus,exterior,1,1,2631,,,ADJ
total,corpus,exteriores,1,1,2631,,,PROPN
total,corpus,externalidad,1,1,2631,,,NOUN
total,corpus,extraterrestr,1,1,2631,,,NOUN
total,corpus,extraviado,1,1,2631,,,ADJ
total,corpus,extrema,1,1,2631,,,PROPN
total,corpus,extreme,1,1,2631,,,PROPN
total,corpus,exótico,1,1,2631,,,ADJ
total,corpus,facturada,1,1,2631,,,ADJ
total,corpus,faggotry,1,1,2631,,,ADJ
total,corpus,fags,1,1,2631,,,PROPN
total,corpus,falda,1,1,2631,,,NOUN
total,corpus,falla,1,1,2631,,,NOUN
total,corpus,fallo,1,1,2631,,,NOUN
total,corpus,falsificación,1,1,2631,,,NOUN
total,corpus,famicom,1,1,2631,,,PROPN
total,corpus,famous,1,1,2631,,,PROPN
total,corpus,fanboy,1,1,2631,,,NOUN
total,corpus,fanfest,1,1,2631,,,NOUN
total,corpus,fanfestival,1,1,2631,,,ADJ
total,corpus,fanta,1,1,2631,,,PROPN
total,corpus,fanático,1,1,2631,,,ADJ
total,corpus,farming,1,1,2631,,,PROPN
total,corpus,farrik,1,1,2631,,,PROPN
total,corpus,farsa,1,1,2631,,,NOUN
total,corpus,fascinante,1,1,2631,,,ADJ
total,corpus,fase,1,1,2631,,,NOUN
total,corpus,fatiga,1,1,2631,,,NOUN
total,corpus,fault,1,1,2631,,,PROPN
total,corpus,favorable,1,1,2631,,,ADJ
total,corpus,fawk,1,1,2631,,,PROPN
total,corpus,fed,1,1,2631,,,PROPN
total,corpus,federal,1,1,2631,,,ADJ
total,corpus,fedoro,1,1,2631,,,ADJ
total,corpus,feed,1,1,2631,,,NOUN
total,corpus,feligrés,1,1,2631,,,NOUN
total,corpus,felipe,1,1,2631,,,PROPN
total,corpus,feminismo,1,1,2631,,,NOUN
total,corpus,fenomenal,1,1,2631,,,ADJ
total,corpus,fentanyl,1,1,2631,,,NOUN
total,corpus,fenómeno,1,1,2631,,,NOUN
total,corpus,feo,1,1,2631,,,ADJ
total,corpus,feria,1,1,2631,,,NOUN
total,corpus,ferrik,1,1,2631,,,PROPN
total,corpus,fertilizant,1,1,2631,,,ADJ
total,corpus,fest,1,1,2631,,,PROPN
total,corpus,fetiche,1,1,2631,,,PROPN
total,corpus,fibra,1,1,2631,,,NOUN
total,corpus,ficticio,1,1,2631,,,ADJ
total,corpus,fidelidad,1,1,2631,,,NOUN
total,corpus,fiel,1,1,2631,,,ADJ
total,corpus,fifawouldcup,1,1,2631,,,PROPN
total,corpus,figma,1,1,2631,,,PROPN
total,corpus,fil,1,1,2631,,,NOUN
total,corpus,filipinas,1,1,2631,,,PROPN
total,corpus,filósofo,1,1,2631,,,NOUN
total,corpus,final,1,1,2631,,,NOUN
total,corpus,finales,1,1,2631,,,NOUN
total,corpus,financiado,1,1,2631,,,ADJ
total,corpus,financiaré,1,1,2631,,,NOUN
total,corpus,finca,1,1,2631,,,NOUN
total,corpus,finde,1,1,2631,,,NOUN
total,corpus,fine,1,1,2631,,,PROPN
total,corpus,fingerlings,1,1,2631,,,PROPN
total,corpus,finish,1,1,2631,,,NOUN
total,corpus,finlandia,1,1,2631,,,PROPN
total,corpus,finsubs,1,1,2631,,,NOUN
total,corpus,firestick,1,1,2631,,,PROPN
total,corpus,firme,1,1,2631,,,ADJ
total,corpus,fitness,1,1,2631,,,PROPN
total,corpus,flaco,1,1,2631,,,ADJ
total,corpus,flaming,1,1,2631,,,PROPN
total,corpus,flashscore,1,1,2631,,,PROPN
total,corpus,flota,1,1,2631,,,NOUN
total,corpus,flujo,1,1,2631,,,NOUN
total,corpus,flynt,1,1,2631,,,PROPN
total,corpus,foco,1,1,2631,,,NOUN
total,corpus,follármelo,1,1,2631,,,NOUN
total,corpus,fomc,1,1,2631,,,PROPN
total,corpus,food,1,1,2631,,,PROPN
total,corpus,footballer,1,1,2631,,,PROPN
total,corpus,forestal,1,1,2631,,,ADJ
total,corpus,forge,1,1,2631,,,PROPN
total,corpus,forget,1,1,2631,,,NOUN
total,corpus,forgettable,1,1,2631,,,ADJ
total,corpus,formal,1,1,2631,,,ADJ
total,corpus,former,1,1,2631,,,NOUN
total,corpus,forzado,1,1,2631,,,ADJ
total,corpus,fosa,1,1,2631,,,NOUN
total,corpus,foso,1,1,2631,,,NOUN
total,corpus,fotónico,1,1,2631,,,ADJ
total,corpus,founder,1,1,2631,,,PROPN
total,corpus,foundermaxx,1,1,2631,,,NOUN
total,corpus,four,1,1,2631,,,PROPN
total,corpus,fracción,1,1,2631,,,NOUN
total,corpus,fragmentación,1,1,2631,,,NOUN
total,corpus,frambuesa,1,1,2631,,,NOUN
total,corpus,france,1,1,2631,,,PROPN
total,corpus,franquiciado,1,1,2631,,,NOUN
total,corpus,franquicias,1,1,2631,,,PROPN
total,corpus,fraswe,1,1,2631,,,PROPN
total,corpus,fraternidad,1,1,2631,,,NOUN
total,corpus,frecuencia,1,1,2631,,,NOUN
total,corpus,frecuente,1,1,2631,,,ADJ
total,corpus,frederick,1,1,2631,,,PROPN
total,corpus,french,1,1,2631,,,PROPN
total,corpus,fresa,1,1,2631,,,NOUN
total,corpus,friday,1,1,2631,,,PROPN
total,corpus,friendly,1,1,2631,,,PROPN
total,corpus,frijoles,1,1,2631,,,PROPN
total,corpus,fritas,1,1,2631,,,NOUN
total,corpus,front,1,1,2631,,,PROPN
total,corpus,frutal,1,1,2631,,,ADJ
total,corpus,fruto,1,1,2631,,,NOUN
total,corpus,fryer,1,1,2631,,,PROPN
total,corpus,ftw,1,1,2631,,,PROPN
total,corpus,fuente,1,1,2631,,,NOUN
total,corpus,fugaz,1,1,2631,,,ADJ
total,corpus,fuji,1,1,2631,,,PROPN
total,corpus,fun,1,1,2631,,,PROPN
total,corpus,fundado,1,1,2631,,,ADJ
total,corpus,fundido,1,1,2631,,,ADJ
total,corpus,furia,1,1,2631,,,NOUN
total,corpus,gabby,1,1,2631,,,PROPN
total,corpus,gal,1,1,2631,,,NOUN
total,corpus,gala,1,1,2631,,,PROPN
total,corpus,galarza,1,1,2631,,,PROPN
total,corpus,gallina,1,1,2631,,,NOUN
total,corpus,ganado,1,1,2631,,,ADJ
total,corpus,ganador,1,1,2631,,,NOUN
total,corpus,ganga,1,1,2631,,,NOUN
total,corpus,gareth,1,1,2631,,,PROPN
total,corpus,gary,1,1,2631,,,PROPN
total,corpus,gasto,1,1,2631,,,NOUN
total,corpus,gate,1,1,2631,,,PROPN
total,corpus,gelato,1,1,2631,,,PROPN
total,corpus,generación,1,1,2631,,,NOUN
total,corpus,generado,1,1,2631,,,ADJ
total,corpus,genocidio,1,1,2631,,,NOUN
total,corpus,gentil,1,1,2631,,,NOUN
total,corpus,gentileza,1,1,2631,,,NOUN
total,corpus,gentrifiquen,1,1,2631,,,PROPN
total,corpus,genuino,1,1,2631,,,ADJ
total,corpus,genuín,1,1,2631,,,ADJ
total,corpus,george,1,1,2631,,,PROPN
total,corpus,gestionado,1,1,2631,,,ADJ
total,corpus,ghana,1,1,2631,,,PROPN
total,corpus,giancarlo,1,1,2631,,,PROPN
total,corpus,gig,1,1,2631,,,PROPN
total,corpus,gilipollez,1,1,2631,,,NOUN
total,corpus,gimp,1,1,2631,,,NOUN
total,corpus,giroud,1,1,2631,,,PROPN
total,corpus,glaseada,1,1,2631,,,ADJ
total,corpus,glasser,1,1,2631,,,PROPN
total,corpus,global,1,1,2631,,,ADJ
total,corpus,globalismo,1,1,2631,,,NOUN
total,corpus,globalista,1,1,2631,,,NOUN
total,corpus,globohomo,1,1,2631,,,PROPN
total,corpus,glorificado,1,1,2631,,,ADJ
total,corpus,goat,1,1,2631,,,PROPN
total,corpus,gobernado,1,1,2631,,,ADJ
total,corpus,goleador,1,1,2631,,,NOUN
total,corpus,golfo,1,1,2631,,,PROPN
total,corpus,good,1,1,2631,,,PROPN
total,corpus,goodeats,1,1,2631,,,PROPN
total,corpus,goofy,1,1,2631,,,PROPN
total,corpus,goonies,1,1,2631,,,PROPN
total,corpus,gorda,1,1,2631,,,ADJ
total,corpus,gork,1,1,2631,,,PROPN
total,corpus,gps,1,1,2631,,,PROPN
total,corpus,graaaacias,1,1,2631,,,PROPN
total,corpus,grabs,1,1,2631,,,PROPN
total,corpus,graduación,1,1,2631,,,NOUN
total,corpus,graduado,1,1,2631,,,ADJ
total,corpus,grand,1,1,2631,,,PROPN
total,corpus,grandeza,1,1,2631,,,NOUN
total,corpus,granizo,1,1,2631,,,ADJ
total,corpus,granja,1,1,2631,,,NOUN
total,corpus,granola,1,1,2631,,,NOUN
total,corpus,gratefulーーーー,1,1,2631,,,PROPN
total,corpus,gratitud,1,1,2631,,,NOUN
total,corpus,greatest,1,1,2631,,,PROPN
total,corpus,greedy,1,1,2631,,,PROPN
total,corpus,grim,1,1,2631,,,PROPN
total,corpus,grito,1,1,2631,,,NOUN
total,corpus,grosería,1,1,2631,,,NOUN
total,corpus,groups,1,1,2631,,,PROPN
total,corpus,grupal,1,1,2631,,,PROPN
total,corpus,gráfico,1,1,2631,,,NOUN
total,corpus,grúa,1,1,2631,,,NOUN
total,corpus,guaco,1,1,2631,,,PROPN
total,corpus,guante,1,1,2631,,,PROPN
total,corpus,guard,1,1,2631,,,PROPN
total,corpus,guarda,1,1,2631,,,PROPN
total,corpus,guardado,1,1,2631,,,ADJ
total,corpus,guarnición,1,1,2631,,,NOUN
total,corpus,guatemala,1,1,2631,,,PROPN
total,corpus,gudetama,1,1,2631,,,PROPN
total,corpus,guerrero,1,1,2631,,,PROPN
total,corpus,guillaume,1,1,2631,,,PROPN
total,corpus,guiño,1,1,2631,,,NOUN
total,corpus,gustavo,1,1,2631,,,PROPN
total,corpus,haberno,1,1,2631,,,ADJ
total,corpus,habitante,1,1,2631,,,NOUN
total,corpus,habitual,1,1,2631,,,NOUN
total,corpus,hablant,1,1,2631,,,NOUN
total,corpus,haciéndote,1,1,2631,,,NOUN
total,corpus,hacía,1,1,2631,,,PROPN
total,corpus,haití,1,1,2631,,,PROPN
total,corpus,hamilton,1,1,2631,,,PROPN
total,corpus,hammered,1,1,2631,,,PROPN
total,corpus,hanamaki,1,1,2631,,,PROPN
total,corpus,happy,1,1,2631,,,ADJ
total,corpus,hard,1,1,2631,,,PROPN
total,corpus,hargreaves,1,1,2631,,,PROPN
total,corpus,harlan,1,1,2631,,,PROPN
total,corpus,harriet,1,1,2631,,,PROPN
total,corpus,harrogate,1,1,2631,,,PROPN
total,corpus,harto,1,1,2631,,,ADJ
total,corpus,harvey,1,1,2631,,,PROPN
total,corpus,has,1,1,2631,,,PROPN
total,corpus,hasselback,1,1,2631,,,PROPN
total,corpus,hat,1,1,2631,,,PROPN
total,corpus,hater,1,1,2631,,,NOUN
total,corpus,haters,1,1,2631,,,PROPN
total,corpus,have,1,1,2631,,,PROPN
total,corpus,haven,1,1,2631,,,PROPN
total,corpus,hawaii,1,1,2631,,,PROPN
total,corpus,hayes,1,1,2631,,,PROPN
total,corpus,haz,1,1,2631,,,NOUN
total,corpus,hazlo,1,1,2631,,,NOUN
total,corpus,hbomax,1,1,2631,,,PROPN
total,corpus,hedonismo,1,1,2631,,,NOUN
total,corpus,heights,1,1,2631,,,PROPN
total,corpus,heiser,1,1,2631,,,PROPN
total,corpus,helicóptero,1,1,2631,,,NOUN
total,corpus,hell,1,1,2631,,,PROPN
total,corpus,helped,1,1,2631,,,PROPN
total,corpus,henderson,1,1,2631,,,PROPN
total,corpus,her,1,1,2631,,,PROPN
total,corpus,heredado,1,1,2631,,,ADJ
total,corpus,herida,1,1,2631,,,NOUN
total,corpus,hermenéutica,1,1,2631,,,NOUN
total,corpus,hermético,1,1,2631,,,ADJ
total,corpus,heroína,1,1,2631,,,NOUN
total,corpus,heurística,1,1,2631,,,ADJ
total,corpus,hhc,1,1,2631,,,PROPN
total,corpus,hidratación,1,1,2631,,,NOUN
total,corpus,high,1,1,2631,,,PROPN
total,corpus,hilarante,1,1,2631,,,ADJ
total,corpus,him,1,1,2631,,,PROPN
total,corpus,himno,1,1,2631,,,NOUN
total,corpus,hinata,1,1,2631,,,PROPN
total,corpus,hindú,1,1,2631,,,NOUN
total,corpus,hipercompetitivo,1,1,2631,,,ADJ
total,corpus,hiperentusiasmo,1,1,2631,,,NOUN
total,corpus,his,1,1,2631,,,PROPN
total,corpus,historiador,1,1,2631,,,NOUN
total,corpus,historial,1,1,2631,,,NOUN
total,corpus,histérico,1,1,2631,,,ADJ
total,corpus,hiueuhehuehue,1,1,2631,,,PROPN
total,corpus,hnd,1,1,2631,,,PROPN
total,corpus,hoeflation,1,1,2631,,,PROPN
total,corpus,holden,1,1,2631,,,PROPN
total,corpus,holliday,1,1,2631,,,PROPN
total,corpus,homenaje,1,1,2631,,,NOUN
total,corpus,homo,1,1,2631,,,PROPN
total,corpus,homogeneizado,1,1,2631,,,ADJ
total,corpus,homoousio,1,1,2631,,,ADJ
total,corpus,homosexual,1,1,2631,,,ADJ
total,corpus,honda,1,1,2631,,,PROPN
total,corpus,honestly,1,1,2631,,,PROPN
total,corpus,honey,1,1,2631,,,PROPN
total,corpus,honor,1,1,2631,,,NOUN
total,corpus,honse,1,1,2631,,,PROPN
total,corpus,hooked,1,1,2631,,,PROPN
total,corpus,hormigonera,1,1,2631,,,NOUN
total,corpus,horneado,1,1,2631,,,ADJ
total,corpus,horno,1,1,2631,,,NOUN
total,corpus,hostil,1,1,2631,,,ADJ
total,corpus,hotelero,1,1,2631,,,ADJ
total,corpus,how,1,1,2631,,,PROPN
total,corpus,httr,1,1,2631,,,PROPN
total,corpus,hueles,1,1,2631,,,PROPN
total,corpus,hughes,1,1,2631,,,PROPN
total,corpus,humedad,1,1,2631,,,NOUN
total,corpus,humildad,1,1,2631,,,NOUN
total,corpus,humor,1,1,2631,,,NOUN
total,corpus,hundreds,1,1,2631,,,PROPN
total,corpus,huxley,1,1,2631,,,PROPN
total,corpus,hábil,1,1,2631,,,ADJ
total,corpus,hábitat,1,1,2631,,,NOUN
total,corpus,húmedo,1,1,2631,,,ADJ
total,corpus,ibew,1,1,2631,,,PROPN
total,corpus,ibispaint,1,1,2631,,,PROPN
total,corpus,ideal,1,1,2631,,,ADJ
total,corpus,identificación,1,1,2631,,,NOUN
total,corpus,ideológico,1,1,2631,,,ADJ
total,corpus,idiomático,1,1,2631,,,ADJ
total,corpus,idk,1,1,2631,,,PROPN
total,corpus,idólatra,1,1,2631,,,NOUN
total,corpus,iglesias,1,1,2631,,,PROPN
total,corpus,ignorado,1,1,2631,,,ADJ
total,corpus,ihop,1,1,2631,,,PROPN
total,corpus,ilegal,1,1,2631,,,NOUN
total,corpus,illinois,1,1,2631,,,PROPN
total,corpus,ilusión,1,1,2631,,,NOUN
total,corpus,ilustración,1,1,2631,,,PROPN
total,corpus,imagina,1,1,2631,,,PROPN
total,corpus,imaginación,1,1,2631,,,NOUN
total,corpus,imitación,1,1,2631,,,NOUN
total,corpus,imitador,1,1,2631,,,NOUN
total,corpus,impactante,1,1,2631,,,ADJ
total,corpus,imperfección,1,1,2631,,,NOUN
total,corpus,imperfecto,1,1,2631,,,ADJ
total,corpus,imponent,1,1,2631,,,NOUN
total,corpus,importa,1,1,2631,,,ADJ
total,corpus,importe,1,1,2631,,,NOUN
total,corpus,impostor,1,1,2631,,,NOUN
total,corpus,improvisado,1,1,2631,,,ADJ
total,corpus,improviso,1,1,2631,,,NOUN
total,corpus,impulsado,1,1,2631,,,ADJ
total,corpus,inasequible,1,1,2631,,,ADJ
total,corpus,inauguración,1,1,2631,,,NOUN
total,corpus,incapaz,1,1,2631,,,ADJ
total,corpus,incendio,1,1,2631,,,NOUN
total,corpus,inclusiva,1,1,2631,,,ADJ
total,corpus,incorporación,1,1,2631,,,NOUN
total,corpus,incredible,1,1,2631,,,PROPN
total,corpus,incómodo,1,1,2631,,,ADJ
total,corpus,indeed,1,1,2631,,,PROPN
total,corpus,indiana,1,1,2631,,,PROPN
total,corpus,indio,1,1,2631,,,NOUN
total,corpus,individual,1,1,2631,,,ADJ
total,corpus,inesperado,1,1,2631,,,ADJ
total,corpus,inevitable,1,1,2631,,,ADJ
total,corpus,inexistencia,1,1,2631,,,NOUN
total,corpus,inexperto,1,1,2631,,,ADJ
total,corpus,inferencia,1,1,2631,,,NOUN
total,corpus,infernal,1,1,2631,,,ADJ
total,corpus,infiltraro,1,1,2631,,,ADJ
total,corpus,infinito,1,1,2631,,,ADJ
total,corpus,inflado,1,1,2631,,,ADJ
total,corpus,inflexión,1,1,2631,,,NOUN
total,corpus,influencers,1,1,2631,,,NOUN
total,corpus,influenciado,1,1,2631,,,ADJ
total,corpus,info,1,1,2631,,,NOUN
total,corpus,infomercial,1,1,2631,,,NOUN
total,corpus,informativo,1,1,2631,,,ADJ
total,corpus,infracción,1,1,2631,,,NOUN
total,corpus,inframundo,1,1,2631,,,NOUN
total,corpus,infusionado,1,1,2631,,,ADJ
total,corpus,ingenioso,1,1,2631,,,ADJ
total,corpus,ingenius,1,1,2631,,,PROPN
total,corpus,iniciado,1,1,2631,,,ADJ
total,corpus,iniciativa,1,1,2631,,,NOUN
total,corpus,iniquidad,1,1,2631,,,NOUN
total,corpus,inmediato,1,1,2631,,,NOUN
total,corpus,inmigración,1,1,2631,,,NOUN
total,corpus,inminente,1,1,2631,,,ADJ
total,corpus,innnnnn,1,1,2631,,,PROPN
total,corpus,inquietante,1,1,2631,,,ADJ
total,corpus,inquietud,1,1,2631,,,NOUN
total,corpus,inquilino,1,1,2631,,,NOUN
total,corpus,inseguridad,1,1,2631,,,NOUN
total,corpus,insignio,1,1,2631,,,ADJ
total,corpus,inspector,1,1,2631,,,PROPN
total,corpus,inspirado,1,1,2631,,,ADJ
total,corpus,inspirador,1,1,2631,,,ADJ
total,corpus,insta,1,1,2631,,,PROPN
total,corpus,instalación,1,1,2631,,,NOUN
total,corpus,instinto,1,1,2631,,,NOUN
total,corpus,insuficiente,1,1,2631,,,ADJ
total,corpus,integrado,1,1,2631,,,ADJ
total,corpus,integridad,1,1,2631,,,NOUN
total,corpus,inteligencia,1,1,2631,,,NOUN
total,corpus,intensidad,1,1,2631,,,NOUN
total,corpus,intento,1,1,2631,,,NOUN
total,corpus,intercambio,1,1,2631,,,NOUN
total,corpus,interior,1,1,2631,,,ADJ
total,corpus,intermitente,1,1,2631,,,ADJ
total,corpus,interseccionalidad,1,1,2631,,,NOUN
total,corpus,intersección,1,1,2631,,,NOUN
total,corpus,interstate,1,1,2631,,,PROPN
total,corpus,interés,1,1,2631,,,NOUN
total,corpus,intérprete,1,1,2631,,,NOUN
total,corpus,inundación,1,1,2631,,,NOUN
total,corpus,invasor,1,1,2631,,,NOUN
total,corpus,inversionista,1,1,2631,,,NOUN
total,corpus,invertido,1,1,2631,,,ADJ
total,corpus,investigación,1,1,2631,,,NOUN
total,corpus,investigado,1,1,2631,,,ADJ
total,corpus,invitación,1,1,2631,,,NOUN
total,corpus,iohannes,1,1,2631,,,PROPN
total,corpus,iowa,1,1,2631,,,PROPN
total,corpus,ipa,1,1,2631,,,PROPN
total,corpus,iptv,1,1,2631,,,PROPN
total,corpus,irak,1,1,2631,,,PROPN
total,corpus,irreal,1,1,2631,,,ADJ
total,corpus,irritado,1,1,2631,,,ADJ
total,corpus,iryna,1,1,2631,,,PROPN
total,corpus,ishikawa,1,1,2631,,,PROPN
total,corpus,isla,1,1,2631,,,PROPN
total,corpus,islámica,1,1,2631,,,PROPN
total,corpus,isnt,1,1,2631,,,PROPN
total,corpus,italia,1,1,2631,,,PROPN
total,corpus,itinerant,1,1,2631,,,ADJ
total,corpus,ito,1,1,2631,,,PROPN
total,corpus,its,1,1,2631,,,PROPN
total,corpus,itvx,1,1,2631,,,PROPN
total,corpus,ivan,1,1,2631,,,PROPN
total,corpus,ivy,1,1,2631,,,PROPN
total,corpus,izakayas,1,1,2631,,,NOUN
total,corpus,izquierdo,1,1,2631,,,ADJ
total,corpus,jaba,1,1,2631,,,PROPN
total,corpus,jabba,1,1,2631,,,PROPN
total,corpus,jacobo,1,1,2631,,,PROPN
total,corpus,jacuzzi,1,1,2631,,,NOUN
total,corpus,jajajajajajajajajaja,1,1,2631,,,PROPN
total,corpus,jake,1,1,2631,,,PROPN
total,corpus,jamaica,1,1,2631,,,PROPN
total,corpus,jamaicano,1,1,2631,,,ADJ
total,corpus,jane,1,1,2631,,,PROPN
total,corpus,janet,1,1,2631,,,PROPN
total,corpus,japoneses,1,1,2631,,,PROPN
total,corpus,jardín,1,1,2631,,,PROPN
total,corpus,jaula,1,1,2631,,,NOUN
total,corpus,jays,1,1,2631,,,PROPN
total,corpus,jeff,1,1,2631,,,PROPN
total,corpus,jerarquía,1,1,2631,,,NOUN
total,corpus,jerusalén,1,1,2631,,,PROPN
total,corpus,jerárquico,1,1,2631,,,ADJ
total,corpus,jesus,1,1,2631,,,PROPN
total,corpus,jetpack,1,1,2631,,,NOUN
total,corpus,jew,1,1,2631,,,PROPN
total,corpus,jews,1,1,2631,,,PROPN
total,corpus,jezabel,1,1,2631,,,PROPN
total,corpus,jfk,1,1,2631,,,PROPN
total,corpus,jiggle,1,1,2631,,,PROPN
total,corpus,jnr,1,1,2631,,,PROPN
total,corpus,johnny,1,1,2631,,,PROPN
total,corpus,jolly,1,1,2631,,,NOUN
total,corpus,jon,1,1,2631,,,PROPN
total,corpus,jonathan,1,1,2631,,,PROPN
total,corpus,jones,1,1,2631,,,PROPN
total,corpus,jonrón,1,1,2631,,,NOUN
total,corpus,jorts,1,1,2631,,,PROPN
total,corpus,josh,1,1,2631,,,PROPN
total,corpus,joshua,1,1,2631,,,PROPN
total,corpus,josé,1,1,2631,,,PROPN
total,corpus,jovencito,1,1,2631,,,NOUN
total,corpus,jovi,1,1,2631,,,PROPN
total,corpus,joya,1,1,2631,,,NOUN
total,corpus,juan,1,1,2631,,,PROPN
total,corpus,juanita,1,1,2631,,,PROPN
total,corpus,jubilación,1,1,2631,,,NOUN
total,corpus,judaizant,1,1,2631,,,NOUN
total,corpus,judaizante,1,1,2631,,,ADJ
total,corpus,judas,1,1,2631,,,PROPN
total,corpus,judaísmo,1,1,2631,,,NOUN
total,corpus,judía,1,1,2631,,,NOUN
total,corpus,judías,1,1,2631,,,PROPN
total,corpus,jueces,1,1,2631,,,PROPN
total,corpus,jueza,1,1,2631,,,NOUN
total,corpus,jugada,1,1,2631,,,NOUN
total,corpus,jugaste,1,1,2631,,,PROPN
total,corpus,jugo,1,1,2631,,,NOUN
total,corpus,jugoas,1,1,2631,,,PROPN
total,corpus,jugosas,1,1,2631,,,PROPN
total,corpus,jugoso,1,1,2631,,,ADJ
total,corpus,juguet,1,1,2631,,,ADJ
total,corpus,juicio,1,1,2631,,,NOUN
total,corpus,jump,1,1,2631,,,PROPN
total,corpus,juneteenth,1,1,2631,,,PROPN
total,corpus,junnosuke,1,1,2631,,,PROPN
total,corpus,junta,1,1,2631,,,PROPN
total,corpus,junya,1,1,2631,,,PROPN
total,corpus,juramento,1,1,2631,,,NOUN
total,corpus,just,1,1,2631,,,PROPN
total,corpus,justa,1,1,2631,,,PROPN
total,corpus,jódete,1,1,2631,,,PROPN
total,corpus,kaiser,1,1,2631,,,PROPN
total,corpus,kakitani,1,1,2631,,,PROPN
total,corpus,kakkonto,1,1,2631,,,PROPN
total,corpus,kamata,1,1,2631,,,PROPN
total,corpus,kampf,1,1,2631,,,PROPN
total,corpus,karabast,1,1,2631,,,PROPN
total,corpus,karl,1,1,2631,,,PROPN
total,corpus,kash,1,1,2631,,,PROPN
total,corpus,keio,1,1,2631,,,PROPN
total,corpus,kellerites,1,1,2631,,,PROPN
total,corpus,kendall,1,1,2631,,,PROPN
total,corpus,kentanji,1,1,2631,,,PROPN
total,corpus,keropons,1,1,2631,,,PROPN
total,corpus,kevin,1,1,2631,,,PROPN
total,corpus,keystone,1,1,2631,,,PROPN
total,corpus,kfc,1,1,2631,,,PROPN
total,corpus,kilómetro,1,1,2631,,,NOUN
total,corpus,king,1,1,2631,,,PROPN
total,corpus,kirk,1,1,2631,,,PROPN
total,corpus,kiss,1,1,2631,,,PROPN
total,corpus,kit,1,1,2631,,,NOUN
total,corpus,kiwi,1,1,2631,,,PROPN
total,corpus,kix,1,1,2631,,,PROPN
total,corpus,knicks,1,1,2631,,,PROPN
total,corpus,know,1,1,2631,,,PROPN
total,corpus,komi,1,1,2631,,,PROPN
total,corpus,konna,1,1,2631,,,PROPN
total,corpus,konsa,1,1,2631,,,PROPN
total,corpus,koolaid,1,1,2631,,,PROPN
total,corpus,kowtow,1,1,2631,,,PROPN
total,corpus,krispie,1,1,2631,,,PROPN
total,corpus,kroc,1,1,2631,,,PROPN
total,corpus,lacy,1,1,2631,,,PROPN
total,corpus,laden,1,1,2631,,,PROPN
total,corpus,ladrillo,1,1,2631,,,NOUN
total,corpus,lagunitas,1,1,2631,,,PROPN
total,corpus,lamelo,1,1,2631,,,PROPN
total,corpus,lamentable,1,1,2631,,,ADJ
total,corpus,lance,1,1,2631,,,PROPN
total,corpus,lancha,1,1,2631,,,NOUN
total,corpus,larga,1,1,2631,,,NOUN
total,corpus,larp,1,1,2631,,,NOUN
total,corpus,larping,1,1,2631,,,PROPN
total,corpus,last,1,1,2631,,,PROPN
total,corpus,lateral,1,1,2631,,,NOUN
total,corpus,latin,1,1,2631,,,PROPN
total,corpus,latina,1,1,2631,,,PROPN
total,corpus,latte,1,1,2631,,,NOUN
total,corpus,latín,1,1,2631,,,NOUN
total,corpus,lavar,1,1,2631,,,PROPN
total,corpus,lbj,1,1,2631,,,PROPN
total,corpus,lcc,1,1,2631,,,PROPN
total,corpus,leagues,1,1,2631,,,PROPN
total,corpus,learnedwrong,1,1,2631,,,NOUN
total,corpus,lebron,1,1,2631,,,PROPN
total,corpus,lector,1,1,2631,,,NOUN
total,corpus,lectura,1,1,2631,,,NOUN
total,corpus,lee,1,1,2631,,,PROPN
total,corpus,leer,1,1,2631,,,PROPN
total,corpus,legítimo,1,1,2631,,,ADJ
total,corpus,lejano,1,1,2631,,,ADJ
total,corpus,lema,1,1,2631,,,NOUN
total,corpus,lemgas,1,1,2631,,,PROPN
total,corpus,lending,1,1,2631,,,PROPN
total,corpus,lengua,1,1,2631,,,NOUN
total,corpus,lenguaje,1,1,2631,,,NOUN
total,corpus,lentil,1,1,2631,,,PROPN
total,corpus,leo,1,1,2631,,,PROPN
total,corpus,leroy,1,1,2631,,,PROPN
total,corpus,lesbiana,1,1,2631,,,NOUN
total,corpus,lesbycast,1,1,2631,,,PROPN
total,corpus,letra,1,1,2631,,,NOUN
total,corpus,letrero,1,1,2631,,,NOUN
total,corpus,leví,1,1,2631,,,PROPN
total,corpus,lewis,1,1,2631,,,PROPN
total,corpus,lexi,1,1,2631,,,PROPN
total,corpus,leyenda,1,1,2631,,,PROPN
total,corpus,lfg,1,1,2631,,,PROPN
total,corpus,lgbtq,1,1,2631,,,PROPN
total,corpus,libertador,1,1,2631,,,NOUN
total,corpus,libertarianismo,1,1,2631,,,NOUN
total,corpus,libertario,1,1,2631,,,ADJ
total,corpus,liberty,1,1,2631,,,PROPN
total,corpus,libidinal,1,1,2631,,,PROPN
total,corpus,libra,1,1,2631,,,NOUN
total,corpus,licencia,1,1,2631,,,NOUN
total,corpus,licor,1,1,2631,,,NOUN
total,corpus,liderarno,1,1,2631,,,NOUN
total,corpus,liderazgo,1,1,2631,,,NOUN
total,corpus,life,1,1,2631,,,PROPN
total,corpus,lifemaxxing,1,1,2631,,,PROPN
total,corpus,light,1,1,2631,,,PROPN
total,corpus,lightning,1,1,2631,,,PROPN
total,corpus,lights,1,1,2631,,,PROPN
total,corpus,likes,1,1,2631,,,ADJ
total,corpus,lima,1,1,2631,,,PROPN
total,corpus,lime,1,1,2631,,,PROPN
total,corpus,limón,1,1,2631,,,NOUN
total,corpus,lindsay,1,1,2631,,,PROPN
total,corpus,line,1,1,2631,,,PROPN
total,corpus,lines,1,1,2631,,,PROPN
total,corpus,lisiado,1,1,2631,,,ADJ
total,corpus,living,1,1,2631,,,PROPN
total,corpus,llanto,1,1,2631,,,NOUN
total,corpus,llegado,1,1,2631,,,ADJ
total,corpus,lmaoo,1,1,2631,,,PROPN
total,corpus,lmaoooo,1,1,2631,,,PROPN
total,corpus,lobby,1,1,2631,,,NOUN
total,corpus,loca,1,1,2631,,,NOUN
total,corpus,loft,1,1,2631,,,PROPN
total,corpus,lol,1,1,2631,,,NOUN
total,corpus,look,1,1,2631,,,NOUN
total,corpus,loro,1,1,2631,,,PROPN
total,corpus,lounge,1,1,2631,,,PROPN
total,corpus,louvre,1,1,2631,,,PROPN
total,corpus,loveveryone,1,1,2631,,,PROPN
total,corpus,lsu,1,1,2631,,,PROPN
total,corpus,ltv,1,1,2631,,,PROPN
total,corpus,lucas,1,1,2631,,,PROPN
total,corpus,luchador,1,1,2631,,,PROPN
total,corpus,luck,1,1,2631,,,PROPN
total,corpus,lucy,1,1,2631,,,PROPN
total,corpus,ludita,1,1,2631,,,NOUN
total,corpus,lujo,1,1,2631,,,NOUN
total,corpus,lujoso,1,1,2631,,,ADJ
total,corpus,lukaku,1,1,2631,,,PROPN
total,corpus,luke,1,1,2631,,,PROPN
total,corpus,lulworth,1,1,2631,,,PROPN
total,corpus,lunds,1,1,2631,,,PROPN
total,corpus,lunático,1,1,2631,,,NOUN
total,corpus,luther,1,1,2631,,,PROPN
total,corpus,lástima,1,1,2631,,,NOUN
total,corpus,líbrano,1,1,2631,,,NOUN
total,corpus,líquido,1,1,2631,,,ADJ
total,corpus,lópez,1,1,2631,,,PROPN
total,corpus,lúgubre,1,1,2631,,,PROPN
total,corpus,mac,1,1,2631,,,PROPN
total,corpus,macarrón,1,1,2631,,,NOUN
total,corpus,macarthur,1,1,2631,,,PROPN
total,corpus,mace,1,1,2631,,,PROPN
total,corpus,machacada,1,1,2631,,,ADJ
total,corpus,machacado,1,1,2631,,,ADJ
total,corpus,machi,1,1,2631,,,PROPN
total,corpus,machino,1,1,2631,,,PROPN
total,corpus,maddy,1,1,2631,,,PROPN
total,corpus,made,1,1,2631,,,PROPN
total,corpus,madeline,1,1,2631,,,PROPN
total,corpus,madrugada,1,1,2631,,,NOUN
total,corpus,maestro,1,1,2631,,,ADJ
total,corpus,magia,1,1,2631,,,NOUN
total,corpus,magistrado,1,1,2631,,,NOUN
total,corpus,magistral,1,1,2631,,,ADJ
total,corpus,mainoo,1,1,2631,,,PROPN
total,corpus,major,1,1,2631,,,PROPN
total,corpus,majísimo,1,1,2631,,,ADJ
total,corpus,makers,1,1,2631,,,PROPN
total,corpus,makes,1,1,2631,,,NOUN
total,corpus,makino,1,1,2631,,,PROPN
total,corpus,malcolm,1,1,2631,,,PROPN
total,corpus,maldición,1,1,2631,,,NOUN
total,corpus,maldini,1,1,2631,,,PROPN
total,corpus,maldita,1,1,2631,,,PROPN
total,corpus,malfoy,1,1,2631,,,PROPN
total,corpus,malsano,1,1,2631,,,ADJ
total,corpus,malvinas,1,1,2631,,,PROPN
total,corpus,mamada,1,1,2631,,,NOUN
total,corpus,manchado,1,1,2631,,,ADJ
total,corpus,manga,1,1,2631,,,NOUN
total,corpus,mangos,1,1,2631,,,PROPN
total,corpus,manifiesto,1,1,2631,,,NOUN
total,corpus,mann,1,1,2631,,,PROPN
total,corpus,manotazo,1,1,2631,,,NOUN
total,corpus,manta,1,1,2631,,,NOUN
total,corpus,manteca,1,1,2631,,,NOUN
total,corpus,mantecosas,1,1,2631,,,PROPN
total,corpus,mantenimiento,1,1,2631,,,NOUN
total,corpus,manual,1,1,2631,,,PROPN
total,corpus,manzambi,1,1,2631,,,PROPN
total,corpus,mapache,1,1,2631,,,NOUN
total,corpus,maquiavélico,1,1,2631,,,NOUN
total,corpus,maquinaria,1,1,2631,,,NOUN
total,corpus,maravilla,1,1,2631,,,NOUN
total,corpus,maravillosa,1,1,2631,,,PROPN
total,corpus,marcado,1,1,2631,,,ADJ
total,corpus,marcador,1,1,2631,,,NOUN
total,corpus,marcha,1,1,2631,,,NOUN
total,corpus,marcus,1,1,2631,,,PROPN
total,corpus,marea,1,1,2631,,,NOUN
total,corpus,mareado,1,1,2631,,,ADJ
total,corpus,marfil,1,1,2631,,,PROPN
total,corpus,mari,1,1,2631,,,PROPN
total,corpus,maricón,1,1,2631,,,NOUN
total,corpus,marinara,1,1,2631,,,PROPN
total,corpus,marine,1,1,2631,,,NOUN
total,corpus,marisco,1,1,2631,,,NOUN
total,corpus,marlboro,1,1,2631,,,PROPN
total,corpus,marlín,1,1,2631,,,NOUN
total,corpus,marriott,1,1,2631,,,PROPN
total,corpus,marrón,1,1,2631,,,ADJ
total,corpus,marte,1,1,2631,,,PROPN
total,corpus,marvelrival,1,1,2631,,,NOUN
total,corpus,marvelrivals,1,1,2631,,,PROPN
total,corpus,marx,1,1,2631,,,PROPN
total,corpus,marxismo,1,1,2631,,,NOUN
total,corpus,marxist,1,1,2631,,,PROPN
total,corpus,maría,1,1,2631,,,PROPN
total,corpus,masa,1,1,2631,,,NOUN
total,corpus,masculinidad,1,1,2631,,,NOUN
total,corpus,mason,1,1,2631,,,PROPN
total,corpus,masoquista,1,1,2631,,,NOUN
total,corpus,masturbar,1,1,2631,,,NOUN
total,corpus,mateo,1,1,2631,,,PROPN
total,corpus,materialismo,1,1,2631,,,NOUN
total,corpus,matizado,1,1,2631,,,ADJ
total,corpus,matriarca,1,1,2631,,,NOUN
total,corpus,matrimonio,1,1,2631,,,NOUN
total,corpus,matrícula,1,1,2631,,,NOUN
total,corpus,mattea,1,1,2631,,,PROPN
total,corpus,matutino,1,1,2631,,,ADJ
total,corpus,maxton,1,1,2631,,,PROPN
total,corpus,mayordomo,1,1,2631,,,NOUN
total,corpus,mayweather,1,1,2631,,,PROPN
total,corpus,mazorca,1,1,2631,,,NOUN
total,corpus,mbappe,1,1,2631,,,PROPN
total,corpus,mbappé,1,1,2631,,,PROPN
total,corpus,mcconnell,1,1,2631,,,PROPN
total,corpus,mcdonald,1,1,2631,,,PROPN
total,corpus,mcgee,1,1,2631,,,PROPN
total,corpus,mcgowen,1,1,2631,,,PROPN
total,corpus,mckenzie,1,1,2631,,,PROPN
total,corpus,meador,1,1,2631,,,PROPN
total,corpus,mean,1,1,2631,,,PROPN
total,corpus,meatball,1,1,2631,,,PROPN
total,corpus,mecanismo,1,1,2631,,,NOUN
total,corpus,mecánico,1,1,2631,,,ADJ
total,corpus,media,1,1,2631,,,PROPN
total,corpus,medias,1,1,2631,,,NOUN
total,corpus,medible,1,1,2631,,,ADJ
total,corpus,medicamento,1,1,2631,,,NOUN
total,corpus,medicina,1,1,2631,,,NOUN
total,corpus,medieval,1,1,2631,,,ADJ
total,corpus,mediocentro,1,1,2631,,,NOUN
total,corpus,mediático,1,1,2631,,,ADJ
total,corpus,megan,1,1,2631,,,PROPN
total,corpus,meij,1,1,2631,,,PROPN
total,corpus,mein,1,1,2631,,,PROPN
total,corpus,mejiro,1,1,2631,,,PROPN
total,corpus,mejoramiento,1,1,2631,,,NOUN
total,corpus,mejores,1,1,2631,,,NOUN
total,corpus,mella,1,1,2631,,,NOUN
total,corpus,melocotón,1,1,2631,,,NOUN
total,corpus,melt,1,1,2631,,,PROPN
total,corpus,mencionado,1,1,2631,,,ADJ
total,corpus,mención,1,1,2631,,,NOUN
total,corpus,mensual,1,1,2631,,,ADJ
total,corpus,mentor,1,1,2631,,,NOUN
total,corpus,menú,1,1,2631,,,NOUN
total,corpus,mercedes,1,1,2631,,,PROPN
total,corpus,merci,1,1,2631,,,PROPN
total,corpus,merez,1,1,2631,,,ADJ
total,corpus,merienda,1,1,2631,,,PROPN
total,corpus,message,1,1,2631,,,NOUN
total,corpus,metete,1,1,2631,,,PROPN
total,corpus,mex,1,1,2631,,,PROPN
total,corpus,mexicocity,1,1,2631,,,PROPN
total,corpus,mezcla,1,1,2631,,,NOUN
total,corpus,mezclado,1,1,2631,,,ADJ
total,corpus,mezclilla,1,1,2631,,,NOUN
total,corpus,miami,1,1,2631,,,PROPN
total,corpus,mianiversariox,1,1,2631,,,PROPN
total,corpus,michelle,1,1,2631,,,PROPN
total,corpus,microonda,1,1,2631,,,NOUN
total,corpus,microondas,1,1,2631,,,NOUN
total,corpus,microsoft,1,1,2631,,,PROPN
total,corpus,middlesbrough,1,1,2631,,,PROPN
total,corpus,mido,1,1,2631,,,ADJ
total,corpus,miente,1,1,2631,,,ADJ
total,corpus,mierdero,1,1,2631,,,NOUN
total,corpus,mierdo,1,1,2631,,,ADJ
total,corpus,migaja,1,1,2631,,,NOUN
total,corpus,mike,1,1,2631,,,PROPN
total,corpus,millerita,1,1,2631,,,PROPN
total,corpus,milímetro,1,1,2631,,,NOUN
total,corpus,minimalista,1,1,2631,,,ADJ
total,corpus,ministerio,1,1,2631,,,PROPN
total,corpus,ministro,1,1,2631,,,PROPN
total,corpus,minjeongie,1,1,2631,,,PROPN
total,corpus,minneapolis,1,1,2631,,,PROPN
total,corpus,minorista,1,1,2631,,,ADJ
total,corpus,miss,1,1,2631,,,PROPN
total,corpus,misántropo,1,1,2631,,,NOUN
total,corpus,mixto,1,1,2631,,,ADJ
total,corpus,mocosa,1,1,2631,,,NOUN
total,corpus,moderado,1,1,2631,,,ADJ
total,corpus,moderador,1,1,2631,,,NOUN
total,corpus,modernista,1,1,2631,,,ADJ
total,corpus,mojado,1,1,2631,,,ADJ
total,corpus,moldeada,1,1,2631,,,ADJ
total,corpus,mollera,1,1,2631,,,NOUN
total,corpus,mono,1,1,2631,,,NOUN
total,corpus,montego,1,1,2631,,,PROPN
total,corpus,mora,1,1,2631,,,PROPN
total,corpus,morelos,1,1,2631,,,PROPN
total,corpus,moriyasu,1,1,2631,,,PROPN
total,corpus,morro,1,1,2631,,,NOUN
total,corpus,mossad,1,1,2631,,,PROPN
total,corpus,mostaza,1,1,2631,,,NOUN
total,corpus,mostrador,1,1,2631,,,NOUN
total,corpus,motor,1,1,2631,,,NOUN
total,corpus,motores,1,1,2631,,,PROPN
total,corpus,mountain,1,1,2631,,,PROPN
total,corpus,mouton,1,1,2631,,,PROPN
total,corpus,mozzarella,1,1,2631,,,NOUN
total,corpus,mph,1,1,2631,,,NOUN
total,corpus,mram,1,1,2631,,,PROPN
total,corpus,muchachos,1,1,2631,,,PROPN
total,corpus,muchísimas,1,1,2631,,,ADJ
total,corpus,muelle,1,1,2631,,,NOUN
total,corpus,mugunghwa,1,1,2631,,,PROPN
total,corpus,mukbang,1,1,2631,,,PROPN
total,corpus,multicultural,1,1,2631,,,ADJ
total,corpus,mum,1,1,2631,,,PROPN
total,corpus,mural,1,1,2631,,,NOUN
total,corpus,muraoka,1,1,2631,,,PROPN
total,corpus,muro,1,1,2631,,,NOUN
total,corpus,murphy,1,1,2631,,,PROPN
total,corpus,musculoso,1,1,2631,,,ADJ
total,corpus,musculós,1,1,2631,,,ADJ
total,corpus,musk,1,1,2631,,,PROPN
total,corpus,musky,1,1,2631,,,PROPN
total,corpus,mustard,1,1,2631,,,PROPN
total,corpus,málaga,1,1,2631,,,PROPN
total,corpus,mánager,1,1,2631,,,NOUN
total,corpus,mánchester,1,1,2631,,,PROPN
total,corpus,médico,1,1,2631,,,NOUN
total,corpus,mérito,1,1,2631,,,NOUN
total,corpus,mírenla,1,1,2631,,,ADJ
total,corpus,mórbidamente,1,1,2631,,,ADJ
total,corpus,mórbido,1,1,2631,,,ADJ
total,corpus,móvil,1,1,2631,,,ADJ
total,corpus,múnich,1,1,2631,,,PROPN
total,corpus,músculo,1,1,2631,,,NOUN
total,corpus,naans,1,1,2631,,,PROPN
total,corpus,nacionalidad,1,1,2631,,,NOUN
total,corpus,nacionalista,1,1,2631,,,ADJ
total,corpus,nado,1,1,2631,,,ADJ
total,corpus,nadé,1,1,2631,,,PROPN
total,corpus,nagano,1,1,2631,,,PROPN
total,corpus,nagatomo,1,1,2631,,,PROPN
total,corpus,nalga,1,1,2631,,,NOUN
total,corpus,nalgada,1,1,2631,,,NOUN
total,corpus,nana,1,1,2631,,,NOUN
total,corpus,naparc,1,1,2631,,,PROPN
total,corpus,nariz,1,1,2631,,,NOUN
total,corpus,narrative,1,1,2631,,,PROPN
total,corpus,nashville,1,1,2631,,,PROPN
total,corpus,natación,1,1,2631,,,NOUN
total,corpus,national,1,1,2631,,,PROPN
total,corpus,nations,1,1,2631,,,PROPN
total,corpus,natto,1,1,2631,,,NOUN
total,corpus,navidad,1,1,2631,,,PROPN
total,corpus,naz,1,1,2631,,,PROPN
total,corpus,nda,1,1,2631,,,PROPN
total,corpus,necesito,1,1,2631,,,ADJ
total,corpus,needs,1,1,2631,,,PROPN
total,corpus,needthat,1,1,2631,,,PROPN
total,corpus,negación,1,1,2631,,,NOUN
total,corpus,negatividad,1,1,2631,,,NOUN
total,corpus,negativo,1,1,2631,,,ADJ
total,corpus,negros,1,1,2631,,,PROPN
total,corpus,neoconservadoro,1,1,2631,,,ADJ
total,corpus,neonazi,1,1,2631,,,ADJ
total,corpus,netflix,1,1,2631,,,PROPN
total,corpus,networking,1,1,2631,,,NOUN
total,corpus,neutralización,1,1,2631,,,NOUN
total,corpus,never,1,1,2631,,,PROPN
total,corpus,newcastle,1,1,2631,,,PROPN
total,corpus,news,1,1,2631,,,PROPN
total,corpus,nhl,1,1,2631,,,PROPN
total,corpus,nice,1,1,2631,,,PROPN
total,corpus,nick,1,1,2631,,,NOUN
total,corpus,nicolas,1,1,2631,,,PROPN
total,corpus,nicotina,1,1,2631,,,NOUN
total,corpus,nigeria,1,1,2631,,,PROPN
total,corpus,nigeriano,1,1,2631,,,NOUN
total,corpus,nikuman,1,1,2631,,,NOUN
total,corpus,nimby,1,1,2631,,,PROPN
total,corpus,nippon,1,1,2631,,,PROPN
total,corpus,niñita,1,1,2631,,,NOUN
total,corpus,nocturno,1,1,2631,,,ADJ
total,corpus,nolan,1,1,2631,,,PROPN
total,corpus,nombra,1,1,2631,,,NOUN
total,corpus,nomi,1,1,2631,,,PROPN
total,corpus,nomidown,1,1,2631,,,NOUN
total,corpus,nominal,1,1,2631,,,ADJ
total,corpus,nonce,1,1,2631,,,NOUN
total,corpus,noodle,1,1,2631,,,PROPN
total,corpus,noooooooo,1,1,2631,,,PROPN
total,corpus,noreste,1,1,2631,,,NOUN
total,corpus,norteamericano,1,1,2631,,,NOUN
total,corpus,northampton,1,1,2631,,,PROPN
total,corpus,noruego,1,1,2631,,,ADJ
total,corpus,nostálgico,1,1,2631,,,ADJ
total,corpus,not,1,1,2631,,,PROPN
total,corpus,notive,1,1,2631,,,PROPN
total,corpus,notre,1,1,2631,,,PROPN
total,corpus,now,1,1,2631,,,PROPN
total,corpus,noé,1,1,2631,,,PROPN
total,corpus,null,1,1,2631,,,PROPN
total,corpus,numeroso,1,1,2631,,,ADJ
total,corpus,nutrición,1,1,2631,,,NOUN
total,corpus,néctar,1,1,2631,,,NOUN
total,corpus,nómado,1,1,2631,,,ADJ
total,corpus,oak,1,1,2631,,,PROPN
total,corpus,obesidad,1,1,2631,,,NOUN
total,corpus,obeso,1,1,2631,,,ADJ
total,corpus,obispo,1,1,2631,,,NOUN
total,corpus,objeción,1,1,2631,,,NOUN
total,corpus,obligación,1,1,2631,,,NOUN
total,corpus,ocasión,1,1,2631,,,NOUN
total,corpus,occidente,1,1,2631,,,PROPN
total,corpus,ocean,1,1,2631,,,PROPN
total,corpus,ocs,1,1,2631,,,PROPN
total,corpus,octubre,1,1,2631,,,NOUN
total,corpus,ocupado,1,1,2631,,,ADJ
total,corpus,odia,1,1,2631,,,PROPN
total,corpus,odiado,1,1,2631,,,ADJ
total,corpus,odiador,1,1,2631,,,NOUN
total,corpus,odioso,1,1,2631,,,ADJ
total,corpus,odiseo,1,1,2631,,,PROPN
total,corpus,oeste,1,1,2631,,,ADJ
total,corpus,offside,1,1,2631,,,ADJ
total,corpus,ogden,1,1,2631,,,PROPN
total,corpus,ohh,1,1,2631,,,PROPN
total,corpus,ohhhhh,1,1,2631,,,PROPN
total,corpus,oimachi,1,1,2631,,,PROPN
total,corpus,ojalá,1,1,2631,,,ADJ
total,corpus,old,1,1,2631,,,PROPN
total,corpus,ollise,1,1,2631,,,PROPN
total,corpus,olvídate,1,1,2631,,,PROPN
total,corpus,olímpicos,1,1,2631,,,PROPN
total,corpus,omg,1,1,2631,,,PROPN
total,corpus,omggg,1,1,2631,,,PROPN
total,corpus,omiさん,1,1,2631,,,PROPN
total,corpus,onion,1,1,2631,,,PROPN
total,corpus,online,1,1,2631,,,ADJ
total,corpus,onlyfans,1,1,2631,,,PROPN
total,corpus,onドリンクチケットを,1,1,2631,,,ADJ
total,corpus,opcional,1,1,2631,,,ADJ
total,corpus,operativo,1,1,2631,,,ADJ
total,corpus,oportunista,1,1,2631,,,ADJ
total,corpus,oprah,1,1,2631,,,PROPN
total,corpus,opresión,1,1,2631,,,NOUN
total,corpus,optimista,1,1,2631,,,ADJ
total,corpus,orador,1,1,2631,,,NOUN
total,corpus,orange,1,1,2631,,,PROPN
total,corpus,ordenado,1,1,2631,,,ADJ
total,corpus,ordo,1,1,2631,,,NOUN
total,corpus,organizado,1,1,2631,,,ADJ
total,corpus,orientado,1,1,2631,,,ADJ
total,corpus,oriental,1,1,2631,,,PROPN
total,corpus,origen,1,1,2631,,,NOUN
total,corpus,orlando,1,1,2631,,,PROPN
total,corpus,orleans,1,1,2631,,,PROPN
total,corpus,ortodoxa,1,1,2631,,,PROPN
total,corpus,ortografía,1,1,2631,,,NOUN
total,corpus,orwelliano,1,1,2631,,,ADJ
total,corpus,orwellián,1,1,2631,,,ADJ
total,corpus,oráculo,1,1,2631,,,NOUN
total,corpus,osama,1,1,2631,,,PROPN
total,corpus,oscs,1,1,2631,,,PROPN
total,corpus,oscuridad,1,1,2631,,,NOUN
total,corpus,oulanem,1,1,2631,,,PROPN
total,corpus,our,1,1,2631,,,PROPN
total,corpus,oura,1,1,2631,,,PROPN
total,corpus,overton,1,1,2631,,,PROPN
total,corpus,oye,1,1,2631,,,PROPN
total,corpus,oyster,1,1,2631,,,PROPN
total,corpus,padrino,1,1,2631,,,NOUN
total,corpus,pagado,1,1,2631,,,ADJ
total,corpus,pagano,1,1,2631,,,NOUN
total,corpus,pahrump,1,1,2631,,,PROPN
total,corpus,paisaje,1,1,2631,,,NOUN
total,corpus,paja,1,1,2631,,,NOUN
total,corpus,pala,1,1,2631,,,NOUN
total,corpus,palabrota,1,1,2631,,,NOUN
total,corpus,palacio,1,1,2631,,,PROPN
total,corpus,paleo,1,1,2631,,,NOUN
total,corpus,palillo,1,1,2631,,,NOUN
total,corpus,paliza,1,1,2631,,,NOUN
total,corpus,palmera,1,1,2631,,,NOUN
total,corpus,palo,1,1,2631,,,NOUN
total,corpus,pandemia,1,1,2631,,,NOUN
total,corpus,panel,1,1,2631,,,NOUN
total,corpus,panini,1,1,2631,,,PROPN
total,corpus,paninis,1,1,2631,,,PROPN
total,corpus,papaya,1,1,2631,,,PROPN
total,corpus,papi,1,1,2631,,,NOUN
total,corpus,papista,1,1,2631,,,ADJ
total,corpus,paraguas,1,1,2631,,,NOUN
total,corpus,parche,1,1,2631,,,NOUN
total,corpus,parcial,1,1,2631,,,ADJ
total,corpus,pare,1,1,2631,,,NOUN
total,corpus,parecer,1,1,2631,,,NOUN
total,corpus,parmesano,1,1,2631,,,NOUN
total,corpus,parodia,1,1,2631,,,NOUN
total,corpus,parpadeó,1,1,2631,,,NOUN
total,corpus,parque,1,1,2631,,,NOUN
total,corpus,participación,1,1,2631,,,NOUN
total,corpus,participant,1,1,2631,,,ADJ
total,corpus,participation,1,1,2631,,,PROPN
total,corpus,partida,1,1,2631,,,NOUN
total,corpus,partridge,1,1,2631,,,PROPN
total,corpus,parábola,1,1,2631,,,NOUN
total,corpus,pasaje,1,1,2631,,,NOUN
total,corpus,pasajero,1,1,2631,,,NOUN
total,corpus,pasarela,1,1,2631,,,NOUN
total,corpus,paseos,1,1,2631,,,PROPN
total,corpus,pasillo,1,1,2631,,,NOUN
total,corpus,pasmo,1,1,2631,,,PROPN
total,corpus,pastora,1,1,2631,,,NOUN
total,corpus,pastoral,1,1,2631,,,ADJ
total,corpus,pastrami,1,1,2631,,,PROPN
total,corpus,pata,1,1,2631,,,NOUN
total,corpus,patel,1,1,2631,,,PROPN
total,corpus,paternidad,1,1,2631,,,NOUN
total,corpus,pateé,1,1,2631,,,PROPN
total,corpus,patience,1,1,2631,,,PROPN
total,corpus,patillas,1,1,2631,,,PROPN
total,corpus,patinet,1,1,2631,,,NOUN
total,corpus,patreon,1,1,2631,,,NOUN
total,corpus,patriarca,1,1,2631,,,PROPN
total,corpus,patriot,1,1,2631,,,PROPN
total,corpus,patriota,1,1,2631,,,PROPN
total,corpus,patriótico,1,1,2631,,,ADJ
total,corpus,patrocinio,1,1,2631,,,NOUN
total,corpus,pausa,1,1,2631,,,NOUN
total,corpus,pavlovián,1,1,2631,,,ADJ
total,corpus,payasa,1,1,2631,,,ADJ
total,corpus,paypal,1,1,2631,,,PROPN
total,corpus,paz,1,1,2631,,,NOUN
total,corpus,pañal,1,1,2631,,,NOUN
total,corpus,pca,1,1,2631,,,PROPN
total,corpus,pecado,1,1,2631,,,NOUN
total,corpus,pecaminosamente,1,1,2631,,,NOUN
total,corpus,pecho,1,1,2631,,,NOUN
total,corpus,pechugona,1,1,2631,,,NOUN
total,corpus,pederasta,1,1,2631,,,NOUN
total,corpus,pegajoso,1,1,2631,,,ADJ
total,corpus,peinado,1,1,2631,,,NOUN
total,corpus,pelado,1,1,2631,,,ADJ
total,corpus,pelea,1,1,2631,,,NOUN
total,corpus,pelele,1,1,2631,,,NOUN
total,corpus,peluche,1,1,2631,,,NOUN
total,corpus,peluquería,1,1,2631,,,NOUN
total,corpus,pendejo,1,1,2631,,,PROPN
total,corpus,pene,1,1,2631,,,NOUN
total,corpus,penetración,1,1,2631,,,NOUN
total,corpus,peor,1,1,2631,,,ADJ
total,corpus,pepinillo,1,1,2631,,,NOUN
total,corpus,pepinillos,1,1,2631,,,PROPN
total,corpus,pepino,1,1,2631,,,NOUN
total,corpus,perdedora,1,1,2631,,,PROPN
total,corpus,perdición,1,1,2631,,,NOUN
total,corpus,perdí,1,1,2631,,,PROPN
total,corpus,perezoso,1,1,2631,,,ADJ
total,corpus,periódico,1,1,2631,,,NOUN
total,corpus,perkins,1,1,2631,,,PROPN
total,corpus,perpendicular,1,1,2631,,,ADJ
total,corpus,persecución,1,1,2631,,,NOUN
total,corpus,personalizado,1,1,2631,,,ADJ
total,corpus,pertenencia,1,1,2631,,,NOUN
total,corpus,perverts,1,1,2631,,,PROPN
total,corpus,pesca,1,1,2631,,,NOUN
total,corpus,pescada,1,1,2631,,,ADJ
total,corpus,pestaña,1,1,2631,,,NOUN
total,corpus,petición,1,1,2631,,,NOUN
total,corpus,pez,1,1,2631,,,NOUN
total,corpus,phat,1,1,2631,,,PROPN
total,corpus,phil,1,1,2631,,,PROPN
total,corpus,philly,1,1,2631,,,PROPN
total,corpus,phoenix,1,1,2631,,,PROPN
total,corpus,physical,1,1,2631,,,ADJ
total,corpus,picada,1,1,2631,,,ADJ
total,corpus,picadas,1,1,2631,,,PROPN
total,corpus,picazón,1,1,2631,,,NOUN
total,corpus,pickleball,1,1,2631,,,PROPN
total,corpus,pico,1,1,2631,,,NOUN
total,corpus,pieles,1,1,2631,,,PROPN
total,corpus,pigeon,1,1,2631,,,PROPN
total,corpus,pijama,1,1,2631,,,NOUN
total,corpus,pijamada,1,1,2631,,,NOUN
total,corpus,pimiento,1,1,2631,,,NOUN
total,corpus,pimientos,1,1,2631,,,PROPN
total,corpus,pin,1,1,2631,,,NOUN
total,corpus,pinta,1,1,2631,,,NOUN
total,corpus,pintoresco,1,1,2631,,,ADJ
total,corpus,pique,1,1,2631,,,PROPN
total,corpus,pirámid,1,1,2631,,,NOUN
total,corpus,piscinazo,1,1,2631,,,NOUN
total,corpus,pistola,1,1,2631,,,NOUN
total,corpus,pitaya,1,1,2631,,,PROPN
total,corpus,pitch,1,1,2631,,,PROPN
total,corpus,pitmaster,1,1,2631,,,PROPN
total,corpus,pitt,1,1,2631,,,PROPN
total,corpus,piña,1,1,2631,,,NOUN
total,corpus,placa,1,1,2631,,,NOUN
total,corpus,placer,1,1,2631,,,NOUN
total,corpus,places,1,1,2631,,,PROPN
total,corpus,planta,1,1,2631,,,NOUN
total,corpus,platónico,1,1,2631,,,ADJ
total,corpus,players,1,1,2631,,,PROPN
total,corpus,playoffs,1,1,2631,,,PROPN
total,corpus,playstation,1,1,2631,,,PROPN
total,corpus,plazo,1,1,2631,,,NOUN
total,corpus,plebeyo,1,1,2631,,,NOUN
total,corpus,plump,1,1,2631,,,PROPN
total,corpus,plus,1,1,2631,,,NOUN
total,corpus,plástico,1,1,2631,,,NOUN
total,corpus,podredumbre,1,1,2631,,,NOUN
total,corpus,poesías,1,1,2631,,,PROPN
total,corpus,polla,1,1,2631,,,NOUN
total,corpus,polvo,1,1,2631,,,NOUN
total,corpus,político,1,1,2631,,,ADJ
total,corpus,poncho,1,1,2631,,,PROPN
total,corpus,ponle,1,1,2631,,,PROPN
total,corpus,pony,1,1,2631,,,PROPN
total,corpus,pop,1,1,2631,,,ADJ
total,corpus,pope,1,1,2631,,,PROPN
total,corpus,porra,1,1,2631,,,NOUN
total,corpus,poscristiana,1,1,2631,,,ADJ
total,corpus,posesión,1,1,2631,,,NOUN
total,corpus,posicionamiento,1,1,2631,,,NOUN
total,corpus,pospuse,1,1,2631,,,NOUN
total,corpus,poste,1,1,2631,,,NOUN
total,corpus,postergado,1,1,2631,,,ADJ
total,corpus,potato,1,1,2631,,,PROPN
total,corpus,potatosalad,1,1,2631,,,PROPN
total,corpus,power,1,1,2631,,,PROPN
total,corpus,pozolero,1,1,2631,,,PROPN
total,corpus,practicante,1,1,2631,,,ADJ
total,corpus,prada,1,1,2631,,,PROPN
total,corpus,precepto,1,1,2631,,,NOUN
total,corpus,preconstrucción,1,1,2631,,,NOUN
total,corpus,precuela,1,1,2631,,,NOUN
total,corpus,precursor,1,1,2631,,,NOUN
total,corpus,predator,1,1,2631,,,PROPN
total,corpus,predeterminado,1,1,2631,,,ADJ
total,corpus,predicador,1,1,2631,,,NOUN
total,corpus,predominante,1,1,2631,,,ADJ
total,corpus,preferencial,1,1,2631,,,ADJ
total,corpus,premisa,1,1,2631,,,NOUN
total,corpus,prenton,1,1,2631,,,PROPN
total,corpus,prep,1,1,2631,,,PROPN
total,corpus,preparación,1,1,2631,,,NOUN
total,corpus,preroll,1,1,2631,,,NOUN
total,corpus,prerolls,1,1,2631,,,PROPN
total,corpus,presbiteriana,1,1,2631,,,PROPN
total,corpus,presbiterio,1,1,2631,,,PROPN
total,corpus,presencia,1,1,2631,,,NOUN
total,corpus,presidencial,1,1,2631,,,ADJ
total,corpus,presupuestario,1,1,2631,,,ADJ
total,corpus,previo,1,1,2631,,,ADJ
total,corpus,prima,1,1,2631,,,NOUN
total,corpus,primaria,1,1,2631,,,PROPN
total,corpus,prime,1,1,2631,,,PROPN
total,corpus,primero,1,1,2631,,,ADJ
total,corpus,prince,1,1,2631,,,PROPN
total,corpus,prisión,1,1,2631,,,NOUN
total,corpus,pro,1,1,2631,,,PROPN
total,corpus,probabilidad,1,1,2631,,,NOUN
total,corpus,probablemente,1,1,2631,,,PROPN
total,corpus,probably,1,1,2631,,,PROPN
total,corpus,profeta,1,1,2631,,,NOUN
total,corpus,programar,1,1,2631,,,PROPN
total,corpus,prohibido,1,1,2631,,,ADJ
total,corpus,promesa,1,1,2631,,,NOUN
total,corpus,prometido,1,1,2631,,,ADJ
total,corpus,promocional,1,1,2631,,,ADJ
total,corpus,propa,1,1,2631,,,PROPN
total,corpus,propagandista,1,1,2631,,,NOUN
total,corpus,proposicional,1,1,2631,,,ADJ
total,corpus,prostitución,1,1,2631,,,NOUN
total,corpus,protección,1,1,2631,,,NOUN
total,corpus,protein,1,1,2631,,,PROPN
total,corpus,protesta,1,1,2631,,,NOUN
total,corpus,protestante,1,1,2631,,,ADJ
total,corpus,protoabolicionista,1,1,2631,,,ADJ
total,corpus,provocador,1,1,2631,,,ADJ
total,corpus,provolone,1,1,2631,,,PROPN
total,corpus,proyector,1,1,2631,,,NOUN
total,corpus,práctica,1,1,2631,,,NOUN
total,corpus,príncipes,1,1,2631,,,PROPN
total,corpus,psicología,1,1,2631,,,NOUN
total,corpus,psicológico,1,1,2631,,,ADJ
total,corpus,psicópata,1,1,2631,,,ADJ
total,corpus,psyop,1,1,2631,,,ADJ
total,corpus,pto,1,1,2631,,,PROPN
total,corpus,publirreportaje,1,1,2631,,,NOUN
total,corpus,puedes,1,1,2631,,,PROPN
total,corpus,puestos,1,1,2631,,,PROPN
total,corpus,puff,1,1,2631,,,PROPN
total,corpus,pulgadas,1,1,2631,,,NOUN
total,corpus,puma,1,1,2631,,,PROPN
total,corpus,puntapié,1,1,2631,,,NOUN
total,corpus,puntuación,1,1,2631,,,NOUN
total,corpus,purgatorio,1,1,2631,,,PROPN
total,corpus,puritano,1,1,2631,,,NOUN
total,corpus,puñetazo,1,1,2631,,,NOUN
total,corpus,puño,1,1,2631,,,NOUN
total,corpus,pwc,1,1,2631,,,PROPN
total,corpus,pymes,1,1,2631,,,PROPN
total,corpus,pyro,1,1,2631,,,PROPN
total,corpus,pánico,1,1,2631,,,NOUN
total,corpus,párrafo,1,1,2631,,,NOUN
total,corpus,pásate,1,1,2631,,,NOUN
total,corpus,públicas,1,1,2631,,,NOUN
total,corpus,púlpito,1,1,2631,,,NOUN
total,corpus,quansah,1,1,2631,,,PROPN
total,corpus,queenneverfalls,1,1,2631,,,ADJ
total,corpus,ques,1,1,2631,,,PROPN
total,corpus,quickeats,1,1,2631,,,PROPN
total,corpus,quienquiera,1,1,2631,,,NOUN
total,corpus,quieres,1,1,2631,,,PROPN
total,corpus,quiet,1,1,2631,,,PROPN
total,corpus,quieto,1,1,2631,,,ADJ
total,corpus,quédate,1,1,2631,,,PROPN
total,corpus,rabia,1,1,2631,,,NOUN
total,corpus,rabo,1,1,2631,,,NOUN
total,corpus,racionalismo,1,1,2631,,,NOUN
total,corpus,radar,1,1,2631,,,NOUN
total,corpus,radiación,1,1,2631,,,NOUN
total,corpus,radiante,1,1,2631,,,ADJ
total,corpus,radio,1,1,2631,,,PROPN
total,corpus,rafa,1,1,2631,,,PROPN
total,corpus,rage,1,1,2631,,,PROPN
total,corpus,raiders,1,1,2631,,,PROPN
total,corpus,rakai,1,1,2631,,,PROPN
total,corpus,rakuten,1,1,2631,,,PROPN
total,corpus,ramen,1,1,2631,,,NOUN
total,corpus,rana,1,1,2631,,,NOUN
total,corpus,ranchers,1,1,2631,,,NOUN
total,corpus,rango,1,1,2631,,,NOUN
total,corpus,ranking,1,1,2631,,,NOUN
total,corpus,rapsody,1,1,2631,,,NOUN
total,corpus,rash,1,1,2631,,,NOUN
total,corpus,rashford,1,1,2631,,,PROPN
total,corpus,rastro,1,1,2631,,,NOUN
total,corpus,ratificación,1,1,2631,,,NOUN
total,corpus,ratio,1,1,2631,,,NOUN
total,corpus,ray,1,1,2631,,,PROPN
total,corpus,raza,1,1,2631,,,NOUN
total,corpus,reabastecido,1,1,2631,,,ADJ
total,corpus,reasentamiento,1,1,2631,,,NOUN
total,corpus,rebels,1,1,2631,,,PROPN
total,corpus,rebote,1,1,2631,,,NOUN
total,corpus,recado,1,1,2631,,,NOUN
total,corpus,recargo,1,1,2631,,,NOUN
total,corpus,recinto,1,1,2631,,,NOUN
total,corpus,recip,1,1,2631,,,NOUN
total,corpus,recipientes,1,1,2631,,,PROPN
total,corpus,reclamación,1,1,2631,,,NOUN
total,corpus,reclutamiento,1,1,2631,,,NOUN
total,corpus,recolección,1,1,2631,,,NOUN
total,corpus,reconvene,1,1,2631,,,PROPN
total,corpus,recuperación,1,1,2631,,,NOUN
total,corpus,recurrencia,1,1,2631,,,NOUN
total,corpus,recurrente,1,1,2631,,,ADJ
total,corpus,reds,1,1,2631,,,PROPN
total,corpus,reece,1,1,2631,,,PROPN
total,corpus,reembarque,1,1,2631,,,PROPN
total,corpus,reemplazo,1,1,2631,,,NOUN
total,corpus,reformado,1,1,2631,,,ADJ
total,corpus,reformadores,1,1,2631,,,PROPN
total,corpus,refugio,1,1,2631,,,NOUN
total,corpus,refunfuñan,1,1,2631,,,NOUN
total,corpus,regalía,1,1,2631,,,NOUN
total,corpus,regateando,1,1,2631,,,ADJ
total,corpus,regimiento,1,1,2631,,,NOUN
total,corpus,regionally,1,1,2631,,,PROPN
total,corpus,registrado,1,1,2631,,,ADJ
total,corpus,región,1,1,2631,,,NOUN
total,corpus,regulación,1,1,2631,,,NOUN
total,corpus,regular,1,1,2631,,,ADJ
total,corpus,regístrate,1,1,2631,,,PROPN
total,corpus,reid,1,1,2631,,,PROPN
total,corpus,reiwa,1,1,2631,,,PROPN
total,corpus,relegado,1,1,2631,,,ADJ
total,corpus,rellena,1,1,2631,,,NOUN
total,corpus,relleno,1,1,2631,,,NOUN
total,corpus,relámpago,1,1,2631,,,NOUN
total,corpus,remate,1,1,2631,,,NOUN
total,corpus,reminders,1,1,2631,,,PROPN
total,corpus,reojo,1,1,2631,,,NOUN
total,corpus,reparación,1,1,2631,,,NOUN
total,corpus,repetibl,1,1,2631,,,ADJ
total,corpus,report,1,1,2631,,,PROPN
total,corpus,representación,1,1,2631,,,NOUN
total,corpus,representante,1,1,2631,,,NOUN
total,corpus,reprimenda,1,1,2631,,,NOUN
total,corpus,republicano,1,1,2631,,,PROPN
total,corpus,repugnant,1,1,2631,,,ADJ
total,corpus,repunte,1,1,2631,,,NOUN
total,corpus,resaca,1,1,2631,,,NOUN
total,corpus,rescate,1,1,2631,,,NOUN
total,corpus,resfriado,1,1,2631,,,NOUN
total,corpus,residencia,1,1,2631,,,NOUN
total,corpus,resistance,1,1,2631,,,PROPN
total,corpus,resistencia,1,1,2631,,,NOUN
total,corpus,resistente,1,1,2631,,,ADJ
total,corpus,resource,1,1,2631,,,PROPN
total,corpus,respaldo,1,1,2631,,,NOUN
total,corpus,respetabl,1,1,2631,,,ADJ
total,corpus,restricción,1,1,2631,,,NOUN
total,corpus,retard,1,1,2631,,,NOUN
total,corpus,retarded,1,1,2631,,,NOUN
total,corpus,retirado,1,1,2631,,,ADJ
total,corpus,reto,1,1,2631,,,NOUN
total,corpus,retrasado,1,1,2631,,,ADJ
total,corpus,retroalimentación,1,1,2631,,,NOUN
total,corpus,retórica,1,1,2631,,,PROPN
total,corpus,reuters,1,1,2631,,,PROPN
total,corpus,reveladoro,1,1,2631,,,ADJ
total,corpus,reventa,1,1,2631,,,NOUN
total,corpus,reverend,1,1,2631,,,PROPN
total,corpus,reversión,1,1,2631,,,NOUN
total,corpus,revestimiento,1,1,2631,,,NOUN
total,corpus,revisara,1,1,2631,,,ADJ
total,corpus,revisionismo,1,1,2631,,,NOUN
total,corpus,revisionista,1,1,2631,,,ADJ
total,corpus,revolut,1,1,2631,,,PROPN
total,corpus,revés,1,1,2631,,,NOUN
total,corpus,rezonificación,1,1,2631,,,NOUN
total,corpus,rich,1,1,2631,,,PROPN
total,corpus,riders,1,1,2631,,,PROPN
total,corpus,right,1,1,2631,,,PROPN
total,corpus,riguroso,1,1,2631,,,ADJ
total,corpus,rincón,1,1,2631,,,NOUN
total,corpus,rippin,1,1,2631,,,PROPN
total,corpus,rise,1,1,2631,,,PROPN
total,corpus,riu,1,1,2631,,,PROPN
total,corpus,rival,1,1,2631,,,ADJ
total,corpus,rizo,1,1,2631,,,NOUN
total,corpus,rnrmommy,1,1,2631,,,PROPN
total,corpus,rob,1,1,2631,,,PROPN
total,corpus,rol,1,1,2631,,,NOUN
total,corpus,roma,1,1,2631,,,PROPN
total,corpus,ron,1,1,2631,,,PROPN
total,corpus,ronaldinho,1,1,2631,,,PROPN
total,corpus,ronaldo,1,1,2631,,,PROPN
total,corpus,rooney,1,1,2631,,,PROPN
total,corpus,roots,1,1,2631,,,PROPN
total,corpus,rostov,1,1,2631,,,PROPN
total,corpus,rotacional,1,1,2631,,,ADJ
total,corpus,rotatorio,1,1,2631,,,ADJ
total,corpus,rotini,1,1,2631,,,NOUN
total,corpus,rovaniemi,1,1,2631,,,PROPN
total,corpus,rovell,1,1,2631,,,PROPN
total,corpus,roy,1,1,2631,,,PROPN
total,corpus,royal,1,1,2631,,,PROPN
total,corpus,rubias,1,1,2631,,,PROPN
total,corpus,rudy,1,1,2631,,,PROPN
total,corpus,rugby,1,1,2631,,,PROPN
total,corpus,ruinas,1,1,2631,,,PROPN
total,corpus,rumors,1,1,2631,,,NOUN
total,corpus,rushdoony,1,1,2631,,,PROPN
total,corpus,russell,1,1,2631,,,PROPN
total,corpus,ruta,1,1,2631,,,NOUN
total,corpus,rww,1,1,2631,,,PROPN
total,corpus,ryan,1,1,2631,,,PROPN
total,corpus,ryokan,1,1,2631,,,PROPN
total,corpus,ryoma,1,1,2631,,,PROPN
total,corpus,ryukakusan,1,1,2631,,,PROPN
total,corpus,ryukei,1,1,2631,,,PROPN
total,corpus,régimen,1,1,2631,,,PROPN
total,corpus,río,1,1,2631,,,NOUN
total,corpus,sabbat,1,1,2631,,,PROPN
total,corpus,sabio,1,1,2631,,,ADJ
total,corpus,sacudida,1,1,2631,,,NOUN
total,corpus,sadiq,1,1,2631,,,PROPN
total,corpus,said,1,1,2631,,,PROPN
total,corpus,saitama,1,1,2631,,,PROPN
total,corpus,saka,1,1,2631,,,PROPN
total,corpus,sake,1,1,2631,,,PROPN
total,corpus,sal,1,1,2631,,,NOUN
total,corpus,salads,1,1,2631,,,PROPN
total,corpus,saldo,1,1,2631,,,NOUN
total,corpus,salford,1,1,2631,,,PROPN
total,corpus,salgo,1,1,2631,,,NOUN
total,corpus,salteado,1,1,2631,,,ADJ
total,corpus,saludos,1,1,2631,,,PROPN
total,corpus,salva,1,1,2631,,,PROPN
total,corpus,sammies,1,1,2631,,,PROPN
total,corpus,sammy,1,1,2631,,,PROPN
total,corpus,samuel,1,1,2631,,,PROPN
total,corpus,samurai,1,1,2631,,,PROPN
total,corpus,samuraiblue,1,1,2631,,,PROPN
total,corpus,samurái,1,1,2631,,,PROPN
total,corpus,saneticen,1,1,2631,,,NOUN
total,corpus,santificado,1,1,2631,,,ADJ
total,corpus,santo,1,1,2631,,,ADJ
total,corpus,sapo,1,1,2631,,,PROPN
total,corpus,sapporo,1,1,2631,,,PROPN
total,corpus,saque,1,1,2631,,,NOUN
total,corpus,sarcástico,1,1,2631,,,ADJ
total,corpus,satanic,1,1,2631,,,PROPN
total,corpus,satisfacción,1,1,2631,,,NOUN
total,corpus,satisfactorio,1,1,2631,,,ADJ
total,corpus,satisfecho,1,1,2631,,,ADJ
total,corpus,saturado,1,1,2631,,,ADJ
total,corpus,satán,1,1,2631,,,PROPN
total,corpus,sauce,1,1,2631,,,PROPN
total,corpus,sazonada,1,1,2631,,,ADJ
total,corpus,sbc,1,1,2631,,,PROPN
total,corpus,scott,1,1,2631,,,PROPN
total,corpus,seaman,1,1,2631,,,PROPN
total,corpus,sec,1,1,2631,,,PROPN
total,corpus,sección,1,1,2631,,,NOUN
total,corpus,secular,1,1,2631,,,ADJ
total,corpus,secundaria,1,1,2631,,,NOUN
total,corpus,sede,1,1,2631,,,NOUN
total,corpus,sediento,1,1,2631,,,ADJ
total,corpus,sedán,1,1,2631,,,NOUN
total,corpus,see,1,1,2631,,,PROPN
total,corpus,seeker,1,1,2631,,,NOUN
total,corpus,segregación,1,1,2631,,,NOUN
total,corpus,seguimiento,1,1,2631,,,NOUN
total,corpus,selectivo,1,1,2631,,,ADJ
total,corpus,sell,1,1,2631,,,PROPN
total,corpus,sellado,1,1,2631,,,ADJ
total,corpus,selva,1,1,2631,,,NOUN
total,corpus,sencillo,1,1,2631,,,ADJ
total,corpus,sendai,1,1,2631,,,PROPN
total,corpus,sendero,1,1,2631,,,NOUN
total,corpus,sensibilidad,1,1,2631,,,NOUN
total,corpus,sensible,1,1,2631,,,ADJ
total,corpus,sensor,1,1,2631,,,NOUN
total,corpus,separado,1,1,2631,,,ADJ
total,corpus,serpiente,1,1,2631,,,NOUN
total,corpus,seven,1,1,2631,,,PROPN
total,corpus,severo,1,1,2631,,,ADJ
total,corpus,sexual,1,1,2631,,,ADJ
total,corpus,sexys,1,1,2631,,,PROPN
total,corpus,sey,1,1,2631,,,PROPN
total,corpus,señalización,1,1,2631,,,NOUN
total,corpus,señoras,1,1,2631,,,PROPN
total,corpus,shakkari,1,1,2631,,,PROPN
total,corpus,shanghai,1,1,2631,,,PROPN
total,corpus,she,1,1,2631,,,PROPN
total,corpus,sheffield,1,1,2631,,,PROPN
total,corpus,shelly,1,1,2631,,,PROPN
total,corpus,sherman,1,1,2631,,,PROPN
total,corpus,shindo,1,1,2631,,,PROPN
total,corpus,shirasu,1,1,2631,,,PROPN
total,corpus,shmeat,1,1,2631,,,NOUN
total,corpus,shock,1,1,2631,,,NOUN
total,corpus,shonandai,1,1,2631,,,PROPN
total,corpus,shrewsbury,1,1,2631,,,PROPN
total,corpus,shuckers,1,1,2631,,,PROPN
total,corpus,shull,1,1,2631,,,PROPN
total,corpus,shutcho,1,1,2631,,,PROPN
total,corpus,sidedish,1,1,2631,,,PROPN
total,corpus,sienna,1,1,2631,,,PROPN
total,corpus,sigan,1,1,2631,,,PROPN
total,corpus,significado,1,1,2631,,,NOUN
total,corpus,significativo,1,1,2631,,,ADJ
total,corpus,sikh,1,1,2631,,,PROPN
total,corpus,silicon,1,1,2631,,,PROPN
total,corpus,silla,1,1,2631,,,PROPN
total,corpus,silueta,1,1,2631,,,NOUN
total,corpus,silver,1,1,2631,,,PROPN
total,corpus,simeón,1,1,2631,,,PROPN
total,corpus,similitud,1,1,2631,,,NOUN
total,corpus,simio,1,1,2631,,,NOUN
total,corpus,simpático,1,1,2631,,,ADJ
total,corpus,since,1,1,2631,,,PROPN
total,corpus,sincronización,1,1,2631,,,NOUN
total,corpus,sindicato,1,1,2631,,,NOUN
total,corpus,singapur,1,1,2631,,,PROPN
total,corpus,singularidad,1,1,2631,,,NOUN
total,corpus,sintaxis,1,1,2631,,,NOUN
total,corpus,sionista,1,1,2631,,,PROPN
total,corpus,siquem,1,1,2631,,,PROPN
total,corpus,sir,1,1,2631,,,PROPN
total,corpus,sirena,1,1,2631,,,NOUN
total,corpus,site,1,1,2631,,,PROPN
total,corpus,siéntete,1,1,2631,,,NOUN
total,corpus,sketch,1,1,2631,,,NOUN
total,corpus,skimask,1,1,2631,,,PROPN
total,corpus,skylar,1,1,2631,,,PROPN
total,corpus,skyline,1,1,2631,,,PROPN
total,corpus,slater,1,1,2631,,,PROPN
total,corpus,slice,1,1,2631,,,PROPN
total,corpus,slop,1,1,2631,,,ADJ
total,corpus,sloppy,1,1,2631,,,PROPN
total,corpus,slwwoiperover,1,1,2631,,,NOUN
total,corpus,small,1,1,2631,,,PROPN
total,corpus,smashed,1,1,2631,,,PROPN
total,corpus,smbtwit,1,1,2631,,,PROPN
total,corpus,smithsonian,1,1,2631,,,PROPN
total,corpus,smoothie,1,1,2631,,,NOUN
total,corpus,snap,1,1,2631,,,ADJ
total,corpus,snorkel,1,1,2631,,,NOUN
total,corpus,snowboard,1,1,2631,,,NOUN
total,corpus,soberanía,1,1,2631,,,NOUN
total,corpus,sobrecarga,1,1,2631,,,NOUN
total,corpus,sobrecosto,1,1,2631,,,NOUN
total,corpus,sobrevaloración,1,1,2631,,,NOUN
total,corpus,sobrino,1,1,2631,,,NOUN
total,corpus,socialismo,1,1,2631,,,NOUN
total,corpus,socialista,1,1,2631,,,NOUN
total,corpus,sodomita,1,1,2631,,,NOUN
total,corpus,software,1,1,2631,,,NOUN
total,corpus,solapa,1,1,2631,,,NOUN
total,corpus,soldado,1,1,2631,,,NOUN
total,corpus,solicitante,1,1,2631,,,NOUN
total,corpus,solicitud,1,1,2631,,,NOUN
total,corpus,soltera,1,1,2631,,,NOUN
total,corpus,solución,1,1,2631,,,NOUN
total,corpus,somen,1,1,2631,,,PROPN
total,corpus,someone,1,1,2631,,,PROPN
total,corpus,somnoliento,1,1,2631,,,NOUN
total,corpus,sona,1,1,2631,,,NOUN
total,corpus,sonido,1,1,2631,,,NOUN
total,corpus,sonna,1,1,2631,,,NOUN
total,corpus,sonoro,1,1,2631,,,ADJ
total,corpus,sorajiro,1,1,2631,,,PROPN
total,corpus,sorprendido,1,1,2631,,,ADJ
total,corpus,sostenido,1,1,2631,,,ADJ
total,corpus,soteriología,1,1,2631,,,NOUN
total,corpus,sound,1,1,2631,,,PROPN
total,corpus,southgate,1,1,2631,,,PROPN
total,corpus,soviética,1,1,2631,,,PROPN
total,corpus,soñemos,1,1,2631,,,PROPN
total,corpus,spaaut,1,1,2631,,,PROPN
total,corpus,space,1,1,2631,,,PROPN
total,corpus,spam,1,1,2631,,,PROPN
total,corpus,spanish,1,1,2631,,,PROPN
total,corpus,spence,1,1,2631,,,PROPN
total,corpus,spencer,1,1,2631,,,PROPN
total,corpus,spicy,1,1,2631,,,PROPN
total,corpus,splc,1,1,2631,,,PROPN
total,corpus,sports,1,1,2631,,,PROPN
total,corpus,sprague,1,1,2631,,,PROPN
total,corpus,sprayne,1,1,2631,,,PROPN
total,corpus,springs,1,1,2631,,,PROPN
total,corpus,sproul,1,1,2631,,,PROPN
total,corpus,spurs,1,1,2631,,,PROPN
total,corpus,stage,1,1,2631,,,NOUN
total,corpus,stand,1,1,2631,,,NOUN
total,corpus,startup,1,1,2631,,,NOUN
total,corpus,steffany,1,1,2631,,,PROPN
total,corpus,stella,1,1,2631,,,PROPN
total,corpus,still,1,1,2631,,,PROPN
total,corpus,stock,1,1,2631,,,NOUN
total,corpus,stockport,1,1,2631,,,PROPN
total,corpus,stocks,1,1,2631,,,PROPN
total,corpus,stone,1,1,2631,,,PROPN
total,corpus,stones,1,1,2631,,,PROPN
total,corpus,stop,1,1,2631,,,PROPN
total,corpus,stranger,1,1,2631,,,PROPN
total,corpus,strava,1,1,2631,,,PROPN
total,corpus,strawberry,1,1,2631,,,PROPN
total,corpus,streamers,1,1,2631,,,NOUN
total,corpus,streetcorn,1,1,2631,,,PROPN
total,corpus,stripes,1,1,2631,,,PROPN
total,corpus,striptease,1,1,2631,,,NOUN
total,corpus,striver,1,1,2631,,,PROPN
total,corpus,stroll,1,1,2631,,,PROPN
total,corpus,stryker,1,1,2631,,,PROPN
total,corpus,studio,1,1,2631,,,PROPN
total,corpus,stumpguy,1,1,2631,,,PROPN
total,corpus,stupid,1,1,2631,,,PROPN
total,corpus,subcampeón,1,1,2631,,,NOUN
total,corpus,subdivisión,1,1,2631,,,NOUN
total,corpus,subiría,1,1,2631,,,ADJ
total,corpus,submarinos,1,1,2631,,,PROPN
total,corpus,subreddit,1,1,2631,,,NOUN
total,corpus,subs,1,1,2631,,,PROPN
total,corpus,subterráneo,1,1,2631,,,ADJ
total,corpus,subtítulo,1,1,2631,,,NOUN
total,corpus,suburbio,1,1,2631,,,NOUN
total,corpus,subvención,1,1,2631,,,NOUN
total,corpus,subyacente,1,1,2631,,,ADJ
total,corpus,subámonos,1,1,2631,,,PROPN
total,corpus,sucesora,1,1,2631,,,NOUN
total,corpus,such,1,1,2631,,,PROPN
total,corpus,sudamericano,1,1,2631,,,ADJ
total,corpus,sudamérica,1,1,2631,,,PROPN
total,corpus,sudo,1,1,2631,,,NOUN
total,corpus,suelto,1,1,2631,,,ADJ
total,corpus,sueños,1,1,2631,,,PROPN
total,corpus,suffering,1,1,2631,,,PROPN
total,corpus,suica,1,1,2631,,,PROPN
total,corpus,suite,1,1,2631,,,NOUN
total,corpus,suma,1,1,2631,,,NOUN
total,corpus,summary,1,1,2631,,,ADJ
total,corpus,summereats,1,1,2631,,,PROPN
total,corpus,summervibes,1,1,2631,,,PROPN
total,corpus,sums,1,1,2631,,,PROPN
total,corpus,sun,1,1,2631,,,PROPN
total,corpus,super,1,1,2631,,,PROPN
total,corpus,superdotado,1,1,2631,,,ADJ
total,corpus,superficial,1,1,2631,,,ADJ
total,corpus,superhéroe,1,1,2631,,,NOUN
total,corpus,superhéroes,1,1,2631,,,NOUN
total,corpus,superintendente,1,1,2631,,,NOUN
total,corpus,superpropagador,1,1,2631,,,NOUN
total,corpus,supongo,1,1,2631,,,PROPN
total,corpus,supportmoms,1,1,2631,,,PROPN
total,corpus,supremas,1,1,2631,,,PROPN
total,corpus,sureste,1,1,2631,,,NOUN
total,corpus,suruga,1,1,2631,,,PROPN
total,corpus,surveying,1,1,2631,,,PROPN
total,corpus,susceptible,1,1,2631,,,ADJ
total,corpus,suscripción,1,1,2631,,,NOUN
total,corpus,suscriptor,1,1,2631,,,NOUN
total,corpus,suspendido,1,1,2631,,,ADJ
total,corpus,swa,1,1,2631,,,PROPN
total,corpus,syndicate,1,1,2631,,,PROPN
total,corpus,sábana,1,1,2631,,,NOUN
total,corpus,sácame,1,1,2631,,,PROPN
total,corpus,sáquennos,1,1,2631,,,PROPN
total,corpus,sátira,1,1,2631,,,ADJ
total,corpus,séptico,1,1,2631,,,ADJ
total,corpus,síganme,1,1,2631,,,PROPN
total,corpus,síntoma,1,1,2631,,,NOUN
total,corpus,sólido,1,1,2631,,,ADJ
total,corpus,tableta,1,1,2631,,,NOUN
total,corpus,taburete,1,1,2631,,,NOUN
total,corpus,tacotuesday,1,1,2631,,,PROPN
total,corpus,tailgat,1,1,2631,,,ADJ
total,corpus,taiwán,1,1,2631,,,PROPN
total,corpus,takeuchi,1,1,2631,,,PROPN
total,corpus,taladro,1,1,2631,,,NOUN
total,corpus,talentós,1,1,2631,,,ADJ
total,corpus,talksport,1,1,2631,,,PROPN
total,corpus,tanaj,1,1,2631,,,PROPN
total,corpus,tanner,1,1,2631,,,PROPN
total,corpus,tanque,1,1,2631,,,NOUN
total,corpus,target,1,1,2631,,,PROPN
total,corpus,tarro,1,1,2631,,,NOUN
total,corpus,tasador,1,1,2631,,,NOUN
total,corpus,tasty,1,1,2631,,,PROPN
total,corpus,taters,1,1,2631,,,PROPN
total,corpus,tatters,1,1,2631,,,PROPN
total,corpus,tatuado,1,1,2631,,,ADJ
total,corpus,tatuaj,1,1,2631,,,NOUN
total,corpus,taught,1,1,2631,,,PROPN
total,corpus,taza,1,1,2631,,,NOUN
total,corpus,tazón,1,1,2631,,,NOUN
total,corpus,tba,1,1,2631,,,PROPN
total,corpus,tecnólogo,1,1,2631,,,ADJ
total,corpus,teenmom,1,1,2631,,,PROPN
total,corpus,tela,1,1,2631,,,NOUN
total,corpus,telefonía,1,1,2631,,,NOUN
total,corpus,teleférico,1,1,2631,,,PROPN
total,corpus,telefónica,1,1,2631,,,PROPN
total,corpus,telón,1,1,2631,,,NOUN
total,corpus,temazo,1,1,2631,,,NOUN
total,corpus,temblor,1,1,2631,,,NOUN
total,corpus,temblorós,1,1,2631,,,ADJ
total,corpus,tembló,1,1,2631,,,PROPN
total,corpus,temporal,1,1,2631,,,ADJ
total,corpus,temprano,1,1,2631,,,ADJ
total,corpus,tennessee,1,1,2631,,,PROPN
total,corpus,tenso,1,1,2631,,,ADJ
total,corpus,teológico,1,1,2631,,,ADJ
total,corpus,teotihuacan,1,1,2631,,,PROPN
total,corpus,tequila,1,1,2631,,,PROPN
total,corpus,terin,1,1,2631,,,PROPN
total,corpus,terraza,1,1,2631,,,NOUN
total,corpus,terremoto,1,1,2631,,,NOUN
total,corpus,terrestre,1,1,2631,,,ADJ
total,corpus,terrorismo,1,1,2631,,,NOUN
total,corpus,tesoro,1,1,2631,,,NOUN
total,corpus,testamento,1,1,2631,,,PROPN
total,corpus,testflight,1,1,2631,,,PROPN
total,corpus,testimonio,1,1,2631,,,NOUN
total,corpus,testosterona,1,1,2631,,,NOUN
total,corpus,teólogo,1,1,2631,,,NOUN
total,corpus,thatchers,1,1,2631,,,PROPN
total,corpus,thats,1,1,2631,,,PROPN
total,corpus,theater,1,1,2631,,,PROPN
total,corpus,therealest,1,1,2631,,,PROPN
total,corpus,these,1,1,2631,,,PROPN
total,corpus,thicc,1,1,2631,,,PROPN
total,corpus,things,1,1,2631,,,PROPN
total,corpus,thomas,1,1,2631,,,PROPN
total,corpus,though,1,1,2631,,,PROPN
total,corpus,threds,1,1,2631,,,PROPN
total,corpus,thunderstorm,1,1,2631,,,ADJ
total,corpus,tierno,1,1,2631,,,ADJ
total,corpus,tiggy,1,1,2631,,,PROPN
total,corpus,tijuana,1,1,2631,,,PROPN
total,corpus,tikal,1,1,2631,,,PROPN
total,corpus,tiniebla,1,1,2631,,,NOUN
total,corpus,tintineante,1,1,2631,,,ADJ
total,corpus,tipa,1,1,2631,,,PROPN
total,corpus,tipología,1,1,2631,,,NOUN
total,corpus,tir,1,1,2631,,,PROPN
total,corpus,tién,1,1,2631,,,NOUN
total,corpus,toasties,1,1,2631,,,PROPN
total,corpus,toasts,1,1,2631,,,PROPN
total,corpus,tobitakyu,1,1,2631,,,PROPN
total,corpus,tocón,1,1,2631,,,NOUN
total,corpus,today,1,1,2631,,,PROPN
total,corpus,todopoderoso,1,1,2631,,,ADJ
total,corpus,toho,1,1,2631,,,NOUN
total,corpus,tomahawks,1,1,2631,,,PROPN
total,corpus,tomball,1,1,2631,,,PROPN
total,corpus,tommy,1,1,2631,,,PROPN
total,corpus,tomoaki,1,1,2631,,,PROPN
total,corpus,tomándome,1,1,2631,,,PROPN
total,corpus,toney,1,1,2631,,,PROPN
total,corpus,tonkotsu,1,1,2631,,,ADJ
total,corpus,topografía,1,1,2631,,,NOUN
total,corpus,topógrafo,1,1,2631,,,NOUN
total,corpus,torre,1,1,2631,,,NOUN
total,corpus,torrencial,1,1,2631,,,ADJ
total,corpus,torturado,1,1,2631,,,ADJ
total,corpus,toshiaki,1,1,2631,,,PROPN
total,corpus,tottenham,1,1,2631,,,PROPN
total,corpus,tower,1,1,2631,,,PROPN
total,corpus,toyota,1,1,2631,,,PROPN
total,corpus,trabuquet,1,1,2631,,,NOUN
total,corpus,tracción,1,1,2631,,,NOUN
total,corpus,trading,1,1,2631,,,NOUN
total,corpus,tragaperras,1,1,2631,,,NOUN
total,corpus,tragedia,1,1,2631,,,NOUN
total,corpus,trago,1,1,2631,,,NOUN
total,corpus,traicionado,1,1,2631,,,ADJ
total,corpus,traición,1,1,2631,,,NOUN
total,corpus,trailists,1,1,2631,,,PROPN
total,corpus,trampa,1,1,2631,,,NOUN
total,corpus,trampós,1,1,2631,,,ADJ
total,corpus,transacción,1,1,2631,,,NOUN
total,corpus,transahariano,1,1,2631,,,ADJ
total,corpus,transfobia,1,1,2631,,,NOUN
total,corpus,transformación,1,1,2631,,,NOUN
total,corpus,transformador,1,1,2631,,,ADJ
total,corpus,transgénero,1,1,2631,,,ADJ
total,corpus,transición,1,1,2631,,,NOUN
total,corpus,translate,1,1,2631,,,NOUN
total,corpus,transliteración,1,1,2631,,,NOUN
total,corpus,transmitiendo,1,1,2631,,,PROPN
total,corpus,transporte,1,1,2631,,,NOUN
total,corpus,trapo,1,1,2631,,,NOUN
total,corpus,trash,1,1,2631,,,PROPN
total,corpus,traslado,1,1,2631,,,NOUN
total,corpus,tratamiento,1,1,2631,,,NOUN
total,corpus,tratas,1,1,2631,,,PROPN
total,corpus,traumatizado,1,1,2631,,,ADJ
total,corpus,travis,1,1,2631,,,PROPN
total,corpus,treintañero,1,1,2631,,,NOUN
total,corpus,trek,1,1,2631,,,PROPN
total,corpus,tremendo,1,1,2631,,,ADJ
total,corpus,trialistas,1,1,2631,,,NOUN
total,corpus,trifecto,1,1,2631,,,ADJ
total,corpus,trillonario,1,1,2631,,,NOUN
total,corpus,trinidad,1,1,2631,,,NOUN
total,corpus,tripitaka,1,1,2631,,,PROPN
total,corpus,triplex,1,1,2631,,,PROPN
total,corpus,triturado,1,1,2631,,,PROPN
total,corpus,triumphs,1,1,2631,,,PROPN
total,corpus,triunfo,1,1,2631,,,NOUN
total,corpus,troon,1,1,2631,,,NOUN
total,corpus,trooning,1,1,2631,,,PROPN
total,corpus,troons,1,1,2631,,,NOUN
total,corpus,trophies,1,1,2631,,,PROPN
total,corpus,tropicales,1,1,2631,,,PROPN
total,corpus,tropiezo,1,1,2631,,,NOUN
total,corpus,trosc,1,1,2631,,,PROPN
total,corpus,trs,1,1,2631,,,PROPN
total,corpus,trucha,1,1,2631,,,NOUN
total,corpus,truck,1,1,2631,,,PROPN
total,corpus,trucks,1,1,2631,,,PROPN
total,corpus,trueno,1,1,2631,,,NOUN
total,corpus,trvke,1,1,2631,,,NOUN
total,corpus,tsr,1,1,2631,,,PROPN
total,corpus,tsujido,1,1,2631,,,PROPN
total,corpus,tsunsan,1,1,2631,,,PROPN
total,corpus,tubmanicus,1,1,2631,,,PROPN
total,corpus,tubo,1,1,2631,,,NOUN
total,corpus,tucker,1,1,2631,,,PROPN
total,corpus,tuiteándome,1,1,2631,,,NOUN
total,corpus,tulsa,1,1,2631,,,PROPN
total,corpus,tupac,1,1,2631,,,ADJ
total,corpus,turista,1,1,2631,,,NOUN
total,corpus,turnbull,1,1,2631,,,PROPN
total,corpus,turno,1,1,2631,,,NOUN
total,corpus,turquía,1,1,2631,,,PROPN
total,corpus,turístico,1,1,2631,,,ADJ
total,corpus,tutor,1,1,2631,,,NOUN
total,corpus,twat,1,1,2631,,,PROPN
total,corpus,tweet,1,1,2631,,,NOUN
total,corpus,two,1,1,2631,,,PROPN
total,corpus,tyson,1,1,2631,,,PROPN
total,corpus,táctico,1,1,2631,,,ADJ
total,corpus,tímido,1,1,2631,,,ADJ
total,corpus,títere,1,1,2631,,,NOUN
total,corpus,título,1,1,2631,,,NOUN
total,corpus,ubers,1,1,2631,,,PROPN
total,corpus,uchi,1,1,2631,,,PROPN
total,corpus,udadado,1,1,2631,,,ADJ
total,corpus,udado,1,1,2631,,,ADJ
total,corpus,umbral,1,1,2631,,,NOUN
total,corpus,umbreon,1,1,2631,,,PROPN
total,corpus,umbro,1,1,2631,,,PROPN
total,corpus,ummm,1,1,2631,,,PROPN
total,corpus,universalizas,1,1,2631,,,NOUN
total,corpus,university,1,1,2631,,,PROPN
total,corpus,universo,1,1,2631,,,NOUN
total,corpus,unión,1,1,2631,,,PROPN
total,corpus,unleashed,1,1,2631,,,PROPN
total,corpus,until,1,1,2631,,,PROPN
total,corpus,unレスポ,1,1,2631,,,ADJ
total,corpus,urgencia,1,1,2631,,,NOUN
total,corpus,uso,1,1,2631,,,NOUN
total,corpus,utilizado,1,1,2631,,,ADJ
total,corpus,utopia,1,1,2631,,,ADJ
total,corpus,uuuh,1,1,2631,,,PROPN
total,corpus,uwaaaahhh,1,1,2631,,,PROPN
total,corpus,vaca,1,1,2631,,,NOUN
total,corpus,vacaciones,1,1,2631,,,PROPN
total,corpus,vacavibes,1,1,2631,,,PROPN
total,corpus,vaccines,1,1,2631,,,PROPN
total,corpus,vacuna,1,1,2631,,,NOUN
total,corpus,vagabundo,1,1,2631,,,NOUN
total,corpus,valentía,1,1,2631,,,NOUN
total,corpus,valentín,1,1,2631,,,PROPN
total,corpus,valiente,1,1,2631,,,PROPN
total,corpus,valioso,1,1,2631,,,ADJ
total,corpus,valley,1,1,2631,,,PROPN
total,corpus,value,1,1,2631,,,PROPN
total,corpus,valueless,1,1,2631,,,PROPN
total,corpus,vamooooooooooo,1,1,2631,,,PROPN
total,corpus,vamosssss,1,1,2631,,,PROPN
total,corpus,vamossssssssssssss,1,1,2631,,,PROPN
total,corpus,vanessa,1,1,2631,,,PROPN
total,corpus,vanilla,1,1,2631,,,PROPN
total,corpus,vano,1,1,2631,,,NOUN
total,corpus,vaporizador,1,1,2631,,,NOUN
total,corpus,vaquero,1,1,2631,,,NOUN
total,corpus,var,1,1,2631,,,PROPN
total,corpus,vara,1,1,2631,,,NOUN
total,corpus,varado,1,1,2631,,,ADJ
total,corpus,variable,1,1,2631,,,ADJ
total,corpus,varrrrrrr,1,1,2631,,,NOUN
total,corpus,vaticano,1,1,2631,,,PROPN
total,corpus,vayan,1,1,2631,,,PROPN
total,corpus,vcs,1,1,2631,,,PROPN
total,corpus,vday,1,1,2631,,,PROPN
total,corpus,vecindario,1,1,2631,,,NOUN
total,corpus,vedas,1,1,2631,,,PROPN
total,corpus,veganas,1,1,2631,,,PROPN
total,corpus,vegetal,1,1,2631,,,PROPN
total,corpus,vegetariano,1,1,2631,,,NOUN
total,corpus,veggies,1,1,2631,,,PROPN
total,corpus,ven,1,1,2631,,,NOUN
total,corpus,vence,1,1,2631,,,PROPN
total,corpus,vencido,1,1,2631,,,ADJ
total,corpus,vendo,1,1,2631,,,PROPN
total,corpus,venerable,1,1,2631,,,ADJ
total,corpus,veneración,1,1,2631,,,NOUN
total,corpus,ventanilla,1,1,2631,,,NOUN
total,corpus,ventisca,1,1,2631,,,NOUN
total,corpus,ventoso,1,1,2631,,,ADJ
total,corpus,veracruz,1,1,2631,,,PROPN
total,corpus,veraniega,1,1,2631,,,PROPN
total,corpus,veraniegas,1,1,2631,,,PROPN
total,corpus,verbo,1,1,2631,,,NOUN
total,corpus,verga,1,1,2631,,,NOUN
total,corpus,vergüenza,1,1,2631,,,NOUN
total,corpus,verso,1,1,2631,,,NOUN
total,corpus,very,1,1,2631,,,PROPN
total,corpus,vestigio,1,1,2631,,,NOUN
total,corpus,veámonos,1,1,2631,,,PROPN
total,corpus,vib,1,1,2631,,,NOUN
total,corpus,vibe,1,1,2631,,,PROPN
total,corpus,vibes,1,1,2631,,,PROPN
total,corpus,victor,1,1,2631,,,PROPN
total,corpus,vienes,1,1,2631,,,NOUN
total,corpus,vigilia,1,1,2631,,,NOUN
total,corpus,villano,1,1,2631,,,NOUN
total,corpus,vinculado,1,1,2631,,,ADJ
total,corpus,vini,1,1,2631,,,PROPN
total,corpus,vintage,1,1,2631,,,ADJ
total,corpus,vinyard,1,1,2631,,,PROPN
total,corpus,violador,1,1,2631,,,NOUN
total,corpus,violaste,1,1,2631,,,PROPN
total,corpus,violencia,1,1,2631,,,NOUN
total,corpus,virtud,1,1,2631,,,NOUN
total,corpus,virtuoso,1,1,2631,,,ADJ
total,corpus,vistazo,1,1,2631,,,NOUN
total,corpus,viste,1,1,2631,,,PROPN
total,corpus,vistiéndolo,1,1,2631,,,ADJ
total,corpus,visualización,1,1,2631,,,NOUN
total,corpus,vital,1,1,2631,,,ADJ
total,corpus,vitamina,1,1,2631,,,NOUN
total,corpus,vitrina,1,1,2631,,,NOUN
total,corpus,viuda,1,1,2631,,,NOUN
total,corpus,vivamexico,1,1,2631,,,PROPN
total,corpus,vivaméxico,1,1,2631,,,PROPN
total,corpus,viveeee,1,1,2631,,,PROPN
total,corpus,vivido,1,1,2631,,,ADJ
total,corpus,vivir,1,1,2631,,,NOUN
total,corpus,vod,1,1,2631,,,PROPN
total,corpus,voddie,1,1,2631,,,PROPN
total,corpus,volante,1,1,2631,,,NOUN
total,corpus,voluntario,1,1,2631,,,NOUN
total,corpus,vomitivo,1,1,2631,,,ADJ
total,corpus,voto,1,1,2631,,,NOUN
total,corpus,vulnerable,1,1,2631,,,ADJ
total,corpus,vídeo,1,1,2631,,,NOUN
total,corpus,vínculo,1,1,2631,,,NOUN
total,corpus,waaaaaaahhh,1,1,2631,,,PROPN
total,corpus,wade,1,1,2631,,,PROPN
total,corpus,wagyu,1,1,2631,,,PROPN
total,corpus,waifu,1,1,2631,,,PROPN
total,corpus,wait,1,1,2631,,,PROPN
total,corpus,wakandenses,1,1,2631,,,PROPN
total,corpus,wakeyleaks,1,1,2631,,,PROPN
total,corpus,wales,1,1,2631,,,PROPN
total,corpus,wall,1,1,2631,,,PROPN
total,corpus,walmart,1,1,2631,,,PROPN
total,corpus,wardley,1,1,2631,,,PROPN
total,corpus,wars,1,1,2631,,,PROPN
total,corpus,wasnt,1,1,2631,,,PROPN
total,corpus,wataru,1,1,2631,,,PROPN
total,corpus,watchtower,1,1,2631,,,PROPN
total,corpus,watermelon,1,1,2631,,,PROPN
total,corpus,wbs,1,1,2631,,,PROPN
total,corpus,went,1,1,2631,,,PROPN
total,corpus,west,1,1,2631,,,PROPN
total,corpus,western,1,1,2631,,,PROPN
total,corpus,whai,1,1,2631,,,NOUN
total,corpus,whipped,1,1,2631,,,PROPN
total,corpus,why,1,1,2631,,,PROPN
total,corpus,wigger,1,1,2631,,,NOUN
total,corpus,wiggle,1,1,2631,,,PROPN
total,corpus,wild,1,1,2631,,,PROPN
total,corpus,william,1,1,2631,,,PROPN
total,corpus,williams,1,1,2631,,,PROPN
total,corpus,willy,1,1,2631,,,PROPN
total,corpus,wimbledon,1,1,2631,,,PROPN
total,corpus,win,1,1,2631,,,PROPN
total,corpus,wine,1,1,2631,,,PROPN
total,corpus,wingstop,1,1,2631,,,PROPN
total,corpus,wirral,1,1,2631,,,PROPN
total,corpus,without,1,1,2631,,,PROPN
total,corpus,wnba,1,1,2631,,,PROPN
total,corpus,wolves,1,1,2631,,,PROPN
total,corpus,wonder,1,1,2631,,,PROPN
total,corpus,wonka,1,1,2631,,,PROPN
total,corpus,woo,1,1,2631,,,PROPN
total,corpus,woods,1,1,2631,,,PROPN
total,corpus,wook,1,1,2631,,,PROPN
total,corpus,world,1,1,2631,,,PROPN
total,corpus,wrong,1,1,2631,,,PROPN
total,corpus,xix,1,1,2631,,,NOUN
total,corpus,xvi,1,1,2631,,,NOUN
total,corpus,yahhhh,1,1,2631,,,PROPN
total,corpus,yahoonews,1,1,2631,,,PROPN
total,corpus,yakuza,1,1,2631,,,PROPN
total,corpus,yale,1,1,2631,,,PROPN
total,corpus,yamanashi,1,1,2631,,,PROPN
total,corpus,year,1,1,2631,,,PROPN
total,corpus,yendo,1,1,2631,,,PROPN
total,corpus,yep,1,1,2631,,,PROPN
total,corpus,yikes,1,1,2631,,,PROPN
total,corpus,yimby,1,1,2631,,,PROPN
total,corpus,ynwa,1,1,2631,,,PROPN
total,corpus,yoichiro,1,1,2631,,,PROPN
total,corpus,yonnaxkhanbestduo,1,1,2631,,,PROPN
total,corpus,young,1,1,2631,,,PROPN
total,corpus,your,1,1,2631,,,PROPN
total,corpus,yucatán,1,1,2631,,,PROPN
total,corpus,yugo,1,1,2631,,,NOUN
total,corpus,yup,1,1,2631,,,PROPN
total,corpus,yupi,1,1,2631,,,PROPN
total,corpus,yutaka,1,1,2631,,,PROPN
total,corpus,yuto,1,1,2631,,,PROPN
total,corpus,yūya,1,1,2631,,,PROPN
total,corpus,zabs,1,1,2631,,,PROPN
total,corpus,zapato,1,1,2631,,,NOUN
total,corpus,zarutska,1,1,2631,,,PROPN
total,corpus,zeitgeist,1,1,2631,,,PROPN
total,corpus,zillón,1,1,2631,,,PROPN
total,corpus,zion,1,1,2631,,,PROPN
total,corpus,zocalo,1,1,2631,,,PROPN
total,corpus,zonificación,1,1,2631,,,NOUN
total,corpus,zonificado,1,1,2631,,,ADJ
total,corpus,zoom,1,1,2631,,,NOUN
total,corpus,zorro,1,1,2631,,,PROPN
total,corpus,águila,1,1,2631,,,NOUN
total,corpus,ámbito,1,1,2631,,,NOUN
total,corpus,ángulo,1,1,2631,,,NOUN
total,corpus,árbol,1,1,2631,,,NOUN
total,corpus,ático,1,1,2631,,,NOUN
total,corpus,élites,1,1,2631,,,PROPN
total,corpus,épico,1,1,2631,,,ADJ
total,corpus,íntegro,1,1,2631,,,ADJ
total,corpus,ítem,1,1,2631,,,NOUN
total,corpus,óptico,1,1,2631,,,ADJ
total,corpus,óptimo,1,1,2631,,,ADJ
total,corpus,única,1,1,2631,,,NOUN
total,corpus,útil,1,1,2631,,,ADJ
total,corpus,ἰησοῦς,1,1,2631,,,PROPN
total,corpus,と予想,1,1,2631,,,PROPN
total,corpus,に参戦中,1,1,2631,,,PROPN
total,corpus,ガチ勢の私は日本が勝利,1,1,2631,,,NOUN
total,corpus,コカコーラ勝敗予想対決,1,1,2631,,,PROPN
total,corpus,チュニジア戦,1,1,2631,,,PROPN
total,corpus,チーパオ大森,1,1,2631,,,NOUN
total,corpus,ベイビークラブシアター,1,1,2631,,,PROPN
total,corpus,モンテレイ,1,1,2631,,,PROPN
