corte,grupo,termino,ocurrencias,tuits,n_tuits_grupo,z,ocurrencias_resto,categoria
criterio,atmosfera,México,58,50,104,,,MX_PAIS
criterio,atmosfera,mexicanos,25,22,104,,,MX_PAIS
criterio,atmosfera,Ciudad de México,20,17,104,,,MX_CIUDAD_SEDE
criterio,atmosfera,Monterrey,10,9,104,,,MX_CIUDAD_SEDE
criterio,atmosfera,Mundial 2026,10,9,104,,,MX_TORNEO
criterio,atmosfera,Cancún,6,6,104,,,MX_DESTINO
criterio,atmosfera,Inglaterra,6,5,104,,,LOC
criterio,atmosfera,Japón,5,5,104,,,LOC
criterio,atmosfera,Me,4,4,104,,,MISC
criterio,atmosfera,Nueva York,3,3,104,,,LOC
criterio,atmosfera,Adivinas dónde,2,2,104,,,MISC
criterio,atmosfera,Ahora,2,2,104,,,MISC
criterio,atmosfera,América,2,2,104,,,LOC
criterio,atmosfera,Diego Luna,2,1,104,,,PER
criterio,atmosfera,Playa del Carmen,2,2,104,,,MX_DESTINO
criterio,atmosfera,Puerto Vallarta,2,1,104,,,MX_DESTINO
criterio,atmosfera,Shonan,2,1,104,,,LOC
criterio,atmosfera,Tulum,2,2,104,,,MX_DESTINO
criterio,atmosfera,Túnez,2,2,104,,,LOC
criterio,atmosfera,Uber,2,2,104,,,ORG
criterio,atmosfera,vacation,2,2,104,,,ORG
criterio,atmosfera,A veces me levanto tarde,1,1,104,,,MISC
criterio,atmosfera,AIFA,1,1,104,,,MISC
criterio,atmosfera,Ah,1,1,104,,,MISC
criterio,atmosfera,Ahora mi novia,1,1,104,,,MISC
criterio,atmosfera,Airbnb,1,1,104,,,ORG
criterio,atmosfera,Al menos,1,1,104,,,MISC
criterio,atmosfera,Alguien sabe dónde las venden,1,1,104,,,MISC
criterio,atmosfera,Algún día el fútbol,1,1,104,,,MISC
criterio,atmosfera,Amigos,1,1,104,,,MISC
criterio,atmosfera,Atlanta,1,1,104,,,LOC
criterio,atmosfera,AÚN,1,1,104,,,PER
criterio,atmosfera,Buena comida y mucha diversión 😊,1,1,104,,,MISC
criterio,atmosfera,Cabo,1,1,104,,,LOC
criterio,atmosfera,Celebrando nuestra luna de miel,1,1,104,,,MISC
criterio,atmosfera,Comenté,1,1,104,,,MISC
criterio,atmosfera,Como es selva hay mucha sombra,1,1,104,,,MISC
criterio,atmosfera,Como iba con niños,1,1,104,,,MISC
criterio,atmosfera,Covid,1,1,104,,,LOC
criterio,atmosfera,Creo que las chicas,1,1,104,,,MISC
criterio,atmosfera,Creo que podré ajustar el desfase horario si duermo en el avión ¡La tercera vez que veo la,1,1,104,,,MISC
criterio,atmosfera,Cómodo ✨! ¡Lo continuaré incluso,1,1,104,,,MISC
criterio,atmosfera,Dallas,1,1,104,,,LOC
criterio,atmosfera,Definitivamente regresaré a la,1,1,104,,,MISC
criterio,atmosfera,Dios mío,1,1,104,,,MISC
criterio,atmosfera,Duermo,1,1,104,,,LOC
criterio,atmosfera,Dustin,1,1,104,,,PER
criterio,atmosfera,Ecuador,1,1,104,,,LOC
criterio,atmosfera,El Azteca,1,1,104,,,LOC
criterio,atmosfera,El Cerro de la Silla,1,1,104,,,LOC
criterio,atmosfera,El ambiente de la ciudad,1,1,104,,,MISC
criterio,atmosfera,El asiento que conseguí en threds,1,1,104,,,MISC
criterio,atmosfera,El dinero,1,1,104,,,MISC
criterio,atmosfera,El mundo es redondo,1,1,104,,,MISC
criterio,atmosfera,El mundo…,1,1,104,,,MISC
criterio,atmosfera,El nivel de peligro del Ministerio de Asuntos Exteriores,1,1,104,,,MISC
criterio,atmosfera,Eleven,1,1,104,,,MISC
criterio,atmosfera,Ese paseo en bote,1,1,104,,,MISC
criterio,atmosfera,Estados Unidos,1,1,104,,,LOC
criterio,atmosfera,Este lugar nos está mimando,1,1,104,,,MISC
criterio,atmosfera,Estoy emocionada~ ✊✊,1,1,104,,,MISC
criterio,atmosfera,FIFA,1,1,104,,,MX_TORNEO
criterio,atmosfera,FIFAwouldcup,1,1,104,,,MISC
criterio,atmosfera,Fan Fest,1,1,104,,,MISC
criterio,atmosfera,Good Boy,1,1,104,,,MISC
criterio,atmosfera,Gringo,1,1,104,,,MISC
criterio,atmosfera,Guadalajara,1,1,104,,,MX_CIUDAD_SEDE
criterio,atmosfera,Guatemala,1,1,104,,,LOC
criterio,atmosfera,Has sido maravillosa,1,1,104,,,MISC
criterio,atmosfera,Hasta ahora,1,1,104,,,MISC
criterio,atmosfera,Hasta la próxima 🇺🇸,1,1,104,,,MISC
criterio,atmosfera,Historia,1,1,104,,,ORG
criterio,atmosfera,Horribles,1,1,104,,,MISC
criterio,atmosfera,Internacional Felipe Ángeles,1,1,104,,,LOC
criterio,atmosfera,Italia,1,1,104,,,LOC
criterio,atmosfera,LCC,1,1,104,,,ORG
criterio,atmosfera,La Ciudad,1,1,104,,,LOC
criterio,atmosfera,La cantina de hoy en la,1,1,104,,,MISC
criterio,atmosfera,La comida es deliciosa,1,1,104,,,MISC
criterio,atmosfera,La extrañaré,1,1,104,,,LOC
criterio,atmosfera,La gente,1,1,104,,,MISC
criterio,atmosfera,La policía,1,1,104,,,MISC
criterio,atmosfera,Lo cual es genial,1,1,104,,,MISC
criterio,atmosfera,Lo pospuse,1,1,104,,,MISC
criterio,atmosfera,Los,1,1,104,,,MISC
criterio,atmosfera,Los metros están llenos hasta el techo,1,1,104,,,MISC
criterio,atmosfera,Lúgubre,1,1,104,,,LOC
criterio,atmosfera,Mala gente,1,1,104,,,MISC
criterio,atmosfera,Maldita sea,1,1,104,,,MISC
criterio,atmosfera,Me apresuré en el viaje,1,1,104,,,MISC
criterio,atmosfera,Me dolió,1,1,104,,,MISC
criterio,atmosfera,Me quemé,1,1,104,,,MISC
criterio,atmosfera,Me quitaron todo el dinero,1,1,104,,,MISC
criterio,atmosfera,MexicoCity #Tacos,1,1,104,,,MISC
criterio,atmosfera,Mike Basset,1,1,104,,,PER
criterio,atmosfera,Minjeongie,1,1,104,,,PER
criterio,atmosfera,Muchísimas,1,1,104,,,LOC
criterio,atmosfera,Nadé,1,1,104,,,LOC
criterio,atmosfera,No diría que,1,1,104,,,MISC
criterio,atmosfera,No tenía ni idea de que,1,1,104,,,MISC
criterio,atmosfera,OK 🙆,1,1,104,,,MISC
criterio,atmosfera,Oaxaca,1,1,104,,,MX_DESTINO
criterio,atmosfera,Ohhhhhhhh Tequila,1,1,104,,,LOC
criterio,atmosfera,Palacio Bellas Artes,1,1,104,,,LOC
criterio,atmosfera,Paseo,1,1,104,,,PER
criterio,atmosfera,Playa,1,1,104,,,LOC
criterio,atmosfera,Portugal,1,1,104,,,LOC
criterio,atmosfera,Praga,1,1,104,,,LOC
criterio,atmosfera,Puerto Morelos,1,1,104,,,LOC
criterio,atmosfera,Qatar,1,1,104,,,LOC
criterio,atmosfera,Que en el supermercado,1,1,104,,,MISC
criterio,atmosfera,Que llegue,1,1,104,,,MISC
criterio,atmosfera,Que se joda,1,1,104,,,MISC
criterio,atmosfera,Quiero,1,1,104,,,MISC
criterio,atmosfera,Qué ambiente,1,1,104,,,MISC
criterio,atmosfera,Robado,1,1,104,,,LOC
criterio,atmosfera,San Francisco 🍺 Disfrutando de,1,1,104,,,LOC
criterio,atmosfera,Sato,1,1,104,,,PER
criterio,atmosfera,Seguir,1,1,104,,,ORG
criterio,atmosfera,Seven,1,1,104,,,MISC
criterio,atmosfera,Sin embargo,1,1,104,,,MISC
criterio,atmosfera,Solo,1,1,104,,,PER
criterio,atmosfera,Solo reservamos el vuelo,1,1,104,,,MISC
criterio,atmosfera,Solo una,1,1,104,,,MISC
criterio,atmosfera,Sudáfrica,1,1,104,,,LOC
criterio,atmosfera,TC,1,1,104,,,ORG
criterio,atmosfera,Te amo también ♾️,1,1,104,,,MISC
criterio,atmosfera,Tendré hambre,1,1,104,,,MISC
criterio,atmosfera,Tengo,1,1,104,,,MISC
criterio,atmosfera,Teotihuacán,1,1,104,,,MX_DESTINO
criterio,atmosfera,Tijuana,1,1,104,,,MX_DESTINO
criterio,atmosfera,Tikal,1,1,104,,,LOC
criterio,atmosfera,Todavía no estoy seguro de cómo,1,1,104,,,MISC
criterio,atmosfera,Todo lo que hemos oído,1,1,104,,,MISC
criterio,atmosfera,Todos han sido tan acogedores y amables,1,1,104,,,MISC
criterio,atmosfera,Toronto,1,1,104,,,LOC
criterio,atmosfera,Tranmere,1,1,104,,,PER
criterio,atmosfera,Ugh,1,1,104,,,MISC
criterio,atmosfera,Un sueño de la infancia,1,1,104,,,MISC
criterio,atmosfera,Un viaje de 18 km,1,1,104,,,MISC
criterio,atmosfera,Un viaje de toda la vida y recuerdos,1,1,104,,,MISC
criterio,atmosfera,Una de las mejores actuaciones de,1,1,104,,,MISC
criterio,atmosfera,Vamos Inglaterra! 🏴󠁧󠁢󠁥󠁮󠁧󠁿,1,1,104,,,MISC
criterio,atmosfera,Vamos Japón! 🇯🇵 ¡Viva,1,1,104,,,MISC
criterio,atmosfera,Ve al blog,1,1,104,,,MISC
criterio,atmosfera,Ve al blog! #vegetarian #recipe #quesadillas,1,1,104,,,MISC
criterio,atmosfera,Vinimos,1,1,104,,,LOC
criterio,atmosfera,VivaMexico,1,1,104,,,MISC
criterio,atmosfera,VivaMéxico,1,1,104,,,MISC
criterio,atmosfera,Voy,1,1,104,,,PER
criterio,atmosfera,aeropuerto de,1,1,104,,,LOC
criterio,atmosfera,el Azteca,1,1,104,,,LOC
criterio,atmosfera,jaja,1,1,104,,,MISC
criterio,atmosfera,mar de,1,1,104,,,LOC
criterio,atmosfera,wow,1,1,104,,,MISC
criterio,atmosfera,Él: Lo sabía,1,1,104,,,MISC
criterio,atmosfera,Él: ¿Eran negros,1,1,104,,,MISC
criterio,atmosfera,😂 Grandes,1,1,104,,,PER
criterio,atmosfera,🤔 Estoy,1,1,104,,,PER
criterio,imagen_cultural,México,29,27,71,,,MX_PAIS
criterio,imagen_cultural,Ciudad de México,13,10,71,,,MX_CIUDAD_SEDE
criterio,imagen_cultural,mexicanos,12,11,71,,,MX_PAIS
criterio,imagen_cultural,Monterrey,9,9,71,,,MX_CIUDAD_SEDE
criterio,imagen_cultural,Mundial 2026,5,4,71,,,MX_TORNEO
criterio,imagen_cultural,Inglaterra,4,4,71,,,LOC
criterio,imagen_cultural,Teotihuacán,4,4,71,,,MX_DESTINO
criterio,imagen_cultural,Oaxaca,3,3,71,,,MX_DESTINO
criterio,imagen_cultural,Ahora,2,2,71,,,MISC
criterio,imagen_cultural,Cabo,2,2,71,,,LOC
criterio,imagen_cultural,Cancún,2,2,71,,,MX_DESTINO
criterio,imagen_cultural,Diego Luna,2,1,71,,,PER
criterio,imagen_cultural,El Azteca,2,2,71,,,LOC
criterio,imagen_cultural,Japón,2,2,71,,,LOC
criterio,imagen_cultural,Nueva York,2,2,71,,,LOC
criterio,imagen_cultural,Playa del Carmen,2,2,71,,,MX_DESTINO
criterio,imagen_cultural,Tulum,2,2,71,,,MX_DESTINO
criterio,imagen_cultural,vacation,2,2,71,,,ORG
criterio,imagen_cultural,Adictivamente deliciosas,1,1,71,,,MISC
criterio,imagen_cultural,Alguien sabe dónde las venden,1,1,71,,,MISC
criterio,imagen_cultural,Algún día el fútbol,1,1,71,,,MISC
criterio,imagen_cultural,América,1,1,71,,,LOC
criterio,imagen_cultural,Arracherra,1,1,71,,,PER
criterio,imagen_cultural,Azteca,1,1,71,,,LOC
criterio,imagen_cultural,Bellmare,1,1,71,,,LOC
criterio,imagen_cultural,Boursin Huevos,1,1,71,,,MISC
criterio,imagen_cultural,Buena comida y mucha diversión 😊,1,1,71,,,MISC
criterio,imagen_cultural,Burrito Bowl Quesadillas,1,1,71,,,ORG
criterio,imagen_cultural,Cobs Air Fryer Street Corn Jalapeno Cheetos Street Corn #vegetarian #streetcorn,1,1,71,,,MISC
criterio,imagen_cultural,Comenté,1,1,71,,,MISC
criterio,imagen_cultural,Como es selva hay mucha sombra,1,1,71,,,MISC
criterio,imagen_cultural,Covid,1,1,71,,,LOC
criterio,imagen_cultural,Crostini,1,1,71,,,PER
criterio,imagen_cultural,Cruzo los dedos,1,1,71,,,MISC
criterio,imagen_cultural,Cómo estás,1,1,71,,,MISC
criterio,imagen_cultural,Darke,1,1,71,,,PER
criterio,imagen_cultural,Definitivamente regresaré a la,1,1,71,,,MISC
criterio,imagen_cultural,Don Julio,1,1,71,,,PER
criterio,imagen_cultural,Drippy Dip,1,1,71,,,PER
criterio,imagen_cultural,EE. UU,1,1,71,,,LOC
criterio,imagen_cultural,El Cerro de la Silla,1,1,71,,,LOC
criterio,imagen_cultural,El mundo…,1,1,71,,,MISC
criterio,imagen_cultural,Elote,1,1,71,,,LOC
criterio,imagen_cultural,Enchiladas de,1,1,71,,,MISC
criterio,imagen_cultural,Ensalada griega de frijoles blancos picados #vegetariano #buenacomida,1,1,71,,,MISC
criterio,imagen_cultural,Ensaladas Hamburguesas,1,1,71,,,LOC
criterio,imagen_cultural,Escuchando música latina en vivo,1,1,71,,,MISC
criterio,imagen_cultural,Ese paseo en bote,1,1,71,,,MISC
criterio,imagen_cultural,España,1,1,71,,,LOC
criterio,imagen_cultural,Estados Unidos,1,1,71,,,LOC
criterio,imagen_cultural,Este lugar nos está mimando,1,1,71,,,MISC
criterio,imagen_cultural,FIFA,1,1,71,,,MX_TORNEO
criterio,imagen_cultural,FIFAwouldcup,1,1,71,,,MISC
criterio,imagen_cultural,Frijol Refrito,1,1,71,,,MISC
criterio,imagen_cultural,Good Boy,1,1,71,,,MISC
criterio,imagen_cultural,Gringo,1,1,71,,,MISC
criterio,imagen_cultural,Guacamole Ensalada de Jardín Veraniega Noche de Hamburguesas de Verano Ensalada César de Tater,1,1,71,,,LOC
criterio,imagen_cultural,Guacamole Tater Tacos Chipotle Lentil Tacos Guaco Hard Tacos Cheesy Jalapeno Cauli Tacos,1,1,71,,,PER
criterio,imagen_cultural,Hamburguesas,1,1,71,,,LOC
criterio,imagen_cultural,Has sido maravillosa,1,1,71,,,MISC
criterio,imagen_cultural,Hasta ahora,1,1,71,,,MISC
criterio,imagen_cultural,Hot Cheetos Elotes Queso,1,1,71,,,MISC
criterio,imagen_cultural,Imperio azteca,1,1,71,,,LOC
criterio,imagen_cultural,Jalapeño Cacerola de Tortilla de Taco,1,1,71,,,LOC
criterio,imagen_cultural,Joder,1,1,71,,,MISC
criterio,imagen_cultural,La Ciudad,1,1,71,,,LOC
criterio,imagen_cultural,La cantina de hoy en la,1,1,71,,,MISC
criterio,imagen_cultural,La comida es deliciosa,1,1,71,,,MISC
criterio,imagen_cultural,La foto,1,1,71,,,MISC
criterio,imagen_cultural,Lo cual es genial,1,1,71,,,MISC
criterio,imagen_cultural,Los Ángeles,1,1,71,,,LOC
criterio,imagen_cultural,Mala gente,1,1,71,,,MISC
criterio,imagen_cultural,Mangos,1,1,71,,,PER
criterio,imagen_cultural,Me quemé,1,1,71,,,MISC
criterio,imagen_cultural,MexicoCity #Tacos,1,1,71,,,MISC
criterio,imagen_cultural,Mike Basset,1,1,71,,,PER
criterio,imagen_cultural,Minjeongie,1,1,71,,,PER
criterio,imagen_cultural,Museo de Historia de,1,1,71,,,LOC
criterio,imagen_cultural,Nadé,1,1,71,,,LOC
criterio,imagen_cultural,No puedo esperar a hincarle el diente,1,1,71,,,MISC
criterio,imagen_cultural,No tenía ni idea de que,1,1,71,,,MISC
criterio,imagen_cultural,"No, mi hija",1,1,71,,,MISC
criterio,imagen_cultural,OK 🙆,1,1,71,,,MISC
criterio,imagen_cultural,Obtén,1,1,71,,,MISC
criterio,imagen_cultural,Ohhhhhhhh Tequila,1,1,71,,,LOC
criterio,imagen_cultural,Paint It Blue In The World,1,1,71,,,MISC
criterio,imagen_cultural,Palacio Bellas Artes,1,1,71,,,LOC
criterio,imagen_cultural,Papas,1,1,71,,,PER
criterio,imagen_cultural,Paseo,1,1,71,,,PER
criterio,imagen_cultural,Pirámide de la Luna,1,1,71,,,LOC
criterio,imagen_cultural,Pirámide del Sol,1,1,71,,,LOC
criterio,imagen_cultural,Portugal,1,1,71,,,LOC
criterio,imagen_cultural,Praga,1,1,71,,,LOC
criterio,imagen_cultural,Puerto Morelos,1,1,71,,,LOC
criterio,imagen_cultural,Que llegue,1,1,71,,,MISC
criterio,imagen_cultural,Que se joda,1,1,71,,,MISC
criterio,imagen_cultural,Quesadillas,1,1,71,,,MISC
criterio,imagen_cultural,Qué ambiente,1,1,71,,,MISC
criterio,imagen_cultural,Saludé a un barco de colores,1,1,71,,,MISC
criterio,imagen_cultural,San Francisco 🍺 Disfrutando de,1,1,71,,,LOC
criterio,imagen_cultural,San Miguel de Allende,1,1,71,,,MX_DESTINO
criterio,imagen_cultural,Seguir,1,1,71,,,ORG
criterio,imagen_cultural,Sentí,1,1,71,,,PER
criterio,imagen_cultural,Sexy Dison,1,1,71,,,PER
criterio,imagen_cultural,Taiwán,1,1,71,,,LOC
criterio,imagen_cultural,Te amo también ♾️,1,1,71,,,MISC
criterio,imagen_cultural,Texas,1,1,71,,,LOC
criterio,imagen_cultural,The Azteca,1,1,71,,,ORG
criterio,imagen_cultural,Tikal,1,1,71,,,LOC
criterio,imagen_cultural,Todavía no estoy seguro de cómo,1,1,71,,,MISC
criterio,imagen_cultural,Todo lo que hemos oído,1,1,71,,,MISC
criterio,imagen_cultural,Todos han sido tan acogedores y amables,1,1,71,,,MISC
criterio,imagen_cultural,Tokio,1,1,71,,,LOC
criterio,imagen_cultural,Tranmere,1,1,71,,,PER
criterio,imagen_cultural,Triturado #vegetarian #summer #recipes,1,1,71,,,MISC
criterio,imagen_cultural,Tsunsan,1,1,71,,,LOC
criterio,imagen_cultural,Tuve,1,1,71,,,PER
criterio,imagen_cultural,Ugh,1,1,71,,,MISC
criterio,imagen_cultural,Un sueño de la infancia,1,1,71,,,MISC
criterio,imagen_cultural,Vamos Inglaterra! 🏴󠁧󠁢󠁥󠁮󠁧󠁿,1,1,71,,,MISC
criterio,imagen_cultural,Vamos Japón! 🇯🇵 ¡Viva,1,1,71,,,MISC
criterio,imagen_cultural,Ve al blog,1,1,71,,,MISC
criterio,imagen_cultural,Ve al blog! #vegetarian #recipe #quesadillas,1,1,71,,,MISC
criterio,imagen_cultural,Vengo,1,1,71,,,MISC
criterio,imagen_cultural,Verano,1,1,71,,,LOC
criterio,imagen_cultural,Veré,1,1,71,,,MISC
criterio,imagen_cultural,VivaMexico,1,1,71,,,MISC
criterio,imagen_cultural,Yonna,1,1,71,,,LOC
criterio,imagen_cultural,lima,1,1,71,,,LOC
criterio,imagen_cultural,mar de,1,1,71,,,LOC
criterio,imagen_cultural,tbt Hagamos,1,1,71,,,PER
criterio,perspectiva_politica,México,12,10,25,,,MX_PAIS
criterio,perspectiva_politica,Monterrey,6,5,25,,,MX_CIUDAD_SEDE
criterio,perspectiva_politica,Ciudad de México,5,5,25,,,MX_CIUDAD_SEDE
criterio,perspectiva_politica,mexicanos,4,4,25,,,MX_PAIS
criterio,perspectiva_politica,Uber,2,2,25,,,ORG
criterio,perspectiva_politica,aeropuerto de,2,2,25,,,LOC
criterio,perspectiva_politica,Alguien sabe dónde las venden,1,1,25,,,MISC
criterio,perspectiva_politica,Azteca,1,1,25,,,LOC
criterio,perspectiva_politica,Cancún,1,1,25,,,MX_DESTINO
criterio,perspectiva_politica,Como es selva hay mucha sombra,1,1,25,,,MISC
criterio,perspectiva_politica,Como iba con niños,1,1,25,,,MISC
criterio,perspectiva_politica,Dios mío,1,1,25,,,MISC
criterio,perspectiva_politica,El ambiente de la ciudad,1,1,25,,,MISC
criterio,perspectiva_politica,El nivel de peligro del Ministerio de Asuntos Exteriores,1,1,25,,,MISC
criterio,perspectiva_politica,Estados Unidos,1,1,25,,,LOC
criterio,perspectiva_politica,FIFAwouldcup,1,1,25,,,MISC
criterio,perspectiva_politica,Inglaterra,1,1,25,,,LOC
criterio,perspectiva_politica,Internacional Felipe Ángeles,1,1,25,,,LOC
criterio,perspectiva_politica,Joder,1,1,25,,,MISC
criterio,perspectiva_politica,LCC,1,1,25,,,ORG
criterio,perspectiva_politica,La policía,1,1,25,,,MISC
criterio,perspectiva_politica,Los metros están llenos hasta el techo,1,1,25,,,MISC
criterio,perspectiva_politica,Me,1,1,25,,,MISC
criterio,perspectiva_politica,Me apresuré en el viaje,1,1,25,,,MISC
criterio,perspectiva_politica,Me dolió,1,1,25,,,MISC
criterio,perspectiva_politica,Me quitaron todo el dinero,1,1,25,,,MISC
criterio,perspectiva_politica,Ni siquiera me multarán,1,1,25,,,MISC
criterio,perspectiva_politica,No diría que,1,1,25,,,MISC
criterio,perspectiva_politica,Obtén,1,1,25,,,MISC
criterio,perspectiva_politica,Que en el supermercado,1,1,25,,,MISC
criterio,perspectiva_politica,Que se joda,1,1,25,,,MISC
criterio,perspectiva_politica,Robado,1,1,25,,,LOC
criterio,perspectiva_politica,Solo,1,1,25,,,PER
criterio,perspectiva_politica,Solo lo confiscarán,1,1,25,,,MISC
criterio,perspectiva_politica,TC,1,1,25,,,ORG
criterio,perspectiva_politica,Tengo,1,1,25,,,MISC
criterio,perspectiva_politica,Tijuana,1,1,25,,,MX_DESTINO
criterio,perspectiva_politica,Tikal,1,1,25,,,LOC
criterio,perspectiva_politica,Tulum,1,1,25,,,MX_DESTINO
criterio,perspectiva_politica,Túnez,1,1,25,,,LOC
criterio,perspectiva_politica,Un viaje de 18 km,1,1,25,,,MISC
criterio,perspectiva_politica,estadio🏟️,1,1,25,,,LOC
criterio,violencia,México,16,13,25,,,MX_PAIS
criterio,violencia,mexicanos,6,5,25,,,MX_PAIS
criterio,violencia,Cancún,4,4,25,,,MX_DESTINO
criterio,violencia,Ciudad de México,4,4,25,,,MX_CIUDAD_SEDE
criterio,violencia,Monterrey,4,3,25,,,MX_CIUDAD_SEDE
criterio,violencia,Al menos,1,1,25,,,MISC
criterio,violencia,Dios mío,1,1,25,,,MISC
criterio,violencia,Dustin,1,1,25,,,PER
criterio,violencia,El ambiente de la ciudad,1,1,25,,,MISC
criterio,violencia,El mundo…,1,1,25,,,MISC
criterio,violencia,El nivel de peligro del Ministerio de Asuntos Exteriores,1,1,25,,,MISC
criterio,violencia,Ese paseo en bote,1,1,25,,,MISC
criterio,violencia,Estados Unidos,1,1,25,,,LOC
criterio,violencia,Hasta ahora,1,1,25,,,MISC
criterio,violencia,Inglaterra,1,1,25,,,LOC
criterio,violencia,Internacional Felipe Ángeles,1,1,25,,,LOC
criterio,violencia,La comida es deliciosa,1,1,25,,,MISC
criterio,violencia,La neutralización del enemigo,1,1,25,,,MISC
criterio,violencia,La policía,1,1,25,,,MISC
criterio,violencia,La próxima vez,1,1,25,,,MISC
criterio,violencia,"Lo siento, pequeño",1,1,25,,,MISC
criterio,violencia,Lotta,1,1,25,,,PER
criterio,violencia,Me dolió,1,1,25,,,MISC
criterio,violencia,Me quitaron todo el dinero,1,1,25,,,MISC
criterio,violencia,Ni siquiera me multarán,1,1,25,,,MISC
criterio,violencia,Ni siquiera puedo sacar los M&M's,1,1,25,,,MISC
criterio,violencia,No diría que,1,1,25,,,MISC
criterio,violencia,No tenía ni idea de que,1,1,25,,,MISC
criterio,violencia,Ohhhhhhhh Tequila,1,1,25,,,LOC
criterio,violencia,Que en el supermercado,1,1,25,,,MISC
criterio,violencia,Que se joda,1,1,25,,,MISC
criterio,violencia,Robado,1,1,25,,,LOC
criterio,violencia,Solo,1,1,25,,,PER
criterio,violencia,Solo lo confiscarán,1,1,25,,,MISC
criterio,violencia,Solo una,1,1,25,,,MISC
criterio,violencia,Tengo,1,1,25,,,MISC
criterio,violencia,Tijuana,1,1,25,,,MX_DESTINO
criterio,violencia,Túnez,1,1,25,,,LOC
criterio,violencia,Zeb,1,1,25,,,MISC
criterio,violencia,Él: Lo sabía,1,1,25,,,MISC
criterio,violencia,Él: ¿Eran negros,1,1,25,,,MISC
criterio_valencia,atmosfera__ambivalente,México,2,2,4,0.171,56.0,MX_PAIS
criterio_valencia,atmosfera__ambivalente,El Cerro de la Silla,1,1,4,,,LOC
criterio_valencia,atmosfera__ambivalente,Estados Unidos,1,1,4,,,LOC
criterio_valencia,atmosfera__ambivalente,La comida es deliciosa,1,1,4,,,MISC
criterio_valencia,atmosfera__ambivalente,Monterrey,1,1,4,0.321,9.0,MX_CIUDAD_SEDE
criterio_valencia,atmosfera__negativo,México,17,13,38,-0.285,41.0,MX_PAIS
criterio_valencia,atmosfera__negativo,mexicanos,12,11,38,1.017,13.0,MX_PAIS
criterio_valencia,atmosfera__negativo,Ciudad de México,5,5,38,-0.385,15.0,MX_CIUDAD_SEDE
criterio_valencia,atmosfera__negativo,Monterrey,5,4,38,0.686,5.0,MX_CIUDAD_SEDE
criterio_valencia,atmosfera__negativo,Inglaterra,4,3,38,1.001,2.0,LOC
criterio_valencia,atmosfera__negativo,Cancún,3,3,38,0.524,3.0,MX_DESTINO
criterio_valencia,atmosfera__negativo,Al menos,1,1,38,,,MISC
criterio_valencia,atmosfera__negativo,Alguien sabe dónde las venden,1,1,38,,,MISC
criterio_valencia,atmosfera__negativo,AÚN,1,1,38,,,PER
criterio_valencia,atmosfera__negativo,Como es selva hay mucha sombra,1,1,38,,,MISC
criterio_valencia,atmosfera__negativo,Dios mío,1,1,38,,,MISC
criterio_valencia,atmosfera__negativo,Dustin,1,1,38,,,PER
criterio_valencia,atmosfera__negativo,Ecuador,1,1,38,,,LOC
criterio_valencia,atmosfera__negativo,El Azteca,1,1,38,,,LOC
criterio_valencia,atmosfera__negativo,El ambiente de la ciudad,1,1,38,,,MISC
criterio_valencia,atmosfera__negativo,Eleven,1,1,38,,,MISC
criterio_valencia,atmosfera__negativo,FIFAwouldcup,1,1,38,,,MISC
criterio_valencia,atmosfera__negativo,Historia,1,1,38,,,ORG
criterio_valencia,atmosfera__negativo,Horribles,1,1,38,,,MISC
criterio_valencia,atmosfera__negativo,Internacional Felipe Ángeles,1,1,38,,,LOC
criterio_valencia,atmosfera__negativo,Italia,1,1,38,,,LOC
criterio_valencia,atmosfera__negativo,Japón,1,1,38,-0.315,4.0,LOC
criterio_valencia,atmosfera__negativo,LCC,1,1,38,,,ORG
criterio_valencia,atmosfera__negativo,La policía,1,1,38,,,MISC
criterio_valencia,atmosfera__negativo,Los metros están llenos hasta el techo,1,1,38,,,MISC
criterio_valencia,atmosfera__negativo,Lúgubre,1,1,38,,,LOC
criterio_valencia,atmosfera__negativo,Mala gente,1,1,38,,,MISC
criterio_valencia,atmosfera__negativo,Me,1,1,38,-0.163,3.0,ORG
criterio_valencia,atmosfera__negativo,Me apresuré en el viaje,1,1,38,,,MISC
criterio_valencia,atmosfera__negativo,Me dolió,1,1,38,,,MISC
criterio_valencia,atmosfera__negativo,Me quitaron todo el dinero,1,1,38,,,MISC
criterio_valencia,atmosfera__negativo,Mike Basset,1,1,38,,,PER
criterio_valencia,atmosfera__negativo,Mundial 2026,1,1,38,-0.83,9.0,MX_TORNEO
criterio_valencia,atmosfera__negativo,No diría que,1,1,38,,,MISC
criterio_valencia,atmosfera__negativo,Qatar,1,1,38,,,LOC
criterio_valencia,atmosfera__negativo,Que en el supermercado,1,1,38,,,MISC
criterio_valencia,atmosfera__negativo,Que se joda,1,1,38,,,MISC
criterio_valencia,atmosfera__negativo,Robado,1,1,38,,,LOC
criterio_valencia,atmosfera__negativo,Sato,1,1,38,,,PER
criterio_valencia,atmosfera__negativo,Seven,1,1,38,,,MISC
criterio_valencia,atmosfera__negativo,Solo,1,1,38,,,PER
criterio_valencia,atmosfera__negativo,Solo una,1,1,38,,,MISC
criterio_valencia,atmosfera__negativo,Tendré hambre,1,1,38,,,MISC
criterio_valencia,atmosfera__negativo,Tengo,1,1,38,,,MISC
criterio_valencia,atmosfera__negativo,Tijuana,1,1,38,,,MX_DESTINO
criterio_valencia,atmosfera__negativo,Tikal,1,1,38,,,LOC
criterio_valencia,atmosfera__negativo,Todo lo que hemos oído,1,1,38,,,MISC
criterio_valencia,atmosfera__negativo,Uber,1,1,38,,,ORG
criterio_valencia,atmosfera__negativo,Un sueño de la infancia,1,1,38,,,MISC
criterio_valencia,atmosfera__negativo,Un viaje de 18 km,1,1,38,,,MISC
criterio_valencia,atmosfera__negativo,Una de las mejores actuaciones de,1,1,38,,,MISC
criterio_valencia,atmosfera__negativo,Vamos Inglaterra! 🏴󠁧󠁢󠁥󠁮󠁧󠁿,1,1,38,,,MISC
criterio_valencia,atmosfera__negativo,Ve al blog,1,1,38,,,MISC
criterio_valencia,atmosfera__negativo,Vinimos,1,1,38,,,LOC
criterio_valencia,atmosfera__negativo,Voy,1,1,38,,,PER
criterio_valencia,atmosfera__negativo,Él: Lo sabía,1,1,38,,,MISC
criterio_valencia,atmosfera__negativo,Él: ¿Eran negros,1,1,38,,,MISC
criterio_valencia,atmosfera__negativo,🤔 Estoy,1,1,38,,,PER
criterio_valencia,atmosfera__positivo,México,39,35,62,0.122,19.0,MX_PAIS
criterio_valencia,atmosfera__positivo,Ciudad de México,15,12,62,0.493,5.0,MX_CIUDAD_SEDE
criterio_valencia,atmosfera__positivo,mexicanos,13,11,62,-0.892,12.0,MX_PAIS
criterio_valencia,atmosfera__positivo,Mundial 2026,9,8,62,0.902,1.0,MX_TORNEO
criterio_valencia,atmosfera__positivo,Japón,4,4,62,0.366,1.0,LOC
criterio_valencia,atmosfera__positivo,Monterrey,4,4,62,-0.987,6.0,MX_CIUDAD_SEDE
criterio_valencia,atmosfera__positivo,Cancún,3,3,62,-0.467,3.0,MX_DESTINO
criterio_valencia,atmosfera__positivo,Me,3,3,62,0.209,1.0,MISC
criterio_valencia,atmosfera__positivo,Nueva York,3,3,62,0.681,0.0,LOC
criterio_valencia,atmosfera__positivo,Adivinas dónde,2,2,62,,,MISC
criterio_valencia,atmosfera__positivo,Ahora,2,2,62,,,MISC
criterio_valencia,atmosfera__positivo,América,2,2,62,,,LOC
criterio_valencia,atmosfera__positivo,Diego Luna,2,1,62,,,PER
criterio_valencia,atmosfera__positivo,Inglaterra,2,2,62,-0.944,4.0,LOC
criterio_valencia,atmosfera__positivo,Playa del Carmen,2,2,62,,,MX_DESTINO
criterio_valencia,atmosfera__positivo,Puerto Vallarta,2,1,62,,,MX_DESTINO
criterio_valencia,atmosfera__positivo,Shonan,2,1,62,,,LOC
criterio_valencia,atmosfera__positivo,Tulum,2,2,62,,,MX_DESTINO
criterio_valencia,atmosfera__positivo,Túnez,2,2,62,,,LOC
criterio_valencia,atmosfera__positivo,vacation,2,2,62,,,ORG
criterio_valencia,atmosfera__positivo,A veces me levanto tarde,1,1,62,,,MISC
criterio_valencia,atmosfera__positivo,AIFA,1,1,62,,,MISC
criterio_valencia,atmosfera__positivo,Ah,1,1,62,,,MISC
criterio_valencia,atmosfera__positivo,Ahora mi novia,1,1,62,,,MISC
criterio_valencia,atmosfera__positivo,Airbnb,1,1,62,,,ORG
criterio_valencia,atmosfera__positivo,Algún día el fútbol,1,1,62,,,MISC
criterio_valencia,atmosfera__positivo,Amigos,1,1,62,,,MISC
criterio_valencia,atmosfera__positivo,Atlanta,1,1,62,,,LOC
criterio_valencia,atmosfera__positivo,Buena comida y mucha diversión 😊,1,1,62,,,MISC
criterio_valencia,atmosfera__positivo,Cabo,1,1,62,,,LOC
criterio_valencia,atmosfera__positivo,Celebrando nuestra luna de miel,1,1,62,,,MISC
criterio_valencia,atmosfera__positivo,Comenté,1,1,62,,,MISC
criterio_valencia,atmosfera__positivo,Como iba con niños,1,1,62,,,MISC
criterio_valencia,atmosfera__positivo,Covid,1,1,62,,,LOC
criterio_valencia,atmosfera__positivo,Creo que las chicas,1,1,62,,,MISC
criterio_valencia,atmosfera__positivo,Creo que podré ajustar el desfase horario si duermo en el avión ¡La tercera vez que veo la,1,1,62,,,MISC
criterio_valencia,atmosfera__positivo,Cómodo ✨! ¡Lo continuaré incluso,1,1,62,,,MISC
criterio_valencia,atmosfera__positivo,Dallas,1,1,62,,,LOC
criterio_valencia,atmosfera__positivo,Definitivamente regresaré a la,1,1,62,,,MISC
criterio_valencia,atmosfera__positivo,Duermo,1,1,62,,,LOC
criterio_valencia,atmosfera__positivo,El asiento que conseguí en threds,1,1,62,,,MISC
criterio_valencia,atmosfera__positivo,El dinero,1,1,62,,,MISC
criterio_valencia,atmosfera__positivo,El mundo es redondo,1,1,62,,,MISC
criterio_valencia,atmosfera__positivo,El mundo…,1,1,62,,,MISC
criterio_valencia,atmosfera__positivo,El nivel de peligro del Ministerio de Asuntos Exteriores,1,1,62,,,MISC
criterio_valencia,atmosfera__positivo,Ese paseo en bote,1,1,62,,,MISC
criterio_valencia,atmosfera__positivo,Este lugar nos está mimando,1,1,62,,,MISC
criterio_valencia,atmosfera__positivo,Estoy emocionada~ ✊✊,1,1,62,,,MISC
criterio_valencia,atmosfera__positivo,FIFA,1,1,62,,,MX_TORNEO
criterio_valencia,atmosfera__positivo,Fan Fest,1,1,62,,,MISC
criterio_valencia,atmosfera__positivo,Good Boy,1,1,62,,,MISC
criterio_valencia,atmosfera__positivo,Gringo,1,1,62,,,MISC
criterio_valencia,atmosfera__positivo,Guadalajara,1,1,62,,,MX_CIUDAD_SEDE
criterio_valencia,atmosfera__positivo,Guatemala,1,1,62,,,LOC
criterio_valencia,atmosfera__positivo,Has sido maravillosa,1,1,62,,,MISC
criterio_valencia,atmosfera__positivo,Hasta ahora,1,1,62,,,MISC
criterio_valencia,atmosfera__positivo,Hasta la próxima 🇺🇸,1,1,62,,,MISC
criterio_valencia,atmosfera__positivo,La Ciudad,1,1,62,,,LOC
criterio_valencia,atmosfera__positivo,La cantina de hoy en la,1,1,62,,,MISC
criterio_valencia,atmosfera__positivo,La extrañaré,1,1,62,,,LOC
criterio_valencia,atmosfera__positivo,La gente,1,1,62,,,MISC
criterio_valencia,atmosfera__positivo,Lo cual es genial,1,1,62,,,MISC
criterio_valencia,atmosfera__positivo,Lo pospuse,1,1,62,,,MISC
criterio_valencia,atmosfera__positivo,Los,1,1,62,,,MISC
criterio_valencia,atmosfera__positivo,Maldita sea,1,1,62,,,MISC
criterio_valencia,atmosfera__positivo,Me quemé,1,1,62,,,MISC
criterio_valencia,atmosfera__positivo,MexicoCity #Tacos,1,1,62,,,MISC
criterio_valencia,atmosfera__positivo,Minjeongie,1,1,62,,,PER
criterio_valencia,atmosfera__positivo,Muchísimas,1,1,62,,,LOC
criterio_valencia,atmosfera__positivo,Nadé,1,1,62,,,LOC
criterio_valencia,atmosfera__positivo,No tenía ni idea de que,1,1,62,,,MISC
criterio_valencia,atmosfera__positivo,OK 🙆,1,1,62,,,MISC
criterio_valencia,atmosfera__positivo,Oaxaca,1,1,62,,,MX_DESTINO
criterio_valencia,atmosfera__positivo,Ohhhhhhhh Tequila,1,1,62,,,LOC
criterio_valencia,atmosfera__positivo,Palacio Bellas Artes,1,1,62,,,LOC
criterio_valencia,atmosfera__positivo,Paseo,1,1,62,,,PER
criterio_valencia,atmosfera__positivo,Playa,1,1,62,,,LOC
criterio_valencia,atmosfera__positivo,Portugal,1,1,62,,,LOC
criterio_valencia,atmosfera__positivo,Praga,1,1,62,,,LOC
criterio_valencia,atmosfera__positivo,Puerto Morelos,1,1,62,,,LOC
criterio_valencia,atmosfera__positivo,Que llegue,1,1,62,,,MISC
criterio_valencia,atmosfera__positivo,Quiero,1,1,62,,,MISC
criterio_valencia,atmosfera__positivo,Qué ambiente,1,1,62,,,MISC
criterio_valencia,atmosfera__positivo,San Francisco 🍺 Disfrutando de,1,1,62,,,LOC
criterio_valencia,atmosfera__positivo,Seguir,1,1,62,,,ORG
criterio_valencia,atmosfera__positivo,Sin embargo,1,1,62,,,MISC
criterio_valencia,atmosfera__positivo,Solo reservamos el vuelo,1,1,62,,,MISC
criterio_valencia,atmosfera__positivo,Sudáfrica,1,1,62,,,LOC
criterio_valencia,atmosfera__positivo,TC,1,1,62,,,ORG
criterio_valencia,atmosfera__positivo,Te amo también ♾️,1,1,62,,,MISC
criterio_valencia,atmosfera__positivo,Teotihuacán,1,1,62,,,MX_DESTINO
criterio_valencia,atmosfera__positivo,Todavía no estoy seguro de cómo,1,1,62,,,MISC
criterio_valencia,atmosfera__positivo,Todos han sido tan acogedores y amables,1,1,62,,,MISC
criterio_valencia,atmosfera__positivo,Toronto,1,1,62,,,LOC
criterio_valencia,atmosfera__positivo,Tranmere,1,1,62,,,PER
criterio_valencia,atmosfera__positivo,Uber,1,1,62,,,PER
criterio_valencia,atmosfera__positivo,Ugh,1,1,62,,,MISC
criterio_valencia,atmosfera__positivo,Un viaje de toda la vida y recuerdos,1,1,62,,,MISC
criterio_valencia,atmosfera__positivo,Vamos Japón! 🇯🇵 ¡Viva,1,1,62,,,MISC
criterio_valencia,atmosfera__positivo,Ve al blog! #vegetarian #recipe #quesadillas,1,1,62,,,MISC
criterio_valencia,atmosfera__positivo,VivaMexico,1,1,62,,,MISC
criterio_valencia,atmosfera__positivo,VivaMéxico,1,1,62,,,MISC
criterio_valencia,atmosfera__positivo,aeropuerto de,1,1,62,,,LOC
criterio_valencia,atmosfera__positivo,el Azteca,1,1,62,,,LOC
criterio_valencia,atmosfera__positivo,jaja,1,1,62,,,MISC
criterio_valencia,atmosfera__positivo,mar de,1,1,62,,,LOC
criterio_valencia,atmosfera__positivo,wow,1,1,62,,,MISC
criterio_valencia,atmosfera__positivo,😂 Grandes,1,1,62,,,PER
criterio_valencia,imagen_cultural__ambivalente,México,6,6,20,-0.383,23.0,MX_PAIS
criterio_valencia,imagen_cultural__ambivalente,Monterrey,5,5,20,1.079,4.0,MX_CIUDAD_SEDE
criterio_valencia,imagen_cultural__ambivalente,Teotihuacán,2,2,20,0.571,2.0,MX_DESTINO
criterio_valencia,imagen_cultural__ambivalente,América,1,1,20,,,LOC
criterio_valencia,imagen_cultural__ambivalente,Bellmare,1,1,20,,,LOC
criterio_valencia,imagen_cultural__ambivalente,Boursin Huevos,1,1,20,,,MISC
criterio_valencia,imagen_cultural__ambivalente,Ciudad de México,1,1,20,-0.817,12.0,MX_CIUDAD_SEDE
criterio_valencia,imagen_cultural__ambivalente,Crostini,1,1,20,,,PER
criterio_valencia,imagen_cultural__ambivalente,Cruzo los dedos,1,1,20,,,MISC
criterio_valencia,imagen_cultural__ambivalente,Cómo estás,1,1,20,,,MISC
criterio_valencia,imagen_cultural__ambivalente,Don Julio,1,1,20,,,PER
criterio_valencia,imagen_cultural__ambivalente,El Azteca,1,1,20,,,LOC
criterio_valencia,imagen_cultural__ambivalente,El Cerro de la Silla,1,1,20,,,LOC
criterio_valencia,imagen_cultural__ambivalente,Elote,1,1,20,,,LOC
criterio_valencia,imagen_cultural__ambivalente,Ensalada griega de frijoles blancos picados #vegetariano #buenacomida,1,1,20,,,MISC
criterio_valencia,imagen_cultural__ambivalente,Ensaladas Hamburguesas,1,1,20,,,LOC
criterio_valencia,imagen_cultural__ambivalente,Escuchando música latina en vivo,1,1,20,,,MISC
criterio_valencia,imagen_cultural__ambivalente,España,1,1,20,,,LOC
criterio_valencia,imagen_cultural__ambivalente,Guacamole Ensalada de Jardín Veraniega Noche de Hamburguesas de Verano Ensalada César de Tater,1,1,20,,,LOC
criterio_valencia,imagen_cultural__ambivalente,Guacamole Tater Tacos Chipotle Lentil Tacos Guaco Hard Tacos Cheesy Jalapeno Cauli Tacos,1,1,20,,,PER
criterio_valencia,imagen_cultural__ambivalente,Hamburguesas,1,1,20,,,LOC
criterio_valencia,imagen_cultural__ambivalente,Imperio azteca,1,1,20,,,LOC
criterio_valencia,imagen_cultural__ambivalente,Japón,1,1,20,,,LOC
criterio_valencia,imagen_cultural__ambivalente,La cantina de hoy en la,1,1,20,,,MISC
criterio_valencia,imagen_cultural__ambivalente,La comida es deliciosa,1,1,20,,,MISC
criterio_valencia,imagen_cultural__ambivalente,La foto,1,1,20,,,MISC
criterio_valencia,imagen_cultural__ambivalente,Los Ángeles,1,1,20,,,LOC
criterio_valencia,imagen_cultural__ambivalente,Museo de Historia de,1,1,20,,,LOC
criterio_valencia,imagen_cultural__ambivalente,"No, mi hija",1,1,20,,,MISC
criterio_valencia,imagen_cultural__ambivalente,Paint It Blue In The World,1,1,20,,,MISC
criterio_valencia,imagen_cultural__ambivalente,Papas,1,1,20,,,PER
criterio_valencia,imagen_cultural__ambivalente,Pirámide de la Luna,1,1,20,,,LOC
criterio_valencia,imagen_cultural__ambivalente,Pirámide del Sol,1,1,20,,,LOC
criterio_valencia,imagen_cultural__ambivalente,Puerto Morelos,1,1,20,,,LOC
criterio_valencia,imagen_cultural__ambivalente,Quesadillas,1,1,20,,,MISC
criterio_valencia,imagen_cultural__ambivalente,Saludé a un barco de colores,1,1,20,,,MISC
criterio_valencia,imagen_cultural__ambivalente,Sentí,1,1,20,,,PER
criterio_valencia,imagen_cultural__ambivalente,Sexy Dison,1,1,20,,,PER
criterio_valencia,imagen_cultural__ambivalente,Texas,1,1,20,,,LOC
criterio_valencia,imagen_cultural__ambivalente,Tokio,1,1,20,,,LOC
criterio_valencia,imagen_cultural__ambivalente,Triturado #vegetarian #summer #recipes,1,1,20,,,MISC
criterio_valencia,imagen_cultural__ambivalente,Tulum,1,1,20,,,MX_DESTINO
criterio_valencia,imagen_cultural__ambivalente,Verano,1,1,20,,,LOC
criterio_valencia,imagen_cultural__ambivalente,lima,1,1,20,,,LOC
criterio_valencia,imagen_cultural__ambivalente,mexicanos,1,1,20,-0.753,11.0,MX_PAIS
criterio_valencia,imagen_cultural__negativo,México,6,6,10,0.415,23.0,MX_PAIS
criterio_valencia,imagen_cultural__negativo,mexicanos,4,4,10,0.794,8.0,MX_PAIS
criterio_valencia,imagen_cultural__negativo,Mundial 2026,2,1,10,0.674,3.0,MX_TORNEO
criterio_valencia,imagen_cultural__negativo,Alguien sabe dónde las venden,1,1,10,,,MISC
criterio_valencia,imagen_cultural__negativo,Cancún,1,1,10,,,MX_DESTINO
criterio_valencia,imagen_cultural__negativo,Ciudad de México,1,1,10,-0.337,12.0,MX_CIUDAD_SEDE
criterio_valencia,imagen_cultural__negativo,Como es selva hay mucha sombra,1,1,10,,,MISC
criterio_valencia,imagen_cultural__negativo,EE. UU,1,1,10,,,LOC
criterio_valencia,imagen_cultural__negativo,El Azteca,1,1,10,,,LOC
criterio_valencia,imagen_cultural__negativo,Estados Unidos,1,1,10,,,LOC
criterio_valencia,imagen_cultural__negativo,FIFAwouldcup,1,1,10,,,MISC
criterio_valencia,imagen_cultural__negativo,Inglaterra,1,1,10,0.24,3.0,LOC
criterio_valencia,imagen_cultural__negativo,Mala gente,1,1,10,,,MISC
criterio_valencia,imagen_cultural__negativo,Mike Basset,1,1,10,,,PER
criterio_valencia,imagen_cultural__negativo,Monterrey,1,1,10,-0.148,8.0,MX_CIUDAD_SEDE
criterio_valencia,imagen_cultural__negativo,Que se joda,1,1,10,,,MISC
criterio_valencia,imagen_cultural__negativo,Taiwán,1,1,10,,,LOC
criterio_valencia,imagen_cultural__negativo,Tikal,1,1,10,,,LOC
criterio_valencia,imagen_cultural__negativo,Todo lo que hemos oído,1,1,10,,,MISC
criterio_valencia,imagen_cultural__negativo,Un sueño de la infancia,1,1,10,,,MISC
criterio_valencia,imagen_cultural__negativo,Vamos Inglaterra! 🏴󠁧󠁢󠁥󠁮󠁧󠁿,1,1,10,,,MISC
criterio_valencia,imagen_cultural__negativo,Ve al blog,1,1,10,,,MISC
criterio_valencia,imagen_cultural__negativo,Vengo,1,1,10,,,MISC
criterio_valencia,imagen_cultural__positivo,México,17,15,41,-0.025,12.0,MX_PAIS
criterio_valencia,imagen_cultural__positivo,Ciudad de México,11,8,41,1.133,2.0,MX_CIUDAD_SEDE
criterio_valencia,imagen_cultural__positivo,mexicanos,7,6,41,-0.027,5.0,MX_PAIS
criterio_valencia,imagen_cultural__positivo,Inglaterra,3,3,41,0.377,1.0,LOC
criterio_valencia,imagen_cultural__positivo,Monterrey,3,3,41,-0.924,6.0,MX_CIUDAD_SEDE
criterio_valencia,imagen_cultural__positivo,Mundial 2026,3,3,41,0.027,2.0,MX_TORNEO
criterio_valencia,imagen_cultural__positivo,Oaxaca,3,3,41,0.822,0.0,MX_DESTINO
criterio_valencia,imagen_cultural__positivo,Ahora,2,2,41,,,MISC
criterio_valencia,imagen_cultural__positivo,Cabo,2,2,41,,,LOC
criterio_valencia,imagen_cultural__positivo,Diego Luna,2,1,41,,,PER
criterio_valencia,imagen_cultural__positivo,Nueva York,2,2,41,,,LOC
criterio_valencia,imagen_cultural__positivo,Playa del Carmen,2,2,41,,,MX_DESTINO
criterio_valencia,imagen_cultural__positivo,Teotihuacán,2,2,41,-0.211,2.0,MX_DESTINO
criterio_valencia,imagen_cultural__positivo,vacation,2,2,41,,,ORG
criterio_valencia,imagen_cultural__positivo,Adictivamente deliciosas,1,1,41,,,MISC
criterio_valencia,imagen_cultural__positivo,Algún día el fútbol,1,1,41,,,MISC
criterio_valencia,imagen_cultural__positivo,Arracherra,1,1,41,,,PER
criterio_valencia,imagen_cultural__positivo,Azteca,1,1,41,,,LOC
criterio_valencia,imagen_cultural__positivo,Buena comida y mucha diversión 😊,1,1,41,,,MISC
criterio_valencia,imagen_cultural__positivo,Burrito Bowl Quesadillas,1,1,41,,,ORG
criterio_valencia,imagen_cultural__positivo,Cancún,1,1,41,,,MX_DESTINO
criterio_valencia,imagen_cultural__positivo,Cobs Air Fryer Street Corn Jalapeno Cheetos Street Corn #vegetarian #streetcorn,1,1,41,,,MISC
criterio_valencia,imagen_cultural__positivo,Comenté,1,1,41,,,MISC
criterio_valencia,imagen_cultural__positivo,Covid,1,1,41,,,LOC
criterio_valencia,imagen_cultural__positivo,Darke,1,1,41,,,PER
criterio_valencia,imagen_cultural__positivo,Definitivamente regresaré a la,1,1,41,,,MISC
criterio_valencia,imagen_cultural__positivo,Drippy Dip,1,1,41,,,PER
criterio_valencia,imagen_cultural__positivo,El mundo…,1,1,41,,,MISC
criterio_valencia,imagen_cultural__positivo,Enchiladas de,1,1,41,,,MISC
criterio_valencia,imagen_cultural__positivo,Ese paseo en bote,1,1,41,,,MISC
criterio_valencia,imagen_cultural__positivo,Este lugar nos está mimando,1,1,41,,,MISC
criterio_valencia,imagen_cultural__positivo,FIFA,1,1,41,,,MX_TORNEO
criterio_valencia,imagen_cultural__positivo,Frijol Refrito,1,1,41,,,MISC
criterio_valencia,imagen_cultural__positivo,Good Boy,1,1,41,,,MISC
criterio_valencia,imagen_cultural__positivo,Gringo,1,1,41,,,MISC
criterio_valencia,imagen_cultural__positivo,Has sido maravillosa,1,1,41,,,MISC
criterio_valencia,imagen_cultural__positivo,Hasta ahora,1,1,41,,,MISC
criterio_valencia,imagen_cultural__positivo,Hot Cheetos Elotes Queso,1,1,41,,,MISC
criterio_valencia,imagen_cultural__positivo,Jalapeño Cacerola de Tortilla de Taco,1,1,41,,,LOC
criterio_valencia,imagen_cultural__positivo,Japón,1,1,41,,,LOC
criterio_valencia,imagen_cultural__positivo,Joder,1,1,41,,,MISC
criterio_valencia,imagen_cultural__positivo,La Ciudad,1,1,41,,,LOC
criterio_valencia,imagen_cultural__positivo,Lo cual es genial,1,1,41,,,MISC
criterio_valencia,imagen_cultural__positivo,Mangos,1,1,41,,,PER
criterio_valencia,imagen_cultural__positivo,Me quemé,1,1,41,,,MISC
criterio_valencia,imagen_cultural__positivo,MexicoCity #Tacos,1,1,41,,,MISC
criterio_valencia,imagen_cultural__positivo,Minjeongie,1,1,41,,,PER
criterio_valencia,imagen_cultural__positivo,Nadé,1,1,41,,,LOC
criterio_valencia,imagen_cultural__positivo,No puedo esperar a hincarle el diente,1,1,41,,,MISC
criterio_valencia,imagen_cultural__positivo,No tenía ni idea de que,1,1,41,,,MISC
criterio_valencia,imagen_cultural__positivo,OK 🙆,1,1,41,,,MISC
criterio_valencia,imagen_cultural__positivo,Obtén,1,1,41,,,MISC
criterio_valencia,imagen_cultural__positivo,Ohhhhhhhh Tequila,1,1,41,,,LOC
criterio_valencia,imagen_cultural__positivo,Palacio Bellas Artes,1,1,41,,,LOC
criterio_valencia,imagen_cultural__positivo,Paseo,1,1,41,,,PER
criterio_valencia,imagen_cultural__positivo,Portugal,1,1,41,,,LOC
criterio_valencia,imagen_cultural__positivo,Praga,1,1,41,,,LOC
criterio_valencia,imagen_cultural__positivo,Que llegue,1,1,41,,,MISC
criterio_valencia,imagen_cultural__positivo,Qué ambiente,1,1,41,,,MISC
criterio_valencia,imagen_cultural__positivo,San Francisco 🍺 Disfrutando de,1,1,41,,,LOC
criterio_valencia,imagen_cultural__positivo,San Miguel de Allende,1,1,41,,,MX_DESTINO
criterio_valencia,imagen_cultural__positivo,Seguir,1,1,41,,,ORG
criterio_valencia,imagen_cultural__positivo,Te amo también ♾️,1,1,41,,,MISC
criterio_valencia,imagen_cultural__positivo,The Azteca,1,1,41,,,ORG
criterio_valencia,imagen_cultural__positivo,Todavía no estoy seguro de cómo,1,1,41,,,MISC
criterio_valencia,imagen_cultural__positivo,Todos han sido tan acogedores y amables,1,1,41,,,MISC
criterio_valencia,imagen_cultural__positivo,Tranmere,1,1,41,,,PER
criterio_valencia,imagen_cultural__positivo,Tsunsan,1,1,41,,,LOC
criterio_valencia,imagen_cultural__positivo,Tulum,1,1,41,,,MX_DESTINO
criterio_valencia,imagen_cultural__positivo,Tuve,1,1,41,,,PER
criterio_valencia,imagen_cultural__positivo,Ugh,1,1,41,,,MISC
criterio_valencia,imagen_cultural__positivo,Vamos Japón! 🇯🇵 ¡Viva,1,1,41,,,MISC
criterio_valencia,imagen_cultural__positivo,Ve al blog! #vegetarian #recipe #quesadillas,1,1,41,,,MISC
criterio_valencia,imagen_cultural__positivo,Veré,1,1,41,,,MISC
criterio_valencia,imagen_cultural__positivo,VivaMexico,1,1,41,,,MISC
criterio_valencia,imagen_cultural__positivo,Yonna,1,1,41,,,LOC
criterio_valencia,imagen_cultural__positivo,mar de,1,1,41,,,LOC
criterio_valencia,imagen_cultural__positivo,tbt Hagamos,1,1,41,,,PER
criterio_valencia,perspectiva_politica__negativo,México,12,10,21,1.026,0.0,MX_PAIS
criterio_valencia,perspectiva_politica__negativo,Ciudad de México,5,5,21,0.59,0.0,MX_CIUDAD_SEDE
criterio_valencia,perspectiva_politica__negativo,Monterrey,4,3,21,-0.394,2.0,MX_CIUDAD_SEDE
criterio_valencia,perspectiva_politica__negativo,mexicanos,3,3,21,-0.103,1.0,MX_PAIS
criterio_valencia,perspectiva_politica__negativo,Alguien sabe dónde las venden,1,1,21,,,MISC
criterio_valencia,perspectiva_politica__negativo,Cancún,1,1,21,,,MX_DESTINO
criterio_valencia,perspectiva_politica__negativo,Como es selva hay mucha sombra,1,1,21,,,MISC
criterio_valencia,perspectiva_politica__negativo,Dios mío,1,1,21,,,MISC
criterio_valencia,perspectiva_politica__negativo,El ambiente de la ciudad,1,1,21,,,MISC
criterio_valencia,perspectiva_politica__negativo,Estados Unidos,1,1,21,,,LOC
criterio_valencia,perspectiva_politica__negativo,FIFAwouldcup,1,1,21,,,MISC
criterio_valencia,perspectiva_politica__negativo,Internacional Felipe Ángeles,1,1,21,,,LOC
criterio_valencia,perspectiva_politica__negativo,LCC,1,1,21,,,ORG
criterio_valencia,perspectiva_politica__negativo,La policía,1,1,21,,,MISC
criterio_valencia,perspectiva_politica__negativo,Los metros están llenos hasta el techo,1,1,21,,,MISC
criterio_valencia,perspectiva_politica__negativo,Me apresuré en el viaje,1,1,21,,,MISC
criterio_valencia,perspectiva_politica__negativo,Me dolió,1,1,21,,,MISC
criterio_valencia,perspectiva_politica__negativo,Me quitaron todo el dinero,1,1,21,,,MISC
criterio_valencia,perspectiva_politica__negativo,Ni siquiera me multarán,1,1,21,,,MISC
criterio_valencia,perspectiva_politica__negativo,No diría que,1,1,21,,,MISC
criterio_valencia,perspectiva_politica__negativo,Que en el supermercado,1,1,21,,,MISC
criterio_valencia,perspectiva_politica__negativo,Que se joda,1,1,21,,,MISC
criterio_valencia,perspectiva_politica__negativo,Robado,1,1,21,,,LOC
criterio_valencia,perspectiva_politica__negativo,Solo,1,1,21,,,PER
criterio_valencia,perspectiva_politica__negativo,Solo lo confiscarán,1,1,21,,,MISC
criterio_valencia,perspectiva_politica__negativo,Tengo,1,1,21,,,MISC
criterio_valencia,perspectiva_politica__negativo,Tijuana,1,1,21,,,MX_DESTINO
criterio_valencia,perspectiva_politica__negativo,Tikal,1,1,21,,,LOC
criterio_valencia,perspectiva_politica__negativo,Tulum,1,1,21,,,MX_DESTINO
criterio_valencia,perspectiva_politica__negativo,Uber,1,1,21,,,ORG
criterio_valencia,perspectiva_politica__negativo,Un viaje de 18 km,1,1,21,,,MISC
criterio_valencia,perspectiva_politica__negativo,aeropuerto de,1,1,21,,,LOC
criterio_valencia,perspectiva_politica__negativo,estadio🏟️,1,1,21,,,LOC
criterio_valencia,perspectiva_politica__positivo,Monterrey,2,2,4,0.394,4.0,MX_CIUDAD_SEDE
criterio_valencia,perspectiva_politica__positivo,Azteca,1,1,4,,,LOC
criterio_valencia,perspectiva_politica__positivo,Como iba con niños,1,1,4,,,MISC
criterio_valencia,perspectiva_politica__positivo,El nivel de peligro del Ministerio de Asuntos Exteriores,1,1,4,,,MISC
criterio_valencia,perspectiva_politica__positivo,Inglaterra,1,1,4,,,LOC
criterio_valencia,perspectiva_politica__positivo,Joder,1,1,4,,,MISC
criterio_valencia,perspectiva_politica__positivo,Me,1,1,4,,,MISC
criterio_valencia,perspectiva_politica__positivo,Obtén,1,1,4,,,MISC
criterio_valencia,perspectiva_politica__positivo,TC,1,1,4,,,ORG
criterio_valencia,perspectiva_politica__positivo,Túnez,1,1,4,,,LOC
criterio_valencia,perspectiva_politica__positivo,Uber,1,1,4,,,PER
criterio_valencia,perspectiva_politica__positivo,aeropuerto de,1,1,4,,,LOC
criterio_valencia,perspectiva_politica__positivo,mexicanos,1,1,4,0.103,3.0,MX_PAIS
grupo,calificado,México,63,55,144,6.538,31.0,MX_PAIS
grupo,calificado,mexicanos,28,25,144,4.845,6.0,MX_PAIS
grupo,calificado,Ciudad de México,21,18,144,4.141,5.0,MX_CIUDAD_SEDE
grupo,calificado,Monterrey,15,14,144,2.623,14.0,MX_CIUDAD_SEDE
grupo,calificado,Mundial 2026,12,10,144,0.914,46.0,MX_TORNEO
grupo,calificado,Cancún,7,7,144,1.652,8.0,MX_DESTINO
grupo,calificado,Inglaterra,7,6,144,0.988,19.0,LOC
grupo,calificado,Japón,6,6,144,0.927,16.0,LOC
grupo,calificado,Tulum,5,5,144,1.469,5.0,MX_DESTINO
grupo,calificado,Me,4,4,144,1.313,4.0,MISC
grupo,calificado,Teotihuacán,4,4,144,2.008,0.0,MX_DESTINO
grupo,calificado,Nueva York,3,3,144,0.53,10.0,LOC
grupo,calificado,Oaxaca,3,3,144,1.738,0.0,MX_DESTINO
grupo,calificado,Adivinas dónde,2,2,144,,,MISC
grupo,calificado,Ahora,2,2,144,0.293,9.0,MISC
grupo,calificado,América,2,2,144,0.198,11.0,LOC
grupo,calificado,Cabo,2,2,144,0.777,3.0,LOC
grupo,calificado,Diego Luna,2,1,144,0.928,2.0,PER
grupo,calificado,El Azteca,2,2,144,,,LOC
grupo,calificado,Playa del Carmen,2,2,144,1.131,1.0,MX_DESTINO
grupo,calificado,Puerto Vallarta,2,1,144,1.131,1.0,MX_DESTINO
grupo,calificado,Shonan,2,1,144,0.928,2.0,LOC
grupo,calificado,Túnez,2,2,144,0.48,6.0,LOC
grupo,calificado,Uber,2,2,144,1.131,1.0,ORG
grupo,calificado,aeropuerto de,2,2,144,1.131,1.0,LOC
grupo,calificado,vacation,2,2,144,,,ORG
grupo,calificado,A veces me levanto tarde,1,1,144,,,MISC
grupo,calificado,AIFA,1,1,144,,,MISC
grupo,calificado,Adictivamente deliciosas,1,1,144,,,MISC
grupo,calificado,Ah,1,1,144,,,MISC
grupo,calificado,Ahora mi novia,1,1,144,,,MISC
grupo,calificado,Airbnb,1,1,144,0.465,2.0,ORG
grupo,calificado,Al menos,1,1,144,,,MISC
grupo,calificado,Alguien sabe dónde las venden,1,1,144,,,MISC
grupo,calificado,Algún día el fútbol,1,1,144,,,MISC
grupo,calificado,Amigos,1,1,144,,,MISC
grupo,calificado,Arracherra,1,1,144,,,PER
grupo,calificado,Atlanta,1,1,144,0.172,5.0,LOC
grupo,calificado,Azteca,1,1,144,,,LOC
grupo,calificado,AÚN,1,1,144,,,PER
grupo,calificado,Bellmare,1,1,144,0.246,4.0,LOC
grupo,calificado,Boursin Huevos,1,1,144,,,MISC
grupo,calificado,Buena comida y mucha diversión 😊,1,1,144,,,MISC
grupo,calificado,Burrito Bowl Quesadillas,1,1,144,,,ORG
grupo,calificado,Celebrando nuestra luna de miel,1,1,144,,,MISC
grupo,calificado,Cobs Air Fryer Street Corn Jalapeno Cheetos Street Corn #vegetarian #streetcorn,1,1,144,,,MISC
grupo,calificado,Comenté,1,1,144,,,MISC
grupo,calificado,Como es selva hay mucha sombra,1,1,144,,,MISC
grupo,calificado,Como iba con niños,1,1,144,,,MISC
grupo,calificado,Covid,1,1,144,,,LOC
grupo,calificado,Creo que las chicas,1,1,144,,,MISC
grupo,calificado,Creo que podré ajustar el desfase horario si duermo en el avión ¡La tercera vez que veo la,1,1,144,,,MISC
grupo,calificado,Crostini,1,1,144,,,PER
grupo,calificado,Cruzo los dedos,1,1,144,,,MISC
grupo,calificado,Cómo estás,1,1,144,,,MISC
grupo,calificado,Cómodo ✨! ¡Lo continuaré incluso,1,1,144,,,MISC
grupo,calificado,Dallas,1,1,144,-0.031,9.0,LOC
grupo,calificado,Darke,1,1,144,,,PER
grupo,calificado,Definitivamente regresaré a la,1,1,144,,,MISC
grupo,calificado,Dios mío,1,1,144,,,MISC
grupo,calificado,Don Julio,1,1,144,,,PER
grupo,calificado,Drippy Dip,1,1,144,,,PER
grupo,calificado,Duermo,1,1,144,,,LOC
grupo,calificado,Dustin,1,1,144,,,PER
grupo,calificado,EE. UU,1,1,144,-0.031,9.0,LOC
grupo,calificado,Ecuador,1,1,144,,,LOC
grupo,calificado,El Cerro de la Silla,1,1,144,,,LOC
grupo,calificado,El ambiente de la ciudad,1,1,144,,,MISC
grupo,calificado,El asiento que conseguí en threds,1,1,144,,,MISC
grupo,calificado,El dinero,1,1,144,,,MISC
grupo,calificado,El mundo es redondo,1,1,144,,,MISC
grupo,calificado,El mundo…,1,1,144,,,MISC
grupo,calificado,El nivel de peligro del Ministerio de Asuntos Exteriores,1,1,144,,,MISC
grupo,calificado,Eleven,1,1,144,,,MISC
grupo,calificado,Elote,1,1,144,,,LOC
grupo,calificado,Enchiladas de,1,1,144,,,MISC
grupo,calificado,Ensalada griega de frijoles blancos picados #vegetariano #buenacomida,1,1,144,,,MISC
grupo,calificado,Ensaladas Hamburguesas,1,1,144,,,LOC
grupo,calificado,Escuchando música latina en vivo,1,1,144,,,MISC
grupo,calificado,Ese paseo en bote,1,1,144,,,MISC
grupo,calificado,España,1,1,144,-0.068,10.0,LOC
grupo,calificado,Estados Unidos,1,1,144,0.339,3.0,LOC
grupo,calificado,Este lugar nos está mimando,1,1,144,,,MISC
grupo,calificado,Estoy emocionada~ ✊✊,1,1,144,,,MISC
grupo,calificado,FIFA,1,1,144,0.057,7.0,MX_TORNEO
grupo,calificado,FIFAwouldcup,1,1,144,,,MISC
grupo,calificado,Fan Fest,1,1,144,,,MISC
grupo,calificado,Frijol Refrito,1,1,144,,,MISC
grupo,calificado,Good Boy,1,1,144,,,MISC
grupo,calificado,Gringo,1,1,144,,,MISC
grupo,calificado,Guacamole Ensalada de Jardín Veraniega Noche de Hamburguesas de Verano Ensalada César de Tater,1,1,144,,,LOC
grupo,calificado,Guacamole Tater Tacos Chipotle Lentil Tacos Guaco Hard Tacos Cheesy Jalapeno Cauli Tacos,1,1,144,,,PER
grupo,calificado,Guadalajara,1,1,144,,,MX_CIUDAD_SEDE
grupo,calificado,Guatemala,1,1,144,,,LOC
grupo,calificado,Hamburguesas,1,1,144,0.339,3.0,LOC
grupo,calificado,Has sido maravillosa,1,1,144,,,MISC
grupo,calificado,Hasta ahora,1,1,144,,,MISC
grupo,calificado,Hasta la próxima 🇺🇸,1,1,144,,,MISC
grupo,calificado,Historia,1,1,144,,,ORG
grupo,calificado,Horribles,1,1,144,,,MISC
grupo,calificado,Hot Cheetos Elotes Queso,1,1,144,,,MISC
grupo,calificado,Imperio azteca,1,1,144,,,LOC
grupo,calificado,Internacional Felipe Ángeles,1,1,144,,,LOC
grupo,calificado,Italia,1,1,144,,,LOC
grupo,calificado,Jalapeño Cacerola de Tortilla de Taco,1,1,144,,,LOC
grupo,calificado,Joder,1,1,144,0.011,8.0,MISC
grupo,calificado,LCC,1,1,144,,,ORG
grupo,calificado,La Ciudad,1,1,144,,,LOC
grupo,calificado,La cantina de hoy en la,1,1,144,,,MISC
grupo,calificado,La comida es deliciosa,1,1,144,,,MISC
grupo,calificado,La extrañaré,1,1,144,,,LOC
grupo,calificado,La foto,1,1,144,,,MISC
grupo,calificado,La gente,1,1,144,,,MISC
grupo,calificado,La neutralización del enemigo,1,1,144,,,MISC
grupo,calificado,La policía,1,1,144,,,MISC
grupo,calificado,La próxima vez,1,1,144,,,MISC
grupo,calificado,Lo cual es genial,1,1,144,,,MISC
grupo,calificado,Lo pospuse,1,1,144,,,MISC
grupo,calificado,"Lo siento, pequeño",1,1,144,,,MISC
grupo,calificado,Los,1,1,144,,,MISC
grupo,calificado,Los metros están llenos hasta el techo,1,1,144,,,MISC
grupo,calificado,Los Ángeles,1,1,144,0.246,4.0,LOC
grupo,calificado,Lotta,1,1,144,0.172,5.0,PER
grupo,calificado,Lúgubre,1,1,144,,,LOC
grupo,calificado,Mala gente,1,1,144,,,MISC
grupo,calificado,Maldita sea,1,1,144,,,MISC
grupo,calificado,Mangos,1,1,144,,,PER
grupo,calificado,Me apresuré en el viaje,1,1,144,,,MISC
grupo,calificado,Me dolió,1,1,144,,,MISC
grupo,calificado,Me quemé,1,1,144,,,MISC
grupo,calificado,Me quitaron todo el dinero,1,1,144,,,MISC
grupo,calificado,MexicoCity #Tacos,1,1,144,,,MISC
grupo,calificado,Mike Basset,1,1,144,,,PER
grupo,calificado,Minjeongie,1,1,144,,,PER
grupo,calificado,Muchísimas,1,1,144,,,LOC
grupo,calificado,Museo de Historia de,1,1,144,,,LOC
grupo,calificado,Nadé,1,1,144,,,LOC
grupo,calificado,Ni siquiera me multarán,1,1,144,,,MISC
grupo,calificado,Ni siquiera puedo sacar los M&M's,1,1,144,,,MISC
grupo,calificado,No diría que,1,1,144,,,MISC
grupo,calificado,No puedo esperar a hincarle el diente,1,1,144,,,MISC
grupo,calificado,No tenía ni idea de que,1,1,144,,,MISC
grupo,calificado,"No, mi hija",1,1,144,,,MISC
grupo,calificado,OK 🙆,1,1,144,,,MISC
grupo,calificado,Obtén,1,1,144,,,MISC
grupo,calificado,Ohhhhhhhh Tequila,1,1,144,,,LOC
grupo,calificado,Paint It Blue In The World,1,1,144,,,MISC
grupo,calificado,Palacio Bellas Artes,1,1,144,,,LOC
grupo,calificado,Papas,1,1,144,,,PER
grupo,calificado,Paseo,1,1,144,,,PER
grupo,calificado,Pirámide de la Luna,1,1,144,,,LOC
grupo,calificado,Pirámide del Sol,1,1,144,,,LOC
grupo,calificado,Playa,1,1,144,,,LOC
grupo,calificado,Portugal,1,1,144,0.465,2.0,LOC
grupo,calificado,Praga,1,1,144,,,LOC
grupo,calificado,Puerto Morelos,1,1,144,,,LOC
grupo,calificado,Qatar,1,1,144,0.057,7.0,LOC
grupo,calificado,Que en el supermercado,1,1,144,,,MISC
grupo,calificado,Que llegue,1,1,144,,,MISC
grupo,calificado,Que se joda,1,1,144,,,MISC
grupo,calificado,Quesadillas,1,1,144,,,MISC
grupo,calificado,Quiero,1,1,144,0.172,5.0,MISC
grupo,calificado,Qué ambiente,1,1,144,,,MISC
grupo,calificado,Robado,1,1,144,,,LOC
grupo,calificado,Saludé a un barco de colores,1,1,144,,,MISC
grupo,calificado,San Francisco 🍺 Disfrutando de,1,1,144,,,LOC
grupo,calificado,San Miguel de Allende,1,1,144,,,MX_DESTINO
grupo,calificado,Sato,1,1,144,,,PER
grupo,calificado,Seguir,1,1,144,,,ORG
grupo,calificado,Sentí,1,1,144,,,PER
grupo,calificado,Seven,1,1,144,,,MISC
grupo,calificado,Sexy Dison,1,1,144,,,PER
grupo,calificado,Sin embargo,1,1,144,0.465,2.0,MISC
grupo,calificado,Solo,1,1,144,,,PER
grupo,calificado,Solo lo confiscarán,1,1,144,,,MISC
grupo,calificado,Solo reservamos el vuelo,1,1,144,,,MISC
grupo,calificado,Solo una,1,1,144,,,MISC
grupo,calificado,Sudáfrica,1,1,144,0.465,2.0,LOC
grupo,calificado,TC,1,1,144,,,ORG
grupo,calificado,Taiwán,1,1,144,,,LOC
grupo,calificado,Te amo también ♾️,1,1,144,,,MISC
grupo,calificado,Tendré hambre,1,1,144,,,MISC
grupo,calificado,Tengo,1,1,144,-0.268,17.0,MISC
grupo,calificado,Texas,1,1,144,0.339,3.0,LOC
grupo,calificado,The Azteca,1,1,144,,,ORG
grupo,calificado,Tijuana,1,1,144,,,MX_DESTINO
grupo,calificado,Tikal,1,1,144,,,LOC
grupo,calificado,Todavía no estoy seguro de cómo,1,1,144,,,MISC
grupo,calificado,Todo lo que hemos oído,1,1,144,,,MISC
grupo,calificado,Todos han sido tan acogedores y amables,1,1,144,,,MISC
grupo,calificado,Tokio,1,1,144,0.465,2.0,LOC
grupo,calificado,Toronto,1,1,144,0.057,7.0,LOC
grupo,calificado,Tranmere,1,1,144,-0.068,10.0,PER
grupo,calificado,Triturado #vegetarian #summer #recipes,1,1,144,,,MISC
grupo,calificado,Tsunsan,1,1,144,,,LOC
grupo,calificado,Tuve,1,1,144,,,PER
grupo,calificado,Ugh,1,1,144,0.465,2.0,MISC
grupo,calificado,Un sueño de la infancia,1,1,144,,,MISC
grupo,calificado,Un viaje de 18 km,1,1,144,,,MISC
grupo,calificado,Un viaje de toda la vida y recuerdos,1,1,144,,,MISC
grupo,calificado,Una de las mejores actuaciones de,1,1,144,,,MISC
grupo,calificado,Vamos Inglaterra! 🏴󠁧󠁢󠁥󠁮󠁧󠁿,1,1,144,,,MISC
grupo,calificado,Vamos Japón! 🇯🇵 ¡Viva,1,1,144,,,MISC
grupo,calificado,Ve al blog,1,1,144,0.465,2.0,MISC
grupo,calificado,Ve al blog! #vegetarian #recipe #quesadillas,1,1,144,,,MISC
grupo,calificado,Vengo,1,1,144,,,MISC
grupo,calificado,Verano,1,1,144,,,LOC
grupo,calificado,Veré,1,1,144,,,MISC
grupo,calificado,Vinimos,1,1,144,,,LOC
grupo,calificado,VivaMexico,1,1,144,,,MISC
grupo,calificado,VivaMéxico,1,1,144,,,MISC
grupo,calificado,Voy,1,1,144,,,PER
grupo,calificado,Yonna,1,1,144,-0.268,17.0,LOC
grupo,calificado,Zeb,1,1,144,,,MISC
grupo,calificado,el Azteca,1,1,144,,,LOC
grupo,calificado,estadio🏟️,1,1,144,,,LOC
grupo,calificado,jaja,1,1,144,,,MISC
grupo,calificado,lima,1,1,144,,,LOC
grupo,calificado,mar de,1,1,144,,,LOC
grupo,calificado,tbt Hagamos,1,1,144,,,PER
grupo,calificado,wow,1,1,144,,,MISC
grupo,calificado,Él: Lo sabía,1,1,144,,,MISC
grupo,calificado,Él: ¿Eran negros,1,1,144,,,MISC
grupo,calificado,😂 Grandes,1,1,144,,,PER
grupo,calificado,🤔 Estoy,1,1,144,,,PER
grupo,no_calificado,Mundial 2026,46,46,2487,-0.914,12.0,MX_TORNEO
grupo,no_calificado,México,31,28,2487,-6.538,63.0,MX_PAIS
grupo,no_calificado,yonna,20,20,2487,0.581,0.0,PER
grupo,no_calificado,Inglaterra,19,17,2487,-0.988,7.0,LOC
grupo,no_calificado,IA,17,15,2487,0.535,0.0,MISC
grupo,no_calificado,Tengo,17,15,2487,0.268,1.0,MISC
grupo,no_calificado,Yonna,17,16,2487,0.268,1.0,PER
grupo,no_calificado,Japón,16,11,2487,-0.927,6.0,LOC
grupo,no_calificado,Monterrey,14,13,2487,-2.623,15.0,MX_CIUDAD_SEDE
grupo,no_calificado,Dios,13,11,2487,0.467,0.0,MISC
grupo,no_calificado,América,11,10,2487,-0.198,2.0,LOC
grupo,no_calificado,Austin,11,10,2487,0.43,0.0,LOC
grupo,no_calificado,Minnesota,11,10,2487,0.43,0.0,LOC
grupo,no_calificado,Pensé,11,11,2487,0.43,0.0,PER
grupo,no_calificado,Comisión,10,8,2487,0.41,0.0,ORG
grupo,no_calificado,Cómo,10,10,2487,0.41,0.0,MISC
grupo,no_calificado,España,10,9,2487,0.068,1.0,LOC
grupo,no_calificado,Nueva York,10,10,2487,-0.53,3.0,LOC
grupo,no_calificado,Tranmere,10,9,2487,0.068,1.0,PER
grupo,no_calificado,Ahora,9,9,2487,-0.293,2.0,MISC
grupo,no_calificado,Amazon,9,9,2487,0.388,0.0,MISC
grupo,no_calificado,Dallas,9,9,2487,0.031,1.0,LOC
grupo,no_calificado,EE. UU,9,9,2487,0.031,1.0,LOC
grupo,no_calificado,Cancún,8,8,2487,-1.652,7.0,MX_DESTINO
grupo,no_calificado,Hermano,8,8,2487,0.366,0.0,PER
grupo,no_calificado,Increíble,8,8,2487,0.366,0.0,ORG
grupo,no_calificado,Joder,8,8,2487,-0.011,1.0,MISC
grupo,no_calificado,Alguien,7,7,2487,0.342,0.0,MISC
grupo,no_calificado,Cristo,7,7,2487,0.342,0.0,PER
grupo,no_calificado,FIFA,7,7,2487,-0.057,1.0,MX_TORNEO
grupo,no_calificado,Lotta-chan,7,4,2487,0.342,0.0,MISC
grupo,no_calificado,Qatar,7,7,2487,-0.057,1.0,LOC
grupo,no_calificado,Toronto,7,7,2487,-0.057,1.0,LOC
grupo,no_calificado,Vi,7,7,2487,0.342,0.0,MISC
grupo,no_calificado,cártel,7,6,2487,0.342,0.0,MX_CRIMEN_ORGANIZADO
grupo,no_calificado,Argentina,6,6,2487,0.317,0.0,LOC
grupo,no_calificado,Espero,6,6,2487,0.317,0.0,MISC
grupo,no_calificado,Francia,6,6,2487,0.317,0.0,LOC
grupo,no_calificado,Israel,6,6,2487,0.317,0.0,LOC
grupo,no_calificado,LIMPIEZA COMERCIAL,6,6,2487,0.317,0.0,MISC
grupo,no_calificado,Outlaws,6,6,2487,0.317,0.0,MISC
grupo,no_calificado,Tuchel,6,6,2487,0.317,0.0,PER
grupo,no_calificado,Túnez,6,6,2487,-0.48,2.0,LOC
grupo,no_calificado,mexicanos,6,6,2487,-4.845,28.0,MX_PAIS
grupo,no_calificado,Él,6,6,2487,0.317,0.0,PER
grupo,no_calificado,Apple,5,5,2487,0.289,0.0,ORG
grupo,no_calificado,Atlanta,5,4,2487,-0.172,1.0,LOC
grupo,no_calificado,Brasil,5,5,2487,0.289,0.0,LOC
grupo,no_calificado,Ciudad de México,5,5,2487,-4.141,21.0,MX_CIUDAD_SEDE
grupo,no_calificado,Fujisawa,5,4,2487,0.289,0.0,LOC
grupo,no_calificado,Guu-chan,5,4,2487,0.289,0.0,PER
grupo,no_calificado,Irlanda,5,5,2487,0.289,0.0,LOC
grupo,no_calificado,Lotta,5,3,2487,-0.172,1.0,PER
grupo,no_calificado,Marruecos,5,5,2487,0.289,0.0,LOC
grupo,no_calificado,Messi,5,5,2487,0.289,0.0,PER
grupo,no_calificado,Quiero,5,5,2487,-0.172,1.0,MISC
grupo,no_calificado,Reservé,5,5,2487,0.289,0.0,LOC
grupo,no_calificado,SF,5,5,2487,0.289,0.0,ORG
grupo,no_calificado,Spotify,5,5,2487,0.289,0.0,ORG
grupo,no_calificado,Sándwiches,5,3,2487,0.289,0.0,PER
grupo,no_calificado,Tulum,5,5,2487,-1.469,5.0,MX_DESTINO
grupo,no_calificado,iHeart,5,5,2487,0.289,0.0,MISC
grupo,no_calificado,Amber,4,4,2487,0.259,0.0,PER
grupo,no_calificado,Bellmare,4,4,2487,-0.246,1.0,LOC
grupo,no_calificado,COVID,4,4,2487,0.259,0.0,ORG
grupo,no_calificado,Clarke,4,4,2487,0.259,0.0,PER
grupo,no_calificado,Elon,4,4,2487,0.259,0.0,PER
grupo,no_calificado,Episodio,4,4,2487,0.259,0.0,MISC
grupo,no_calificado,Escocia,4,4,2487,0.259,0.0,LOC
grupo,no_calificado,Escucha,4,4,2487,0.259,0.0,LOC
grupo,no_calificado,Europa,4,4,2487,0.259,0.0,LOC
grupo,no_calificado,Evangelio,4,4,2487,0.259,0.0,MISC
grupo,no_calificado,FA,4,4,2487,0.259,0.0,ORG
grupo,no_calificado,HICE EL SITIO,4,4,2487,0.259,0.0,MISC
grupo,no_calificado,Houston,4,4,2487,0.259,0.0,LOC
grupo,no_calificado,Ince,4,4,2487,0.259,0.0,PER
grupo,no_calificado,Los Ángeles,4,4,2487,-0.246,1.0,LOC
grupo,no_calificado,Love Island,4,3,2487,0.259,0.0,MISC
grupo,no_calificado,Me,4,4,2487,-1.313,4.0,MISC
grupo,no_calificado,NGHTMRE,4,4,2487,0.259,0.0,ORG
grupo,no_calificado,Newport,4,2,2487,0.259,0.0,LOC
grupo,no_calificado,Oye,4,4,2487,0.259,0.0,MISC
grupo,no_calificado,Pablo,4,4,2487,0.259,0.0,PER
grupo,no_calificado,París,4,4,2487,0.259,0.0,LOC
grupo,no_calificado,Pude,4,4,2487,0.259,0.0,PER
grupo,no_calificado,República de Weimar,4,4,2487,0.259,0.0,ORG
grupo,no_calificado,Retrocodex,4,4,2487,0.259,0.0,PER
grupo,no_calificado,SLANDER,4,4,2487,0.259,0.0,ORG
grupo,no_calificado,Sándwich,4,3,2487,0.259,0.0,LOC
grupo,no_calificado,Tramlines,4,3,2487,0.259,0.0,ORG
grupo,no_calificado,el Reino Unido,4,4,2487,0.259,0.0,LOC
grupo,no_calificado,reels,4,4,2487,0.259,0.0,MISC
grupo,no_calificado,Adventistas del Séptimo Día,3,3,2487,0.224,0.0,ORG
grupo,no_calificado,American Airlines,3,3,2487,0.224,0.0,ORG
grupo,no_calificado,BBC,3,3,2487,0.224,0.0,ORG
grupo,no_calificado,Bali,3,3,2487,0.224,0.0,LOC
grupo,no_calificado,Bellingham,3,3,2487,0.224,0.0,PER
grupo,no_calificado,CRÁTER,3,3,2487,0.224,0.0,ORG
grupo,no_calificado,Cabo,3,3,2487,-0.777,2.0,LOC
grupo,no_calificado,California,3,3,2487,0.224,0.0,LOC
grupo,no_calificado,Canadá,3,3,2487,0.224,0.0,LOC
grupo,no_calificado,Chad,3,3,2487,0.224,0.0,LOC
grupo,no_calificado,Championship,3,3,2487,0.224,0.0,ORG
grupo,no_calificado,Chicago,3,3,2487,0.224,0.0,LOC
grupo,no_calificado,Chicos,3,3,2487,0.224,0.0,LOC
grupo,no_calificado,Deberías,3,3,2487,0.224,0.0,PER
grupo,no_calificado,East Austin,3,2,2487,0.224,0.0,LOC
grupo,no_calificado,Estados Unidos,3,3,2487,-0.339,1.0,LOC
grupo,no_calificado,Estoy,3,3,2487,0.224,0.0,MISC
grupo,no_calificado,Foo Fighters,3,3,2487,0.224,0.0,ORG
grupo,no_calificado,Freddy,3,3,2487,0.224,0.0,PER
grupo,no_calificado,Hacer,3,3,2487,0.224,0.0,MISC
grupo,no_calificado,Hamburguesas,3,3,2487,-0.339,1.0,LOC
grupo,no_calificado,Hollywood,3,3,2487,0.224,0.0,LOC
grupo,no_calificado,Hombre,3,3,2487,0.224,0.0,MISC
grupo,no_calificado,Huevos,3,3,2487,0.224,0.0,MISC
grupo,no_calificado,Instagram,3,3,2487,0.224,0.0,MISC
grupo,no_calificado,Jabba-sama,3,2,2487,0.224,0.0,MISC
grupo,no_calificado,Jeremy Boreing,3,3,2487,0.224,0.0,PER
grupo,no_calificado,Jesús,3,3,2487,0.224,0.0,PER
grupo,no_calificado,Judá,3,2,2487,0.224,0.0,LOC
grupo,no_calificado,Kane,3,3,2487,0.224,0.0,PER
grupo,no_calificado,Kenneh,3,3,2487,0.224,0.0,PER
grupo,no_calificado,Las Vegas,3,3,2487,0.224,0.0,LOC
grupo,no_calificado,Literalmente,3,3,2487,0.224,0.0,PER
grupo,no_calificado,MRVL,3,2,2487,0.224,0.0,MISC
grupo,no_calificado,Mando-san,3,3,2487,0.224,0.0,PER
grupo,no_calificado,NY,3,3,2487,0.224,0.0,LOC
grupo,no_calificado,NYC,3,3,2487,0.224,0.0,LOC
grupo,no_calificado,Nah,3,3,2487,0.224,0.0,MISC
grupo,no_calificado,Necesitamos,3,3,2487,0.224,0.0,MISC
grupo,no_calificado,Norteamérica,3,2,2487,0.224,0.0,LOC
grupo,no_calificado,Pan,3,2,2487,0.224,0.0,PER
grupo,no_calificado,Pep,3,3,2487,0.224,0.0,PER
grupo,no_calificado,PopUp Bagels,3,2,2487,0.224,0.0,LOC
grupo,no_calificado,Qué,3,3,2487,0.224,0.0,MISC
grupo,no_calificado,Reino Unido,3,3,2487,0.224,0.0,LOC
grupo,no_calificado,Sigue,3,3,2487,0.224,0.0,MISC
grupo,no_calificado,Starbucks,3,3,2487,0.224,0.0,ORG
grupo,no_calificado,Suscríbete Ahora,3,3,2487,0.224,0.0,LOC
grupo,no_calificado,TODOS,3,3,2487,0.224,0.0,MISC
grupo,no_calificado,TOMA DE CONTROL DEL,3,3,2487,0.224,0.0,MISC
grupo,no_calificado,Taco Bell,3,2,2487,0.224,0.0,PER
grupo,no_calificado,Texas,3,3,2487,-0.339,1.0,LOC
grupo,no_calificado,The Mandalorian,3,3,2487,0.224,0.0,MISC
grupo,no_calificado,TikTok,3,3,2487,0.224,0.0,MISC
grupo,no_calificado,Tom Ince,3,3,2487,0.224,0.0,PER
grupo,no_calificado,Tostadas,3,3,2487,0.224,0.0,MISC
grupo,no_calificado,Trump,3,3,2487,0.224,0.0,PER
grupo,no_calificado,Twitch,3,3,2487,0.224,0.0,ORG
grupo,no_calificado,Túnez 🇹,3,3,2487,0.224,0.0,ORG
grupo,no_calificado,USA,3,3,2487,0.224,0.0,LOC
grupo,no_calificado,Visita,3,3,2487,0.224,0.0,LOC
grupo,no_calificado,Waymo,3,2,2487,0.224,0.0,ORG
grupo,no_calificado,bueno,3,3,2487,0.224,0.0,MISC
grupo,no_calificado,4DX,2,2,2487,,,MISC
grupo,no_calificado,AHORA,2,2,2487,,,MISC
grupo,no_calificado,Agustín,2,1,2487,,,PER
grupo,no_calificado,Airbnb,2,2,2487,-0.465,1.0,LOC
grupo,no_calificado,Apple TV,2,2,2487,,,MISC
grupo,no_calificado,Argies,2,2,2487,,,MISC
grupo,no_calificado,Aristóteles,2,2,2487,,,PER
grupo,no_calificado,Banco de Japón,2,1,2487,,,ORG
grupo,no_calificado,Beno,2,2,2487,,,PER
grupo,no_calificado,Bien hecho,2,2,2487,,,MISC
grupo,no_calificado,Bismarck,2,1,2487,,,PER
grupo,no_calificado,Bueno,2,2,2487,,,PER
grupo,no_calificado,Buenos días,2,2,2487,,,MISC
grupo,no_calificado,Burritos,2,2,2487,,,LOC
grupo,no_calificado,C U,2,1,2487,,,MISC
grupo,no_calificado,CN,2,2,2487,,,ORG
grupo,no_calificado,COMUNAL,2,2,2487,,,MISC
grupo,no_calificado,CRT,2,2,2487,,,MISC
grupo,no_calificado,Cabo Verde,2,2,2487,,,LOC
grupo,no_calificado,Camarera,2,1,2487,,,LOC
grupo,no_calificado,Caprese,2,1,2487,,,PER
grupo,no_calificado,Charlotte!! No,2,2,2487,,,MISC
grupo,no_calificado,Chemicals VIP Muy,2,2,2487,,,MISC
grupo,no_calificado,Chica,2,2,2487,,,LOC
grupo,no_calificado,Chiikawa,2,1,2487,,,LOC
grupo,no_calificado,Clase,2,2,2487,,,MISC
grupo,no_calificado,Columbus,2,2,2487,,,LOC
grupo,no_calificado,Congo,2,2,2487,,,LOC
grupo,no_calificado,Copa de la Liga,2,1,2487,,,MISC
grupo,no_calificado,Correcto,2,2,2487,,,MISC
grupo,no_calificado,Corriendo,2,2,2487,,,MISC
grupo,no_calificado,Corro,2,1,2487,,,PER
grupo,no_calificado,Crawley,2,2,2487,,,PER
grupo,no_calificado,DDLC,2,1,2487,,,ORG
grupo,no_calificado,DFW,2,2,2487,,,LOC
grupo,no_calificado,Daily Wire,2,2,2487,,,ORG
grupo,no_calificado,Dan,2,2,2487,,,PER
grupo,no_calificado,Dank,2,2,2487,,,PER
grupo,no_calificado,David Horowitz,2,2,2487,,,PER
grupo,no_calificado,Davies,2,2,2487,,,PER
grupo,no_calificado,De camino a pasar tiempo con mi familia por las fiestas,2,2,2487,,,MISC
grupo,no_calificado,Debbie,2,2,2487,,,PER
grupo,no_calificado,Demasiado,2,2,2487,,,MISC
grupo,no_calificado,Dembélé,2,2,2487,,,PER
grupo,no_calificado,Diego Luna,2,1,2487,-0.928,2.0,PER
grupo,no_calificado,Din,2,1,2487,,,MISC
grupo,no_calificado,Din-san,2,2,2487,,,LOC
grupo,no_calificado,Disney,2,2,2487,,,ORG
grupo,no_calificado,Disney California,2,2,2487,,,ORG
grupo,no_calificado,Diviértete,2,2,2487,,,MISC
grupo,no_calificado,Dorset,2,2,2487,,,LOC
grupo,no_calificado,DÉCADA,2,2,2487,,,MISC
grupo,no_calificado,EE,2,1,2487,,,LOC
grupo,no_calificado,EE.UU,2,1,2487,,,LOC
grupo,no_calificado,El enfoque,2,2,2487,,,MISC
grupo,no_calificado,Ellen G. White,2,2,2487,,,PER
grupo,no_calificado,Ellen White,2,2,2487,,,PER
grupo,no_calificado,England Travel Club,2,2,2487,,,ORG
grupo,no_calificado,Ep4,2,1,2487,,,LOC
grupo,no_calificado,Este,2,2,2487,,,LOC
grupo,no_calificado,Eurocopa,2,2,2487,,,MISC
grupo,no_calificado,FREE FT,2,2,2487,,,MISC
grupo,no_calificado,FREE Ya,2,2,2487,,,MISC
grupo,no_calificado,Farris Wilks,2,2,2487,,,PER
grupo,no_calificado,Fat Boy Slim,2,2,2487,,,MISC
grupo,no_calificado,Feliz Cuatro de Julio,2,2,2487,,,MISC
grupo,no_calificado,From,2,2,2487,,,MISC
grupo,no_calificado,Fuzzy Tauntaun,2,1,2487,,,ORG
grupo,no_calificado,Georgia,2,2,2487,,,LOC
grupo,no_calificado,Goo-chan,2,1,2487,,,MISC
grupo,no_calificado,Google,2,2,2487,,,ORG
grupo,no_calificado,Goyslop Barbie,2,2,2487,,,PER
grupo,no_calificado,HICIMOS,2,2,2487,,,ORG
grupo,no_calificado,Haaland,2,1,2487,,,LOC
grupo,no_calificado,Haneda,2,2,2487,,,LOC
grupo,no_calificado,Haz,2,2,2487,,,LOC
grupo,no_calificado,ITV,2,2,2487,,,ORG
grupo,no_calificado,Ironside,2,2,2487,,,PER
grupo,no_calificado,Irán,2,2,2487,,,LOC
grupo,no_calificado,JA,2,2,2487,,,MISC
grupo,no_calificado,Jaja,2,2,2487,,,MISC
grupo,no_calificado,Jason,2,2,2487,,,PER
grupo,no_calificado,Java,2,2,2487,,,MISC
grupo,no_calificado,Jedi Mind Trick,2,1,2487,,,MISC
grupo,no_calificado,Jensen,2,2,2487,,,PER
grupo,no_calificado,Jimmy,2,1,2487,,,PER
grupo,no_calificado,Joel Berry,2,2,2487,,,PER
grupo,no_calificado,Joseph Smith,2,2,2487,,,PER
grupo,no_calificado,Julio,2,2,2487,,,PER
grupo,no_calificado,KOMPANY Out next Wednesday 4/1,2,2,2487,,,MISC
grupo,no_calificado,Kamakura,2,2,2487,,,LOC
grupo,no_calificado,Kelly,2,2,2487,,,PER
grupo,no_calificado,Kriff,2,2,2487,,,LOC
grupo,no_calificado,La Ciudad de Dios,2,2,2487,,,LOC
grupo,no_calificado,La Odisea,2,2,2487,,,MISC
grupo,no_calificado,La ciudad,2,2,2487,,,MISC
grupo,no_calificado,La gente que no,2,1,2487,,,MISC
grupo,no_calificado,Libro 19 Cap,2,2,2487,,,MISC
grupo,no_calificado,"Lo que no ves: las 3,300 acres del lago Buckeye",2,2,2487,,,MISC
grupo,no_calificado,Los hechos,2,2,2487,,,MISC
grupo,no_calificado,Los jugadores,2,2,2487,,,MISC
grupo,no_calificado,MENTALMENTE,2,2,2487,,,MISC
grupo,no_calificado,MINDFULL,2,2,2487,,,ORG
grupo,no_calificado,MINDFULL DELUXE,2,2,2487,,,MISC
grupo,no_calificado,MINDFULL 🧠 CHICAGO,2,2,2487,,,LOC
grupo,no_calificado,Manila,2,1,2487,,,LOC
grupo,no_calificado,Marvell,2,1,2487,,,PER
grupo,no_calificado,McDonald's,2,2,2487,,,ORG
grupo,no_calificado,Mindful Real Estate Partners,2,2,2487,,,MISC
grupo,no_calificado,Moisés,2,2,2487,,,PER
grupo,no_calificado,Mucha gente,2,2,2487,,,MISC
grupo,no_calificado,Mucho,2,2,2487,,,MISC
grupo,no_calificado,Más,2,2,2487,,,ORG
grupo,no_calificado,ND-kun,2,2,2487,,,MISC
grupo,no_calificado,NGHTMRE Ya,2,2,2487,,,ORG
grupo,no_calificado,NUEVA,2,2,2487,,,MISC
grupo,no_calificado,NUEVA ZELANDA🇳🇿❤,2,2,2487,,,LOC
grupo,no_calificado,NVIDIA,2,2,2487,,,ORG
grupo,no_calificado,Nadie,2,2,2487,,,MISC
grupo,no_calificado,Nathan Smith,2,2,2487,,,PER
grupo,no_calificado,Necesito,2,2,2487,,,MISC
grupo,no_calificado,No Una Democracia,2,2,2487,,,ORG
grupo,no_calificado,No sé,2,2,2487,,,MISC
grupo,no_calificado,Ohio,2,2,2487,,,LOC
grupo,no_calificado,Oklahoma,2,2,2487,,,LOC
grupo,no_calificado,Okoro,2,2,2487,,,PER
grupo,no_calificado,PARA CELEBRAR,2,2,2487,,,MISC
grupo,no_calificado,PC,2,1,2487,,,MISC
grupo,no_calificado,PFA,2,2,2487,,,ORG
grupo,no_calificado,Palios,2,2,2487,,,MISC
grupo,no_calificado,Papá,2,2,2487,,,PER
grupo,no_calificado,Partiful,2,2,2487,,,MISC
grupo,no_calificado,Patatas,2,2,2487,,,MISC
grupo,no_calificado,Paul,2,2,2487,,,PER
grupo,no_calificado,Platón,2,2,2487,,,PER
grupo,no_calificado,Por,2,2,2487,,,MISC
grupo,no_calificado,Portugal,2,2,2487,-0.465,1.0,LOC
grupo,no_calificado,R2K,2,2,2487,,,MISC
grupo,no_calificado,RETwit,2,2,2487,,,MISC
grupo,no_calificado,Ramova Theatre 🎟,2,2,2487,,,MISC
grupo,no_calificado,Reconquista,2,2,2487,,,MISC
grupo,no_calificado,Rey,2,1,2487,,,PER
grupo,no_calificado,Rusia,2,2,2487,,,LOC
grupo,no_calificado,SCREEN TIME,2,2,2487,,,ORG
grupo,no_calificado,STFU,2,2,2487,,,MISC
grupo,no_calificado,SW,2,2,2487,,,MISC
grupo,no_calificado,Sandía,2,2,2487,,,LOC
grupo,no_calificado,Satanás,2,2,2487,,,PER
grupo,no_calificado,Screen Time 2,2,2,2487,,,MISC
grupo,no_calificado,Seguro,2,2,2487,,,MISC
grupo,no_calificado,Seventh Day Yahweh,2,2,2487,,,MISC
grupo,no_calificado,Shakers,2,2,2487,,,ORG
grupo,no_calificado,Shonan,2,2,2487,-0.928,2.0,LOC
grupo,no_calificado,Shonan Bellmare,2,2,2487,,,LOC
grupo,no_calificado,Simulación,2,1,2487,,,ORG
grupo,no_calificado,Sin embargo,2,2,2487,-0.465,1.0,MISC
grupo,no_calificado,Solía,2,2,2487,,,PER
grupo,no_calificado,Son de la iglesia,2,2,2487,,,MISC
grupo,no_calificado,Sr. Trump,2,2,2487,,,PER
grupo,no_calificado,St,2,1,2487,,,LOC
grupo,no_calificado,Sudáfrica,2,2,2487,-0.465,1.0,LOC
grupo,no_calificado,Suiza,2,2,2487,,,LOC
grupo,no_calificado,TANTO,2,2,2487,,,PER
grupo,no_calificado,TRAEMOS,2,2,2487,,,PER
grupo,no_calificado,Thank you,2,2,2487,,,MISC
grupo,no_calificado,Thornville,2,2,2487,,,LOC
grupo,no_calificado,Tienes,2,2,2487,,,ORG
grupo,no_calificado,Times Square,2,2,2487,,,ORG
grupo,no_calificado,Tokio,2,2,2487,-0.465,1.0,LOC
grupo,no_calificado,Toniray,2,1,2487,,,LOC
grupo,no_calificado,TruthRevolt,2,2,2487,,,LOC
grupo,no_calificado,Twitter,2,2,2487,,,MISC
grupo,no_calificado,Tío,2,2,2487,,,PER
grupo,no_calificado,UX,2,2,2487,,,MISC
grupo,no_calificado,Ugh,2,2,2487,-0.465,1.0,MISC
grupo,no_calificado,Un par de shows increíbles,2,2,2487,,,MISC
grupo,no_calificado,Una República,2,2,2487,,,ORG
grupo,no_calificado,Up Top VIP 3,2,2,2487,,,MISC
grupo,no_calificado,Urawa,2,1,2487,,,ORG
grupo,no_calificado,VERDADERAMENTE LEGENDARIA A RAMPAGE,2,2,2487,,,MISC
grupo,no_calificado,Vamos Inglaterra 🏴,2,2,2487,,,MISC
grupo,no_calificado,Ve al blog,2,2,2487,-0.465,1.0,MISC
grupo,no_calificado,Vender,2,1,2487,,,MISC
grupo,no_calificado,Vine,2,2,2487,,,LOC
grupo,no_calificado,YES,2,2,2487,,,ORG
grupo,no_calificado,Yay,2,2,2487,,,PER
grupo,no_calificado,Yeshua,2,2,2487,,,MISC
grupo,no_calificado,Yokohama,2,2,2487,,,LOC
grupo,no_calificado,York,2,2,2487,,,LOC
grupo,no_calificado,ZOHARA,2,2,2487,,,MISC
grupo,no_calificado,Zohara,2,2,2487,,,MISC
grupo,no_calificado,chud,2,2,2487,,,PER
grupo,no_calificado,collab,2,2,2487,,,MISC
grupo,no_calificado,descontrolarte,2,2,2487,,,LOC
grupo,no_calificado,dhalila,2,2,2487,,,PER
grupo,no_calificado,eSIM,2,1,2487,,,MISC
grupo,no_calificado,homies 3,2,2,2487,,,LOC
grupo,no_calificado,iPad,2,1,2487,,,MISC
grupo,no_calificado,jason,2,2,2487,,,PER
grupo,no_calificado,jeje,2,2,2487,,,MISC
grupo,no_calificado,khan,2,2,2487,,,LOC
grupo,no_calificado,lizzie,2,2,2487,,,PER
grupo,no_calificado,primera !! Qué fin de semana,2,2,2487,,,MISC
grupo,no_calificado,stickman,2,2,2487,,,PER
grupo,no_calificado,youtube,2,2,2487,,,MISC
grupo,no_calificado,~Agustín,2,2,2487,,,LOC
grupo,no_calificado,❤️ Este,2,2,2487,,,LOC
grupo,no_calificado,🤍 Ya,2,2,2487,,,PER
grupo,no_calificado,600k!!! Vamos,1,1,2487,,,MISC
grupo,no_calificado,7:00 Salida,1,1,2487,,,LOC
grupo,no_calificado,<3 Desayuno - Sapo,1,1,2487,,,MISC
grupo,no_calificado,@ x Espero,1,1,2487,,,MISC
grupo,no_calificado,A ESTA HORA,1,1,2487,,,MISC
grupo,no_calificado,A Lotta,1,1,2487,,,MISC
grupo,no_calificado,A diferencia de otras,1,1,2487,,,MISC
grupo,no_calificado,A día de hoy,1,1,2487,,,MISC
grupo,no_calificado,A los Predators,1,1,2487,,,MISC
grupo,no_calificado,A media voz me gusta,1,1,2487,,,MISC
grupo,no_calificado,A mí también me cuesta,1,1,2487,,,MISC
grupo,no_calificado,A veces,1,1,2487,,,MISC
grupo,no_calificado,A. Yo pienso en las cosas,1,1,2487,,,MISC
grupo,no_calificado,AARP,1,1,2487,,,ORG
grupo,no_calificado,ABG,1,1,2487,,,LOC
grupo,no_calificado,ADELANTE,1,1,2487,,,MISC
grupo,no_calificado,AHORA MISMO,1,1,2487,,,MISC
grupo,no_calificado,ALEATORIA,1,1,2487,,,MISC
grupo,no_calificado,ALGO DE RESPETO A,1,1,2487,,,LOC
grupo,no_calificado,ANTIFA,1,1,2487,,,MISC
grupo,no_calificado,ARRANQUEN,1,1,2487,,,ORG
grupo,no_calificado,ARRIBA,1,1,2487,,,LOC
grupo,no_calificado,Aaaah,1,1,2487,,,LOC
grupo,no_calificado,Aaron Franklin,1,1,2487,,,PER
grupo,no_calificado,Absolutamente me encanta ver historias,1,1,2487,,,MISC
grupo,no_calificado,Acabo,1,1,2487,,,MISC
grupo,no_calificado,Acampando,1,1,2487,,,LOC
grupo,no_calificado,Aceptar,1,1,2487,,,MISC
grupo,no_calificado,Acumularé,1,1,2487,,,PER
grupo,no_calificado,Adolf Hitler,1,1,2487,,,PER
grupo,no_calificado,Adorar,1,1,2487,,,MISC
grupo,no_calificado,Aduana,1,1,2487,,,LOC
grupo,no_calificado,Age of Entitlement,1,1,2487,,,MISC
grupo,no_calificado,Agujero Almuerzo - Sándwiches de Ensalada de Huevo,1,1,2487,,,MISC
grupo,no_calificado,Ah,1,1,2487,,,MISC
grupo,no_calificado,Ahora soy el hombre más rico del mundo,1,1,2487,,,MISC
grupo,no_calificado,Ahorraré,1,1,2487,,,LOC
grupo,no_calificado,Ai,1,1,2487,,,PER
grupo,no_calificado,Akita,1,1,2487,,,LOC
grupo,no_calificado,Al final,1,1,2487,,,MISC
grupo,no_calificado,Al mismo tiempo,1,1,2487,,,MISC
grupo,no_calificado,Al parecer,1,1,2487,,,MISC
grupo,no_calificado,Alaba,1,1,2487,,,PER
grupo,no_calificado,Alamo,1,1,2487,,,MISC
grupo,no_calificado,Aldous Huxley,1,1,2487,,,PER
grupo,no_calificado,Alemania,1,1,2487,,,LOC
grupo,no_calificado,Alexa Es La Única IA Que Necesito… Dale Me Gusta,1,1,2487,,,MISC
grupo,no_calificado,Algo,1,1,2487,,,PER
grupo,no_calificado,Alguien adivina la Playa del Reino Unido,1,1,2487,,,MISC
grupo,no_calificado,Algunos clubes 😂,1,1,2487,,,MISC
grupo,no_calificado,Alinamin,1,1,2487,,,MISC
grupo,no_calificado,Allá vamos,1,1,2487,,,MISC
grupo,no_calificado,Almohada para el cuello de la mamá un poco de maquillaje de la mamá,1,1,2487,,,MISC
grupo,no_calificado,Amanecer en NY,1,1,2487,,,MISC
grupo,no_calificado,Ambro! No,1,1,2487,,,MISC
grupo,no_calificado,American,1,1,2487,,,ORG
grupo,no_calificado,Amos,1,1,2487,,,PER
grupo,no_calificado,Ancianos Sombra,1,1,2487,,,MISC
grupo,no_calificado,Andre Ayew,1,1,2487,,,PER
grupo,no_calificado,Anfield,1,1,2487,,,LOC
grupo,no_calificado,Angry Birds,1,1,2487,,,MISC
grupo,no_calificado,Ann Lee,1,1,2487,,,PER
grupo,no_calificado,Anoche,1,1,2487,,,PER
grupo,no_calificado,Anthony Barry,1,1,2487,,,PER
grupo,no_calificado,Anthony Joshua,1,1,2487,,,PER
grupo,no_calificado,Antiguo Testamento,1,1,2487,,,MISC
grupo,no_calificado,Aoi,1,1,2487,,,MISC
grupo,no_calificado,Apaga tu cerebro,1,1,2487,,,MISC
grupo,no_calificado,Aplicaciones,1,1,2487,,,MISC
grupo,no_calificado,Apollo,1,1,2487,,,MISC
grupo,no_calificado,Apple Reminders,1,1,2487,,,MISC
grupo,no_calificado,April,1,1,2487,,,PER
grupo,no_calificado,Apunta más alto,1,1,2487,,,MISC
grupo,no_calificado,"Apuntando a diez veces más, ¡vuela alto",1,1,2487,,,MISC
grupo,no_calificado,Aquí está la reseña de mi libro,1,1,2487,,,MISC
grupo,no_calificado,Arrepentirme,1,1,2487,,,LOC
grupo,no_calificado,Arriba Cabo Verde,1,1,2487,,,LOC
grupo,no_calificado,Arruinó,1,1,2487,,,PER
grupo,no_calificado,Arsenal,1,1,2487,,,ORG
grupo,no_calificado,ArteDigital,1,1,2487,,,MISC
grupo,no_calificado,Artículo,1,1,2487,,,MISC
grupo,no_calificado,Arvina ¡Me,1,1,2487,,,MISC
grupo,no_calificado,Asbury,1,1,2487,,,MISC
grupo,no_calificado,Asia,1,1,2487,,,LOC
grupo,no_calificado,Assault,1,1,2487,,,ORG
grupo,no_calificado,Astros Kazuma Okamoto,1,1,2487,,,PER
grupo,no_calificado,Astros partido,1,1,2487,,,ORG
grupo,no_calificado,Así,1,1,2487,,,MISC
grupo,no_calificado,Así es como lo usan muchos fans de,1,1,2487,,,MISC
grupo,no_calificado,Así podemos cocinar nosotros mismos,1,1,2487,,,MISC
grupo,no_calificado,Aterrador,1,1,2487,,,PER
grupo,no_calificado,Aterricé,1,1,2487,,,MISC
grupo,no_calificado,Atsunousuke,1,1,2487,,,PER
grupo,no_calificado,AutoPilot,1,1,2487,,,MISC
grupo,no_calificado,Avengers Doomsday,1,1,2487,,,MISC
grupo,no_calificado,Aye ✅,1,1,2487,,,PER
grupo,no_calificado,Ayer,1,1,2487,,,PER
grupo,no_calificado,Ayúdame! ¿El 1,1,1,2487,,,MISC
grupo,no_calificado,Ayúdame! ¿Elige,1,1,2487,,,MISC
grupo,no_calificado,Azteca,1,1,2487,,,LOC
grupo,no_calificado,AzurLane,1,1,2487,,,MISC
grupo,no_calificado,Aún así,1,1,2487,,,MISC
grupo,no_calificado,BA,1,1,2487,,,MISC
grupo,no_calificado,BANG,1,1,2487,,,MISC
grupo,no_calificado,BBN,1,1,2487,,,ORG
grupo,no_calificado,BBQ PitMaster de True Made Foods,1,1,2487,,,ORG
grupo,no_calificado,BBQ Queso,1,1,2487,,,LOC
grupo,no_calificado,BBQ Tostadas,1,1,2487,,,ORG
grupo,no_calificado,BDE,1,1,2487,,,MISC
grupo,no_calificado,BESADME,1,1,2487,,,MISC
grupo,no_calificado,BLUD,1,1,2487,,,MISC
grupo,no_calificado,BMW,1,1,2487,,,ORG
grupo,no_calificado,BOOM,1,1,2487,,,MISC
grupo,no_calificado,BORRA,1,1,2487,,,LOC
grupo,no_calificado,BRAJPN,1,1,2487,,,MISC
grupo,no_calificado,Baal,1,1,2487,,,PER
grupo,no_calificado,Baby Club Theater ♡ Como,1,1,2487,,,LOC
grupo,no_calificado,Babylon Bee,1,1,2487,,,MISC
grupo,no_calificado,Bad Bachi JP,1,1,2487,,,MISC
grupo,no_calificado,Bad Bachi! ¡¡¡Muchas gracias SWAG!! 🙇,1,1,2487,,,MISC
grupo,no_calificado,Bad Batch,1,1,2487,,,ORG
grupo,no_calificado,Bad Bunny,1,1,2487,,,MISC
grupo,no_calificado,Badobachi,1,1,2487,,,LOC
grupo,no_calificado,Bailes sexys! ¡Gestos! ¡Miradas! ¡Cuerpos,1,1,2487,,,MISC
grupo,no_calificado,Bain,1,1,2487,,,PER
grupo,no_calificado,Baja Edad Media,1,1,2487,,,MISC
grupo,no_calificado,Bandeja Chili Chipotle Tex-Mex,1,1,2487,,,ORG
grupo,no_calificado,Bangkok,1,1,2487,,,LOC
grupo,no_calificado,BankofAmerica,1,1,2487,,,MISC
grupo,no_calificado,Banthacrap,1,1,2487,,,PER
grupo,no_calificado,Barco,1,1,2487,,,MISC
grupo,no_calificado,Barnet,1,1,2487,,,LOC
grupo,no_calificado,Barça,1,1,2487,,,ORG
grupo,no_calificado,Bass Pro,1,1,2487,,,MISC
grupo,no_calificado,Batido Tropical de Pitaya Batidos Explosión de Mora,1,1,2487,,,PER
grupo,no_calificado,Bayern de Múnich,1,1,2487,,,ORG
grupo,no_calificado,Beef O’Brady’s,1,1,2487,,,PER
grupo,no_calificado,Ben,1,1,2487,,,PER
grupo,no_calificado,Ben Amos,1,1,2487,,,PER
grupo,no_calificado,Berkeleyism,1,1,2487,,,PER
grupo,no_calificado,Beskar,1,1,2487,,,PER
grupo,no_calificado,Beth,1,1,2487,,,MISC
grupo,no_calificado,Bible Colleges,1,1,2487,,,MISC
grupo,no_calificado,Biden,1,1,2487,,,PER
grupo,no_calificado,Bien investigado,1,1,2487,,,MISC
grupo,no_calificado,Bien jugado para Tuchel,1,1,2487,,,MISC
grupo,no_calificado,Big 10,1,1,2487,,,MISC
grupo,no_calificado,Biloxi Shuckers,1,1,2487,,,LOC
grupo,no_calificado,Biofermin,1,1,2487,,,PER
grupo,no_calificado,Bird,1,1,2487,,,MISC
grupo,no_calificado,Birkenhead,1,1,2487,,,LOC
grupo,no_calificado,Black Friday in July,1,1,2487,,,MISC
grupo,no_calificado,Blue Jays,1,1,2487,,,ORG
grupo,no_calificado,Blue Samurái 🫐,1,1,2487,,,MISC
grupo,no_calificado,Bob,1,1,2487,,,PER
grupo,no_calificado,Bock de Texas,1,1,2487,,,PER
grupo,no_calificado,Boda,1,1,2487,,,PER
grupo,no_calificado,Boda-san,1,1,2487,,,ORG
grupo,no_calificado,Bolsa Anteprima 👜 Brillante,1,1,2487,,,ORG
grupo,no_calificado,Bolsa de Nueva York,1,1,2487,,,LOC
grupo,no_calificado,Bombshell Comisión,1,1,2487,,,ORG
grupo,no_calificado,Bon Jovi,1,1,2487,,,ORG
grupo,no_calificado,Bonanza,1,1,2487,,,MISC
grupo,no_calificado,Boston,1,1,2487,,,LOC
grupo,no_calificado,Bouaddi para Marruecos,1,1,2487,,,LOC
grupo,no_calificado,Bournemouth,1,1,2487,,,LOC
grupo,no_calificado,Boursin,1,1,2487,,,LOC
grupo,no_calificado,Bowls,1,1,2487,,,MISC
grupo,no_calificado,Brad Pitt,1,1,2487,,,PER
grupo,no_calificado,Brillante,1,1,2487,,,PER
grupo,no_calificado,Broc,1,1,2487,,,PER
grupo,no_calificado,Brough,1,1,2487,,,PER
grupo,no_calificado,Bucatini,1,1,2487,,,PER
grupo,no_calificado,Buck Mason,1,1,2487,,,PER
grupo,no_calificado,"Buen tiempo, música",1,1,2487,,,MISC
grupo,no_calificado,Buenos días - ¿Cuál,1,1,2487,,,MISC
grupo,no_calificado,Buenos tiempos,1,1,2487,,,LOC
grupo,no_calificado,Buffalo Chik'n,1,1,2487,,,PER
grupo,no_calificado,Bullshit,1,1,2487,,,MISC
grupo,no_calificado,Burn,1,1,2487,,,MISC
grupo,no_calificado,Burrata Heirloom Ensalada Horiatiki,1,1,2487,,,PER
grupo,no_calificado,Burrata Mini Naans de Heirloom,1,1,2487,,,LOC
grupo,no_calificado,Burrata Panzanella,1,1,2487,,,PER
grupo,no_calificado,Burrata Pesto,1,1,2487,,,ORG
grupo,no_calificado,Burrito BBB,1,1,2487,,,MISC
grupo,no_calificado,Buscando una entrada para el festival Tramlines,1,1,2487,,,MISC
grupo,no_calificado,Butcher,1,1,2487,,,PER
grupo,no_calificado,Bélgica,1,1,2487,,,LOC
grupo,no_calificado,C Ó M O,1,1,2487,,,MISC
grupo,no_calificado,CK,1,1,2487,,,MISC
grupo,no_calificado,CMO,1,1,2487,,,ORG
grupo,no_calificado,CN Tower Toronto,1,1,2487,,,LOC
grupo,no_calificado,CNN,1,1,2487,,,ORG
grupo,no_calificado,CNN Narrative diario,1,1,2487,,,MISC
grupo,no_calificado,COMENTA,1,1,2487,,,ORG
grupo,no_calificado,COMO LOS,1,1,2487,,,MISC
grupo,no_calificado,COMPARADO,1,1,2487,,,MISC
grupo,no_calificado,COMÚNMENTE,1,1,2487,,,MISC
grupo,no_calificado,CT,1,1,2487,,,LOC
grupo,no_calificado,CUMPLEAÑOS DE,1,1,2487,,,LOC
grupo,no_calificado,Cabra Cómoda Comisión,1,1,2487,,,ORG
grupo,no_calificado,Cada casa y edificio,1,1,2487,,,MISC
grupo,no_calificado,Caesars Sweet & Spicy Mustard Roasted Fingerlings,1,1,2487,,,ORG
grupo,no_calificado,Caliente,1,1,2487,,,MISC
grupo,no_calificado,Callum,1,1,2487,,,PER
grupo,no_calificado,Campbell,1,1,2487,,,PER
grupo,no_calificado,Campeonas de Bronce,1,1,2487,,,MISC
grupo,no_calificado,Cannes,1,1,2487,,,LOC
grupo,no_calificado,Cantina,1,1,2487,,,MISC
grupo,no_calificado,Capitana Caitiana,1,1,2487,,,PER
grupo,no_calificado,Capitana M'Kello Comisión,1,1,2487,,,PER
grupo,no_calificado,Caprese Ensalada,1,1,2487,,,LOC
grupo,no_calificado,Caprese de Papa Pesto,1,1,2487,,,LOC
grupo,no_calificado,Carabao Cup,1,1,2487,,,LOC
grupo,no_calificado,Cargada de verduras,1,1,2487,,,MISC
grupo,no_calificado,Carrera,1,1,2487,,,PER
grupo,no_calificado,Casa Blanca,1,1,2487,,,LOC
grupo,no_calificado,Cassie,1,1,2487,,,PER
grupo,no_calificado,Cat 3,1,1,2487,,,MISC
grupo,no_calificado,Cat 4,1,1,2487,,,MISC
grupo,no_calificado,Cauli Bowls,1,1,2487,,,MISC
grupo,no_calificado,Cenando,1,1,2487,,,PER
grupo,no_calificado,Central Park,1,1,2487,,,LOC
grupo,no_calificado,Central Park Nueva York,1,1,2487,,,LOC
grupo,no_calificado,Centro,1,1,2487,,,LOC
grupo,no_calificado,Cerrar,1,1,2487,,,ORG
grupo,no_calificado,Cerveza,1,1,2487,,,LOC
grupo,no_calificado,Charles Darwin,1,1,2487,,,PER
grupo,no_calificado,Charlie Kirk,1,1,2487,,,PER
grupo,no_calificado,Charmin,1,1,2487,,,PER
grupo,no_calificado,Chattanooga,1,1,2487,,,LOC
grupo,no_calificado,Chiba,1,1,2487,,,LOC
grupo,no_calificado,Chii... Wa,1,1,2487,,,MISC
grupo,no_calificado,Chik'n,1,1,2487,,,LOC
grupo,no_calificado,Chik'n Caesar Pan,1,1,2487,,,PER
grupo,no_calificado,Chik'n Sammies,1,1,2487,,,PER
grupo,no_calificado,Chile,1,1,2487,,,LOC
grupo,no_calificado,Chili’s,1,1,2487,,,ORG
grupo,no_calificado,Chipotle Queso Bypass,1,1,2487,,,ORG
grupo,no_calificado,Chistes para ella,1,1,2487,,,MISC
grupo,no_calificado,Chris Jones,1,1,2487,,,PER
grupo,no_calificado,Christianity Today… Esa,1,1,2487,,,MISC
grupo,no_calificado,Christopher Caldwell,1,1,2487,,,PER
grupo,no_calificado,Christopher Nolan,1,1,2487,,,PER
grupo,no_calificado,Churchill,1,1,2487,,,PER
grupo,no_calificado,Ciabattas,1,1,2487,,,MISC
grupo,no_calificado,Cicerón,1,1,2487,,,PER
grupo,no_calificado,Cierra la puta boca,1,1,2487,,,MISC
grupo,no_calificado,Circuit Riders,1,1,2487,,,ORG
grupo,no_calificado,Clase! Arriba los Atlanta Braves,1,1,2487,,,MISC
grupo,no_calificado,Claude,1,1,2487,,,PER
grupo,no_calificado,Clip Studio Paint,1,1,2487,,,MISC
grupo,no_calificado,Cobrar,1,1,2487,,,ORG
grupo,no_calificado,Coca-Cola,1,1,2487,,,ORG
grupo,no_calificado,Coke,1,1,2487,,,PER
grupo,no_calificado,Colgante de casa,1,1,2487,,,MISC
grupo,no_calificado,Columbia,1,1,2487,,,LOC
grupo,no_calificado,Communist utopias,1,1,2487,,,MISC
grupo,no_calificado,Como GP,1,1,2487,,,MISC
grupo,no_calificado,Como alguien que ha luchado contra la ansiedad durante años,1,1,2487,,,MISC
grupo,no_calificado,Como mi familia,1,1,2487,,,MISC
grupo,no_calificado,Como presidente social de los sureños,1,1,2487,,,MISC
grupo,no_calificado,Como que encaja con nuestro perfil de jugador,1,1,2487,,,MISC
grupo,no_calificado,Como una estrella silenciosa,1,1,2487,,,MISC
grupo,no_calificado,Compañeros,1,1,2487,,,ORG
grupo,no_calificado,Compra - Chuletas Veganas Supremas Crujientes de Pinto,1,1,2487,,,MISC
grupo,no_calificado,Con otros niños,1,1,2487,,,MISC
grupo,no_calificado,Concert Square,1,1,2487,,,LOC
grupo,no_calificado,Concurso de pasteles Comisión,1,1,2487,,,MISC
grupo,no_calificado,Confundir las dos esferas,1,1,2487,,,MISC
grupo,no_calificado,Confío en las personas,1,1,2487,,,MISC
grupo,no_calificado,Conoces,1,1,2487,,,MISC
grupo,no_calificado,Conozco bien la ciudad,1,1,2487,,,MISC
grupo,no_calificado,Conseguí,1,1,2487,,,ORG
grupo,no_calificado,Conservador,1,1,2487,,,ORG
grupo,no_calificado,Considéalo,1,1,2487,,,PER
grupo,no_calificado,Constitución de los Estados Unidos,1,1,2487,,,ORG
grupo,no_calificado,Construir la casa,1,1,2487,,,MISC
grupo,no_calificado,Copa de África,1,1,2487,,,MISC
grupo,no_calificado,CopaMundialDeLaFIFA,1,1,2487,,,MISC
grupo,no_calificado,Corea,1,1,2487,,,LOC
grupo,no_calificado,Corea del Sur,1,1,2487,,,LOC
grupo,no_calificado,Cortar,1,1,2487,,,LOC
grupo,no_calificado,Corán,1,1,2487,,,MISC
grupo,no_calificado,Costa de Marfil,1,1,2487,,,LOC
grupo,no_calificado,Covid,1,1,2487,,,LOC
grupo,no_calificado,Cowork,1,1,2487,,,MISC
grupo,no_calificado,CrashedStarr,1,1,2487,,,MISC
grupo,no_calificado,Crawley y Barnet,1,1,2487,,,MISC
grupo,no_calificado,Creación,1,1,2487,,,MISC
grupo,no_calificado,Creo que cada desembolso que,1,1,2487,,,MISC
grupo,no_calificado,Creo que está bien para este tipo de eventos,1,1,2487,,,MISC
grupo,no_calificado,Creo que mañana me compraré una 40 de OE,1,1,2487,,,MISC
grupo,no_calificado,Creo que me estafaron,1,1,2487,,,MISC
grupo,no_calificado,Creo que sentí dolor físico real,1,1,2487,,,MISC
grupo,no_calificado,Croacia,1,1,2487,,,LOC
grupo,no_calificado,Croacia 🇭🇷,1,1,2487,,,LOC
grupo,no_calificado,Croatia fans crying,1,1,2487,,,ORG
grupo,no_calificado,Crostini,1,1,2487,,,PER
grupo,no_calificado,Crostini de Ricotta Batida Cena,1,1,2487,,,LOC
grupo,no_calificado,Crucemos,1,1,2487,,,MISC
grupo,no_calificado,Cuarta Revolución Industrial,1,1,2487,,,MISC
grupo,no_calificado,Cuatro Nippon 🇯🇵,1,1,2487,,,ORG
grupo,no_calificado,Cultura de Esfuerzo Tecnológico™,1,1,2487,,,MISC
grupo,no_calificado,Cultura del Ambicioso™,1,1,2487,,,MISC
grupo,no_calificado,Cultura del Esfuerzo Tecnológico™,1,1,2487,,,MISC
grupo,no_calificado,Cultura del Esfuerzo™,1,1,2487,,,ORG
grupo,no_calificado,Cultura del Luchador Tecnológico™,1,1,2487,,,MISC
grupo,no_calificado,Cultura™,1,1,2487,,,MISC
grupo,no_calificado,Cuscús Mediterráneo Ensalada,1,1,2487,,,LOC
grupo,no_calificado,Cuties,1,1,2487,,,MISC
grupo,no_calificado,Cuál,1,1,2487,,,MISC
grupo,no_calificado,Cuál tipo,1,1,2487,,,MISC
grupo,no_calificado,Cáceres,1,1,2487,,,LOC
grupo,no_calificado,Cálmese,1,1,2487,,,LOC
grupo,no_calificado,Cámara de Comercio e Industria,1,1,2487,,,ORG
grupo,no_calificado,Cómo demonios,1,1,2487,,,MISC
grupo,no_calificado,DAZN,1,1,2487,,,ORG
grupo,no_calificado,DC,1,1,2487,,,ORG
grupo,no_calificado,DE MINDFULL YA,1,1,2487,,,MISC
grupo,no_calificado,DEA,1,1,2487,,,ORG
grupo,no_calificado,DELICIOSAS,1,1,2487,,,PER
grupo,no_calificado,DEMASIADO,1,1,2487,,,MISC
grupo,no_calificado,DIVERTIDO,1,1,2487,,,MISC
grupo,no_calificado,DNC,1,1,2487,,,ORG
grupo,no_calificado,Da,1,1,2487,,,MISC
grupo,no_calificado,Dado que está el Sr. Aizawa,1,1,2487,,,MISC
grupo,no_calificado,Dai Dai,1,1,2487,,,PER
grupo,no_calificado,Dale Partridge,1,1,2487,,,PER
grupo,no_calificado,Damn it,1,1,2487,,,MISC
grupo,no_calificado,Dan Smoot Report,1,1,2487,,,PER
grupo,no_calificado,Dando manotazos y llorando,1,1,2487,,,MISC
grupo,no_calificado,Daniel,1,1,2487,,,PER
grupo,no_calificado,Danny Murphy,1,1,2487,,,PER
grupo,no_calificado,Darren Rovell,1,1,2487,,,PER
grupo,no_calificado,Dartmouth,1,1,2487,,,ORG
grupo,no_calificado,Dartmouth College,1,1,2487,,,ORG
grupo,no_calificado,Date prisa y sé,1,1,2487,,,MISC
grupo,no_calificado,Dave Attell,1,1,2487,,,PER
grupo,no_calificado,David Perkins,1,1,2487,,,PER
grupo,no_calificado,David Seaman,1,1,2487,,,PER
grupo,no_calificado,De arriba a abajo,1,1,2487,,,MISC
grupo,no_calificado,De día y de noche,1,1,2487,,,MISC
grupo,no_calificado,De todos modos,1,1,2487,,,MISC
grupo,no_calificado,De vacaciones en,1,1,2487,,,MISC
grupo,no_calificado,De verdad,1,1,2487,,,MISC
grupo,no_calificado,De vuelta a Nueva York,1,1,2487,,,MISC
grupo,no_calificado,"Debbie ""Deb"" McKenzie ¡La foto",1,1,2487,,,PER
grupo,no_calificado,Debe,1,1,2487,,,MISC
grupo,no_calificado,Deberían,1,1,2487,,,PER
grupo,no_calificado,Debo,1,1,2487,,,PER
grupo,no_calificado,Declan Rice,1,1,2487,,,PER
grupo,no_calificado,Declaración de Antioquía,1,1,2487,,,MISC
grupo,no_calificado,Dejad,1,1,2487,,,PER
grupo,no_calificado,Dejen,1,1,2487,,,MISC
grupo,no_calificado,Del Toro,1,1,2487,,,LOC
grupo,no_calificado,Delta Sky Lounge,1,1,2487,,,LOC
grupo,no_calificado,Demasiada libertad,1,1,2487,,,MISC
grupo,no_calificado,Demasiado bueno,1,1,2487,,,MISC
grupo,no_calificado,Deme 100,1,1,2487,,,MISC
grupo,no_calificado,Demon Deacon,1,1,2487,,,PER
grupo,no_calificado,Demonio,1,1,2487,,,MISC
grupo,no_calificado,Depende de ti Inglaterra 🏴,1,1,2487,,,MISC
grupo,no_calificado,Derecha,1,1,2487,,,ORG
grupo,no_calificado,Derecha Kosher,1,1,2487,,,PER
grupo,no_calificado,Derek Vinyard,1,1,2487,,,PER
grupo,no_calificado,Derry,1,1,2487,,,LOC
grupo,no_calificado,Desayuno Boursin Ensalada de Pasta Griega Tostadas de Stracciatella Veraniegas Ensalada de Patatas de Toda la Vida,1,1,2487,,,MISC
grupo,no_calificado,Descarga,1,1,2487,,,MISC
grupo,no_calificado,Descente,1,1,2487,,,LOC
grupo,no_calificado,Descubrir la línea,1,1,2487,,,MISC
grupo,no_calificado,Descubrí,1,1,2487,,,PER
grupo,no_calificado,Desnudo Coffee,1,1,2487,,,MISC
grupo,no_calificado,Dhalila,1,1,2487,,,PER
grupo,no_calificado,Diablo,1,1,2487,,,PER
grupo,no_calificado,Diablo Huevos,1,1,2487,,,MISC
grupo,no_calificado,Diet Coke,1,1,2487,,,PER
grupo,no_calificado,Diet Cokes,1,1,2487,,,ORG
grupo,no_calificado,Dije,1,1,2487,,,PER
grupo,no_calificado,Dijo que la gente en el bar del resort,1,1,2487,,,MISC
grupo,no_calificado,Dill-Icious Smashed Taters Grilled Burritos,1,1,2487,,,PER
grupo,no_calificado,Din! ¡¡Quiero ver al joven Din,1,1,2487,,,MISC
grupo,no_calificado,Ding,1,1,2487,,,PER
grupo,no_calificado,Ding-san,1,1,2487,,,MISC
grupo,no_calificado,Dingarin,1,1,2487,,,PER
grupo,no_calificado,Dios mío,1,1,2487,,,MISC
grupo,no_calificado,Dip,1,1,2487,,,PER
grupo,no_calificado,Directo,1,1,2487,,,ORG
grupo,no_calificado,Dirígete,1,1,2487,,,MISC
grupo,no_calificado,Disclosure Day,1,1,2487,,,MISC
grupo,no_calificado,Discord,1,1,2487,,,MISC
grupo,no_calificado,Discurso,1,1,2487,,,MISC
grupo,no_calificado,Discípulos de Cristo,1,1,2487,,,ORG
grupo,no_calificado,Disney+,1,1,2487,,,MISC
grupo,no_calificado,Disneyland,1,1,2487,,,LOC
grupo,no_calificado,Disneyland California,1,1,2487,,,LOC
grupo,no_calificado,Disneyland 😼,1,1,2487,,,LOC
grupo,no_calificado,Doc Holliday,1,1,2487,,,PER
grupo,no_calificado,Dole,1,1,2487,,,PER
grupo,no_calificado,Donald,1,1,2487,,,PER
grupo,no_calificado,Donald Meij,1,1,2487,,,PER
grupo,no_calificado,Doncaster,1,1,2487,,,LOC
grupo,no_calificado,Donna,1,1,2487,,,PER
grupo,no_calificado,Donovan Adesoro,1,1,2487,,,PER
grupo,no_calificado,Dos cosas pueden ser ciertas a la vez,1,1,2487,,,MISC
grupo,no_calificado,Dos lotes,1,1,2487,,,MISC
grupo,no_calificado,Drake,1,1,2487,,,PER
grupo,no_calificado,DrippyDip,1,1,2487,,,LOC
grupo,no_calificado,Dudo,1,1,2487,,,PER
grupo,no_calificado,Duerme bien! ¡Lleva Ryukakusan contigo,1,1,2487,,,MISC
grupo,no_calificado,Duolingo,1,1,2487,,,MISC
grupo,no_calificado,Dusk,1,1,2487,,,MISC
grupo,no_calificado,Déjala,1,1,2487,,,MISC
grupo,no_calificado,Déjame,1,1,2487,,,MISC
grupo,no_calificado,Día 1 de Tramlines,1,1,2487,,,MISC
grupo,no_calificado,Dónde están,1,1,2487,,,MISC
grupo,no_calificado,EEUU,1,1,2487,,,LOC
grupo,no_calificado,EN LÍNEA,1,1,2487,,,MISC
grupo,no_calificado,ES EL,1,1,2487,,,LOC
grupo,no_calificado,ESAS,1,1,2487,,,PER
grupo,no_calificado,ESCLAVO,1,1,2487,,,MISC
grupo,no_calificado,ESE ES MI FETICHE,1,1,2487,,,MISC
grupo,no_calificado,ESO ES,1,1,2487,,,MISC
grupo,no_calificado,ESTADOUNIDENSES,1,1,2487,,,ORG
grupo,no_calificado,ESTAMOS,1,1,2487,,,ORG
grupo,no_calificado,ESTOY DE VUELTA QUÉ ME PERDÍ,1,1,2487,,,MISC
grupo,no_calificado,ESTÁN,1,1,2487,,,MISC
grupo,no_calificado,ETIQUETA A TU SAN VALENTÍN,1,1,2487,,,MISC
grupo,no_calificado,Earp,1,1,2487,,,PER
grupo,no_calificado,Echo,1,1,2487,,,MISC
grupo,no_calificado,Edina,1,1,2487,,,LOC
grupo,no_calificado,Educación Cristiana Clásica,1,1,2487,,,LOC
grupo,no_calificado,Eh,1,1,2487,,,MISC
grupo,no_calificado,Eh? Me,1,1,2487,,,MISC
grupo,no_calificado,El,1,1,2487,,,MISC
grupo,no_calificado,El 250 cumpleaños de América,1,1,2487,,,MISC
grupo,no_calificado,El Bucees,1,1,2487,,,LOC
grupo,no_calificado,El Entrenamiento Militar Básico,1,1,2487,,,MISC
grupo,no_calificado,El Papa,1,1,2487,,,PER
grupo,no_calificado,El arquitecto cobra,1,1,2487,,,MISC
grupo,no_calificado,El ateísmo,1,1,2487,,,MISC
grupo,no_calificado,El borrador,1,1,2487,,,MISC
grupo,no_calificado,El campamento CN nota,1,1,2487,,,MISC
grupo,no_calificado,El centro,1,1,2487,,,MISC
grupo,no_calificado,El cheque de la próxima semana,1,1,2487,,,MISC
grupo,no_calificado,El colchón,1,1,2487,,,MISC
grupo,no_calificado,El comercio transahariano de esclavos,1,1,2487,,,MISC
grupo,no_calificado,El costo no es un problema,1,1,2487,,,MISC
grupo,no_calificado,El costo nominal de pagar a un profesional desde el principio,1,1,2487,,,MISC
grupo,no_calificado,El desarrollador A,1,1,2487,,,MISC
grupo,no_calificado,El desarrollador B,1,1,2487,,,MISC
grupo,no_calificado,El dinero no es un juego de suma cero,1,1,2487,,,MISC
grupo,no_calificado,El foco va a Tranmere,1,1,2487,,,MISC
grupo,no_calificado,El fútbol ha ganado y el mundo entero también,1,1,2487,,,MISC
grupo,no_calificado,El fútbol y el apoyo deberían ser cosas,1,1,2487,,,MISC
grupo,no_calificado,El hebreo antiguo,1,1,2487,,,MISC
grupo,no_calificado,El ingeniero cobra,1,1,2487,,,MISC
grupo,no_calificado,El mañana,1,1,2487,,,MISC
grupo,no_calificado,El mercado,1,1,2487,,,MISC
grupo,no_calificado,El mercado estaba extremadamente efervescente,1,1,2487,,,MISC
grupo,no_calificado,El mundo es amable,1,1,2487,,,MISC
grupo,no_calificado,"El método de ""lanzarlo",1,1,2487,,,MISC
grupo,no_calificado,El mío,1,1,2487,,,MISC
grupo,no_calificado,El múltiplo más alto,1,1,2487,,,MISC
grupo,no_calificado,El número de veces que me,1,1,2487,,,MISC
grupo,no_calificado,El objetivo declarado de mi empresa,1,1,2487,,,MISC
grupo,no_calificado,El papel ordenado por Dios de anciano de la Iglesia,1,1,2487,,,MISC
grupo,no_calificado,El partido de,1,1,2487,,,MISC
grupo,no_calificado,El pietismo enclaustrado,1,1,2487,,,MISC
grupo,no_calificado,El poder de los jugadores individuales no,1,1,2487,,,MISC
grupo,no_calificado,El presidente Obama,1,1,2487,,,MISC
grupo,no_calificado,El prestamista cobra,1,1,2487,,,MISC
grupo,no_calificado,El proyecto,1,1,2487,,,MISC
grupo,no_calificado,El próximo,1,1,2487,,,MISC
grupo,no_calificado,El reemplazo de la podredumbre exterior y los revestimientos,1,1,2487,,,MISC
grupo,no_calificado,El sitio,1,1,2487,,,MISC
grupo,no_calificado,El suburbio de Texas,1,1,2487,,,MISC
grupo,no_calificado,El tasador cobra,1,1,2487,,,MISC
grupo,no_calificado,El temblor no es tanto,1,1,2487,,,MISC
grupo,no_calificado,El tipo de rendimientos con los que aterrizo en la luna,1,1,2487,,,MISC
grupo,no_calificado,El topógrafo cobra,1,1,2487,,,MISC
grupo,no_calificado,El trabajo ya está haciendo mella,1,1,2487,,,MISC
grupo,no_calificado,El trato preferencial,1,1,2487,,,MISC
grupo,no_calificado,El trato que se,1,1,2487,,,MISC
grupo,no_calificado,El término judío no existiría,1,1,2487,,,MISC
grupo,no_calificado,El vaso es de Stella,1,1,2487,,,MISC
grupo,no_calificado,El “culto,1,1,2487,,,MISC
grupo,no_calificado,Elegiré fotos de personajes en forma,1,1,2487,,,MISC
grupo,no_calificado,Eli,1,1,2487,,,PER
grupo,no_calificado,Elizabeth,1,1,2487,,,PER
grupo,no_calificado,Elliot Anderson,1,1,2487,,,PER
grupo,no_calificado,Elon Musk,1,1,2487,,,PER
grupo,no_calificado,Elon Musky,1,1,2487,,,PER
grupo,no_calificado,Embarque,1,1,2487,,,LOC
grupo,no_calificado,Emily,1,1,2487,,,PER
grupo,no_calificado,Emma Hayes,1,1,2487,,,PER
grupo,no_calificado,Empire State Building,1,1,2487,,,LOC
grupo,no_calificado,En serio,1,1,2487,,,MISC
grupo,no_calificado,Encantadora hija,1,1,2487,,,MISC
grupo,no_calificado,Engels,1,1,2487,,,PER
grupo,no_calificado,England 🏴,1,1,2487,,,MISC
grupo,no_calificado,Enmiendas,1,1,2487,,,MISC
grupo,no_calificado,Enmárcalos,1,1,2487,,,PER
grupo,no_calificado,Ensalada Griega de Judías Blancas Picadas,1,1,2487,,,MISC
grupo,no_calificado,Ensalada de alubias blancas #vegetarian #salad #recipes,1,1,2487,,,MISC
grupo,no_calificado,Ensalada de cuscús mediterráneo Ensalada Horiatiki Ensalada,1,1,2487,,,MISC
grupo,no_calificado,Ensalada griega de judías blancas,1,1,2487,,,MISC
grupo,no_calificado,Ensaladas,1,1,2487,,,PER
grupo,no_calificado,Ensaladas Ensalada de Patatas de la Abuela,1,1,2487,,,PER
grupo,no_calificado,Entonces,1,1,2487,,,MISC
grupo,no_calificado,Entourage,1,1,2487,,,MISC
grupo,no_calificado,Entradas,1,1,2487,,,LOC
grupo,no_calificado,Enviándote,1,1,2487,,,PER
grupo,no_calificado,Envíenme,1,1,2487,,,MISC
grupo,no_calificado,Episodio 188: Playoffs,1,1,2487,,,MISC
grupo,no_calificado,Episodio 189,1,1,2487,,,MISC
grupo,no_calificado,Episodio 190: ¿Qué,1,1,2487,,,MISC
grupo,no_calificado,Episodio 191,1,1,2487,,,MISC
grupo,no_calificado,Episodio 192,1,1,2487,,,MISC
grupo,no_calificado,Equity,1,1,2487,,,ORG
grupo,no_calificado,Eres el hombre,1,1,2487,,,MISC
grupo,no_calificado,Eres realmente tan estúpido,1,1,2487,,,MISC
grupo,no_calificado,Eres simplemente deshonesto y/o retardado,1,1,2487,,,MISC
grupo,no_calificado,Ernie,1,1,2487,,,MISC
grupo,no_calificado,Esas palabras,1,1,2487,,,MISC
grupo,no_calificado,Escocia 🏴󠁧󠁢󠁳󠁣󠁴󠁿,1,1,2487,,,LOC
grupo,no_calificado,Escucha 420 In Vegas,1,1,2487,,,MISC
grupo,no_calificado,Escucha y Suscríbete Ahora,1,1,2487,,,MISC
grupo,no_calificado,Ese Konza por Gordon,1,1,2487,,,MISC
grupo,no_calificado,Ese mediocampo,1,1,2487,,,MISC
grupo,no_calificado,Eso es blasfemia,1,1,2487,,,MISC
grupo,no_calificado,Eso está mal,1,1,2487,,,MISC
grupo,no_calificado,Eso son $1000 extra en mi cheque justo antes de irme a,1,1,2487,,,MISC
grupo,no_calificado,Eso suena obvio,1,1,2487,,,MISC
grupo,no_calificado,Especial Especial Especial,1,1,2487,,,MISC
grupo,no_calificado,Especialmente .io,1,1,2487,,,MISC
grupo,no_calificado,Especialmente la suerte,1,1,2487,,,MISC
grupo,no_calificado,Esperaba,1,1,2487,,,PER
grupo,no_calificado,Espárragos,1,1,2487,,,ORG
grupo,no_calificado,"Esta casa de 1,725 pies cuadrados",1,1,2487,,,MISC
grupo,no_calificado,"Esta vez, el arroz y la sopa de miso de Sato me salvaron",1,1,2487,,,MISC
grupo,no_calificado,"Esta vez, me",1,1,2487,,,MISC
grupo,no_calificado,Estadio BBVA,1,1,2487,,,MX_ESTADIO
grupo,no_calificado,Estadio Mercedes Benz,1,1,2487,,,LOC
grupo,no_calificado,Estarás,1,1,2487,,,PER
grupo,no_calificado,Este acompañamiento de verano,1,1,2487,,,MISC
grupo,no_calificado,Este es el sueño americano en acción,1,1,2487,,,MISC
grupo,no_calificado,Este partido,1,1,2487,,,MISC
grupo,no_calificado,Este tiene mejor elasticidad,1,1,2487,,,MISC
grupo,no_calificado,Estimados SMBTwit,1,1,2487,,,LOC
grupo,no_calificado,Estoy absolutamente devastado,1,1,2487,,,MISC
grupo,no_calificado,Estoy buscando algo similar,1,1,2487,,,MISC
grupo,no_calificado,Estoy de morros,1,1,2487,,,MISC
grupo,no_calificado,Estoy deprimida Esperé una hora,1,1,2487,,,MISC
grupo,no_calificado,Estoy emocionado de cualquier manera,1,1,2487,,,MISC
grupo,no_calificado,Estoy en,1,1,2487,,,MISC
grupo,no_calificado,"Estoy muy celoso, ojalá mi padre",1,1,2487,,,MISC
grupo,no_calificado,Estoy nerviosa,1,1,2487,,,MISC
grupo,no_calificado,Estoy orgulloso de la selección japonesa,1,1,2487,,,MISC
grupo,no_calificado,Estoy un poco somnoliento,1,1,2487,,,MISC
grupo,no_calificado,Estudio de ITV,1,1,2487,,,MISC
grupo,no_calificado,Estudié,1,1,2487,,,LOC
grupo,no_calificado,Están,1,1,2487,,,MISC
grupo,no_calificado,Etete,1,1,2487,,,LOC
grupo,no_calificado,Evangelio…,1,1,2487,,,MISC
grupo,no_calificado,Evangelistas de Régimen,1,1,2487,,,PER
grupo,no_calificado,Everspin,1,1,2487,,,LOC
grupo,no_calificado,Explícamelo,1,1,2487,,,PER
grupo,no_calificado,F-35B Lightning,1,1,2487,,,MISC
grupo,no_calificado,FAWK,1,1,2487,,,ORG
grupo,no_calificado,FOMC,1,1,2487,,,ORG
grupo,no_calificado,FRASWE,1,1,2487,,,MISC
grupo,no_calificado,FUCK SUMMER,1,1,2487,,,MISC
grupo,no_calificado,Fab,1,1,2487,,,LOC
grupo,no_calificado,Fab Four,1,1,2487,,,MISC
grupo,no_calificado,Falta,1,1,2487,,,LOC
grupo,no_calificado,Famicom,1,1,2487,,,MISC
grupo,no_calificado,Famous Dave’s,1,1,2487,,,MISC
grupo,no_calificado,Fans next to the players cheering them out thats a new one,1,1,2487,,,MISC
grupo,no_calificado,Fanta,1,1,2487,,,MISC
grupo,no_calificado,Fantasía del Sábado Desayuno,1,1,2487,,,MISC
grupo,no_calificado,Fault Lines,1,1,2487,,,ORG
grupo,no_calificado,Felicidades,1,1,2487,,,MISC
grupo,no_calificado,Felicidades yonna,1,1,2487,,,PER
grupo,no_calificado,Felicidades! IHOP,1,1,2487,,,MISC
grupo,no_calificado,Feliz 4 de Julio,1,1,2487,,,MISC
grupo,no_calificado,Feliz día de la boda al absoluto,1,1,2487,,,MISC
grupo,no_calificado,Figma,1,1,2487,,,MISC
grupo,no_calificado,Filipinas,1,1,2487,,,LOC
grupo,no_calificado,Final,1,1,2487,,,MISC
grupo,no_calificado,Finlandia,1,1,2487,,,LOC
grupo,no_calificado,Finley,1,1,2487,,,PER
grupo,no_calificado,Flashscore,1,1,2487,,,PER
grupo,no_calificado,Floyd,1,1,2487,,,PER
grupo,no_calificado,Floyd Mayweather,1,1,2487,,,PER
grupo,no_calificado,Flynt,1,1,2487,,,PER
grupo,no_calificado,For kriff’s sake,1,1,2487,,,MISC
grupo,no_calificado,Franklin BBQ,1,1,2487,,,PER
grupo,no_calificado,Frank’s Red Hot,1,1,2487,,,PER
grupo,no_calificado,Frederick Douglass,1,1,2487,,,PER
grupo,no_calificado,FreshProduce,1,1,2487,,,ORG
grupo,no_calificado,Frijoles,1,1,2487,,,PER
grupo,no_calificado,Frontale,1,1,2487,,,ORG
grupo,no_calificado,Fuck,1,1,2487,,,MISC
grupo,no_calificado,Fuji Rock,1,1,2487,,,LOC
grupo,no_calificado,Fácil,1,1,2487,,,MISC
grupo,no_calificado,G O Y A,1,1,2487,,,MISC
grupo,no_calificado,GIMP,1,1,2487,,,MISC
grupo,no_calificado,GOAT,1,1,2487,,,ORG
grupo,no_calificado,GRAN,1,1,2487,,,MISC
grupo,no_calificado,Gabby Hughes,1,1,2487,,,PER
grupo,no_calificado,Gala,1,1,2487,,,MISC
grupo,no_calificado,Galarza,1,1,2487,,,LOC
grupo,no_calificado,Galaxy's Edge,1,1,2487,,,PER
grupo,no_calificado,Ganamos,1,1,2487,,,MISC
grupo,no_calificado,Ganamos el sábado y seremos primeros del grupo,1,1,2487,,,MISC
grupo,no_calificado,Ganar,1,1,2487,,,MISC
grupo,no_calificado,Gareth Aintsworth,1,1,2487,,,PER
grupo,no_calificado,Gary,1,1,2487,,,PER
grupo,no_calificado,Gelato Pique,1,1,2487,,,PER
grupo,no_calificado,Genial,1,1,2487,,,MISC
grupo,no_calificado,Gente como el Rey Acab,1,1,2487,,,MISC
grupo,no_calificado,George Berkeley,1,1,2487,,,PER
grupo,no_calificado,Ghana,1,1,2487,,,LOC
grupo,no_calificado,Giancarlo Esposito,1,1,2487,,,PER
grupo,no_calificado,Giroud,1,1,2487,,,PER
grupo,no_calificado,Glasser,1,1,2487,,,PER
grupo,no_calificado,Golden Buffalo,1,1,2487,,,PER
grupo,no_calificado,Golden Scram Toastie Baguettes,1,1,2487,,,PER
grupo,no_calificado,Golden Scram Toastie Pesto Protein Toasts Whipped Cottage Cheese Breakfast Toastie RRP & Boursin Breakfast Toasties,1,1,2487,,,PER
grupo,no_calificado,Golfo,1,1,2487,,,LOC
grupo,no_calificado,Goonies,1,1,2487,,,MISC
grupo,no_calificado,Gordon,1,1,2487,,,PER
grupo,no_calificado,Gork,1,1,2487,,,MISC
grupo,no_calificado,Goya,1,1,2487,,,PER
grupo,no_calificado,Graaaacias,1,1,2487,,,PER
grupo,no_calificado,Gracia,1,1,2487,,,LOC
grupo,no_calificado,Gracias hermano,1,1,2487,,,MISC
grupo,no_calificado,Gracias por Rice,1,1,2487,,,PER
grupo,no_calificado,Gracias! ¡Salí,1,1,2487,,,MISC
grupo,no_calificado,Graham,1,1,2487,,,PER
grupo,no_calificado,Gran Comisión,1,1,2487,,,ORG
grupo,no_calificado,Gran contenido,1,1,2487,,,MISC
grupo,no_calificado,Gran 📠,1,1,2487,,,MISC
grupo,no_calificado,Grand Fiesta,1,1,2487,,,LOC
grupo,no_calificado,Greear,1,1,2487,,,PER
grupo,no_calificado,Grilled Cheese Garlic Bread Meatball Marinara Subs Pesto Halloumi Melt Panini Grilled Garlic Bread Pesto,1,1,2487,,,MISC
grupo,no_calificado,Grim,1,1,2487,,,MISC
grupo,no_calificado,Guacamole #vegetarian #recipes,1,1,2487,,,MISC
grupo,no_calificado,Guadalajara,1,1,2487,,,MX_CIUDAD_SEDE
grupo,no_calificado,Guante de Oro,1,1,2487,,,MISC
grupo,no_calificado,Guarda,1,1,2487,,,MISC
grupo,no_calificado,Gudetama,1,1,2487,,,PER
grupo,no_calificado,Guerra Justa,1,1,2487,,,MISC
grupo,no_calificado,Guerrero,1,1,2487,,,LOC
grupo,no_calificado,Guillaume,1,1,2487,,,PER
grupo,no_calificado,Gustavo,1,1,2487,,,PER
grupo,no_calificado,H!+L€R/Satán,1,1,2487,,,MISC
grupo,no_calificado,HATERS,1,1,2487,,,ORG
grupo,no_calificado,HAWAII,1,1,2487,,,MISC
grupo,no_calificado,HAZLO POR LO QUE SEA O QUIEN SEA QUE ESTÉ EN LA FOTO,1,1,2487,,,ORG
grupo,no_calificado,HBOmax,1,1,2487,,,ORG
grupo,no_calificado,HHC,1,1,2487,,,ORG
grupo,no_calificado,HIUEUHEHUEHUE,1,1,2487,,,MISC
grupo,no_calificado,HMS Prince of Wales,1,1,2487,,,MISC
grupo,no_calificado,HMS Queen Elizabeth,1,1,2487,,,MISC
grupo,no_calificado,HND,1,1,2487,,,LOC
grupo,no_calificado,HR,1,1,2487,,,ORG
grupo,no_calificado,HT,1,1,2487,,,ORG
grupo,no_calificado,HTTR,1,1,2487,,,ORG
grupo,no_calificado,Habla de destrucción de valor,1,1,2487,,,MISC
grupo,no_calificado,Haciendo,1,1,2487,,,PER
grupo,no_calificado,Haití,1,1,2487,,,LOC
grupo,no_calificado,Han tratado,1,1,2487,,,MISC
grupo,no_calificado,Hanamaki,1,1,2487,,,LOC
grupo,no_calificado,Hara-chan,1,1,2487,,,LOC
grupo,no_calificado,Harriet Tubmanicus,1,1,2487,,,PER
grupo,no_calificado,Harrogate,1,1,2487,,,PER
grupo,no_calificado,Harry Kane,1,1,2487,,,MISC
grupo,no_calificado,Harvey,1,1,2487,,,PER
grupo,no_calificado,Has,1,1,2487,,,ORG
grupo,no_calificado,Hat trick,1,1,2487,,,PER
grupo,no_calificado,Hazme,1,1,2487,,,MISC
grupo,no_calificado,He terminado todo mi trabajo temprano,1,1,2487,,,MISC
grupo,no_calificado,Heirloom,1,1,2487,,,LOC
grupo,no_calificado,Here’s the summary,1,1,2487,,,MISC
grupo,no_calificado,Hermosos,1,1,2487,,,PER
grupo,no_calificado,Hiciste,1,1,2487,,,PER
grupo,no_calificado,Hinata 🐬,1,1,2487,,,PER
grupo,no_calificado,Historia Británica,1,1,2487,,,ORG
grupo,no_calificado,Historia de la Filosofía Política,1,1,2487,,,ORG
grupo,no_calificado,Historias,1,1,2487,,,MISC
grupo,no_calificado,Hitler,1,1,2487,,,PER
grupo,no_calificado,Hola,1,1,2487,,,LOC
grupo,no_calificado,Hola Canadá,1,1,2487,,,LOC
grupo,no_calificado,Hola Don,1,1,2487,,,PER
grupo,no_calificado,Hola mis amores,1,1,2487,,,MISC
grupo,no_calificado,Holanda,1,1,2487,,,LOC
grupo,no_calificado,Holanda 🇳🇱,1,1,2487,,,ORG
grupo,no_calificado,Holanda 🇳🇱 ¡Vamos 👍 Japón,1,1,2487,,,ORG
grupo,no_calificado,Holden,1,1,2487,,,PER
grupo,no_calificado,Home Slice,1,1,2487,,,MISC
grupo,no_calificado,Honda,1,1,2487,,,ORG
grupo,no_calificado,Hooked On Ebonics,1,1,2487,,,MISC
grupo,no_calificado,Hora de tener más bebés,1,1,2487,,,MISC
grupo,no_calificado,Horrible,1,1,2487,,,MISC
grupo,no_calificado,Hospital,1,1,2487,,,LOC
grupo,no_calificado,How about them epstein,1,1,2487,,,MISC
grupo,no_calificado,Hoy,1,1,2487,,,MISC
grupo,no_calificado,Hoy es el día 493 seguido de 20k pasos,1,1,2487,,,MISC
grupo,no_calificado,Hoy le pregunté a un japonés,1,1,2487,,,MISC
grupo,no_calificado,"Hoy, solo 2.5 personas",1,1,2487,,,MISC
grupo,no_calificado,Huevos Rellenos,1,1,2487,,,MISC
grupo,no_calificado,Huevos Tostadas,1,1,2487,,,LOC
grupo,no_calificado,Huevos endiablados de jalapeño ranch,1,1,2487,,,MISC
grupo,no_calificado,Hut vintage,1,1,2487,,,ORG
grupo,no_calificado,I notive you NEVER cover the hundreds of republican perverts but jump on the one trans one because you're a rage baiting cunt,1,1,2487,,,MISC
grupo,no_calificado,I won't sell and will just endure Is this a patience contest,1,1,2487,,,MISC
grupo,no_calificado,IA! Por,1,1,2487,,,MISC
grupo,no_calificado,IBEW,1,1,2487,,,ORG
grupo,no_calificado,IDK,1,1,2487,,,ORG
grupo,no_calificado,INDUSTRIAL QUE,1,1,2487,,,MISC
grupo,no_calificado,INGLÉS,1,1,2487,,,MISC
grupo,no_calificado,ITVx,1,1,2487,,,MISC
grupo,no_calificado,IbisPaint,1,1,2487,,,MISC
grupo,no_calificado,Iglesia Ortodoxa Oriental,1,1,2487,,,MISC
grupo,no_calificado,Iida-san,1,1,2487,,,PER
grupo,no_calificado,Illinois,1,1,2487,,,LOC
grupo,no_calificado,Ilustración,1,1,2487,,,MISC
grupo,no_calificado,Imagina,1,1,2487,,,MISC
grupo,no_calificado,Imagina ser de Irlanda,1,1,2487,,,MISC
grupo,no_calificado,Imperio,1,1,2487,,,MISC
grupo,no_calificado,Imperio Británico,1,1,2487,,,LOC
grupo,no_calificado,Imperio Romano,1,1,2487,,,LOC
grupo,no_calificado,Imposible,1,1,2487,,,MISC
grupo,no_calificado,In Living Color,1,1,2487,,,MISC
grupo,no_calificado,InGenius Prep,1,1,2487,,,MISC
grupo,no_calificado,Increíble Croacia,1,1,2487,,,MISC
grupo,no_calificado,Increíble! ¡Mi primer partido del,1,1,2487,,,MISC
grupo,no_calificado,Indiana,1,1,2487,,,LOC
grupo,no_calificado,Ingresos,1,1,2487,,,ORG
grupo,no_calificado,Insta 🥹 ¡Conocí a la chica,1,1,2487,,,MISC
grupo,no_calificado,Instagram w,1,1,2487,,,MISC
grupo,no_calificado,Intentando,1,1,2487,,,ORG
grupo,no_calificado,Internet,1,1,2487,,,MISC
grupo,no_calificado,Iowa,1,1,2487,,,LOC
grupo,no_calificado,Irak,1,1,2487,,,LOC
grupo,no_calificado,Iryna Zarutska,1,1,2487,,,PER
grupo,no_calificado,Islamo-cristiano,1,1,2487,,,LOC
grupo,no_calificado,It will definitely recover within the year anyway I can state this with certainty,1,1,2487,,,MISC
grupo,no_calificado,It's Coming Home,1,1,2487,,,MISC
grupo,no_calificado,Ito Junya,1,1,2487,,,PER
grupo,no_calificado,Ivan Toney,1,1,2487,,,PER
grupo,no_calificado,Ivy Leagues,1,1,2487,,,ORG
grupo,no_calificado,JAJAJAJA,1,1,2487,,,MISC
grupo,no_calificado,JAJAJAJAJA,1,1,2487,,,MISC
grupo,no_calificado,JD,1,1,2487,,,ORG
grupo,no_calificado,JD Greear,1,1,2487,,,PER
grupo,no_calificado,JD Hall,1,1,2487,,,PER
grupo,no_calificado,JFK,1,1,2487,,,LOC
grupo,no_calificado,JODER!!! 🏴,1,1,2487,,,MISC
grupo,no_calificado,Ja,1,1,2487,,,MISC
grupo,no_calificado,Jaba,1,1,2487,,,LOC
grupo,no_calificado,Jabba,1,1,2487,,,MISC
grupo,no_calificado,Jacobo,1,1,2487,,,PER
grupo,no_calificado,Jajajajajajajajajaja,1,1,2487,,,LOC
grupo,no_calificado,Jake Meador,1,1,2487,,,PER
grupo,no_calificado,Jalapeno Popper,1,1,2487,,,PER
grupo,no_calificado,Jalapeño,1,1,2487,,,LOC
grupo,no_calificado,Jalapeño Aros de Maíz,1,1,2487,,,LOC
grupo,no_calificado,Jalapeño Popper Sándwich,1,1,2487,,,PER
grupo,no_calificado,Jamaica,1,1,2487,,,LOC
grupo,no_calificado,James,1,1,2487,,,PER
grupo,no_calificado,James Woods,1,1,2487,,,PER
grupo,no_calificado,Jane Wardley,1,1,2487,,,PER
grupo,no_calificado,Janet,1,1,2487,,,PER
grupo,no_calificado,Japoneses,1,1,2487,,,MISC
grupo,no_calificado,Java-sama,1,1,2487,,,LOC
grupo,no_calificado,Jay Z,1,1,2487,,,PER
grupo,no_calificado,Jeff,1,1,2487,,,PER
grupo,no_calificado,Jeremy,1,1,2487,,,PER
grupo,no_calificado,Jerusalén,1,1,2487,,,LOC
grupo,no_calificado,Jesus christ Northampton,1,1,2487,,,PER
grupo,no_calificado,Jezabel,1,1,2487,,,MISC
grupo,no_calificado,Ji Chang Wook,1,1,2487,,,PER
grupo,no_calificado,Jimmy Buckets,1,1,2487,,,PER
grupo,no_calificado,Jodida,1,1,2487,,,LOC
grupo,no_calificado,Jodida mierda,1,1,2487,,,MISC
grupo,no_calificado,Joe,1,1,2487,,,PER
grupo,no_calificado,Joe Ironside,1,1,2487,,,PER
grupo,no_calificado,John Brown,1,1,2487,,,PER
grupo,no_calificado,John Calvin “Iohannes,1,1,2487,,,PER
grupo,no_calificado,John MacArthur,1,1,2487,,,PER
grupo,no_calificado,Johnny Drama,1,1,2487,,,PER
grupo,no_calificado,Jon,1,1,2487,,,PER
grupo,no_calificado,Jonathan Edwards,1,1,2487,,,PER
grupo,no_calificado,Jordan Davies,1,1,2487,,,PER
grupo,no_calificado,Jordan Henderson,1,1,2487,,,PER
grupo,no_calificado,Jorts,1,1,2487,,,MISC
grupo,no_calificado,Josh,1,1,2487,,,MISC
grupo,no_calificado,Juan el Bautista,1,1,2487,,,PER
grupo,no_calificado,Juanita,1,1,2487,,,MISC
grupo,no_calificado,Judas,1,1,2487,,,PER
grupo,no_calificado,Jueces,1,1,2487,,,MISC
grupo,no_calificado,Juegos Olímpicos de Nagano,1,1,2487,,,MISC
grupo,no_calificado,Jugosas,1,1,2487,,,LOC
grupo,no_calificado,Juguemos,1,1,2487,,,MISC
grupo,no_calificado,July,1,1,2487,,,PER
grupo,no_calificado,Juneteenth,1,1,2487,,,MISC
grupo,no_calificado,Junnosuke,1,1,2487,,,MISC
grupo,no_calificado,Jódete,1,1,2487,,,MISC
grupo,no_calificado,KIX,1,1,2487,,,LOC
grupo,no_calificado,Kaiser Cheifs,1,1,2487,,,PER
grupo,no_calificado,Kakitani Yoichiro,1,1,2487,,,PER
grupo,no_calificado,Kakkonto,1,1,2487,,,LOC
grupo,no_calificado,Kamata,1,1,2487,,,PER
grupo,no_calificado,Kamo-san,1,1,2487,,,LOC
grupo,no_calificado,Karabast,1,1,2487,,,MISC
grupo,no_calificado,Karl Marx,1,1,2487,,,PER
grupo,no_calificado,Kawasaki,1,1,2487,,,PER
grupo,no_calificado,Kawasaki Frontale,1,1,2487,,,MISC
grupo,no_calificado,Kawasaki 🐬,1,1,2487,,,PER
grupo,no_calificado,Kazuma Okamoto,1,1,2487,,,PER
grupo,no_calificado,Keane,1,1,2487,,,ORG
grupo,no_calificado,Kei-chan,1,1,2487,,,LOC
grupo,no_calificado,Keropons,1,1,2487,,,PER
grupo,no_calificado,Kevin Harlan,1,1,2487,,,PER
grupo,no_calificado,Keystone Light,1,1,2487,,,ORG
grupo,no_calificado,Kiwi Batidos Explosión de Arándanos Batidos,1,1,2487,,,PER
grupo,no_calificado,Knicks,1,1,2487,,,ORG
grupo,no_calificado,Ko,1,1,2487,,,LOC
grupo,no_calificado,Konsa,1,1,2487,,,PER
grupo,no_calificado,Konza,1,1,2487,,,LOC
grupo,no_calificado,Kosher,1,1,2487,,,PER
grupo,no_calificado,LA,1,1,2487,,,LOC
grupo,no_calificado,LARPing,1,1,2487,,,PER
grupo,no_calificado,LBJ,1,1,2487,,,LOC
grupo,no_calificado,LFG! 🇺🇸,1,1,2487,,,MISC
grupo,no_calificado,LGBTQ,1,1,2487,,,ORG
grupo,no_calificado,LIMPIEZA COMÚN,1,1,2487,,,MISC
grupo,no_calificado,LINE,1,1,2487,,,MISC
grupo,no_calificado,LMAO,1,1,2487,,,ORG
grupo,no_calificado,LONDRES,1,1,2487,,,LOC
grupo,no_calificado,LSU 2,1,1,2487,,,LOC
grupo,no_calificado,LTC,1,1,2487,,,MISC
grupo,no_calificado,La IA,1,1,2487,,,MISC
grupo,no_calificado,La actual caída del precio de las acciones,1,1,2487,,,MISC
grupo,no_calificado,"La ansiedad no es solo ""estar nervioso",1,1,2487,,,MISC
grupo,no_calificado,La arrogancia judía,1,1,2487,,,MISC
grupo,no_calificado,La asignación fue de solo 3500,1,1,2487,,,MISC
grupo,no_calificado,La bolsa,1,1,2487,,,MISC
grupo,no_calificado,La calidad del aire,1,1,2487,,,MISC
grupo,no_calificado,La calidad sobre la cantidad siempre,1,1,2487,,,MISC
grupo,no_calificado,La capitalización de mercado,1,1,2487,,,MISC
grupo,no_calificado,La casa se vende por 2 billones de dólares,1,1,2487,,,MISC
grupo,no_calificado,La compañía de servicios públicos cobra,1,1,2487,,,MISC
grupo,no_calificado,La defensa es temblorosa,1,1,2487,,,MISC
grupo,no_calificado,La depravación humana,1,1,2487,,,MISC
grupo,no_calificado,La emoción no tiene precio,1,1,2487,,,MISC
grupo,no_calificado,La forma en que está el club,1,1,2487,,,MISC
grupo,no_calificado,La fábrica de droides da demasiado miedo y la atmósfera,1,1,2487,,,MISC
grupo,no_calificado,La gente que no es economista,1,1,2487,,,MISC
grupo,no_calificado,La gente siempre pregunta,1,1,2487,,,MISC
grupo,no_calificado,La historia oficial sobre ti,1,1,2487,,,MISC
grupo,no_calificado,La iglesia EPC,1,1,2487,,,MISC
grupo,no_calificado,La imagen,1,1,2487,,,MISC
grupo,no_calificado,La mayor parte del país,1,1,2487,,,MISC
grupo,no_calificado,La mayoría de ellos,1,1,2487,,,MISC
grupo,no_calificado,La mayoría de la gente,1,1,2487,,,MISC
grupo,no_calificado,La mayoría de los consumidores,1,1,2487,,,MISC
grupo,no_calificado,La mayoría de los detractores de Webbon,1,1,2487,,,MISC
grupo,no_calificado,La mitad de internet,1,1,2487,,,MISC
grupo,no_calificado,La mía,1,1,2487,,,MISC
grupo,no_calificado,La obvia falta de autocontrol de Darling,1,1,2487,,,MISC
grupo,no_calificado,La oportunidad de repetir esto una,1,1,2487,,,MISC
grupo,no_calificado,La pelota no miente en la vida,1,1,2487,,,MISC
grupo,no_calificado,La pregunta,1,1,2487,,,MISC
grupo,no_calificado,La primera,1,1,2487,,,MISC
grupo,no_calificado,La primera persona,1,1,2487,,,MISC
grupo,no_calificado,La primera respuesta de un humano curioso del futuro,1,1,2487,,,MISC
grupo,no_calificado,La propuesta de despedida de soltero,1,1,2487,,,MISC
grupo,no_calificado,La próxima,1,1,2487,,,MISC
grupo,no_calificado,La psicología moderna,1,1,2487,,,MISC
grupo,no_calificado,La regla del 70%,1,1,2487,,,MISC
grupo,no_calificado,La renovación nunca,1,1,2487,,,MISC
grupo,no_calificado,La respuesta fácil,1,1,2487,,,MISC
grupo,no_calificado,La sensación de sobrevaloración también ha desaparecido,1,1,2487,,,MISC
grupo,no_calificado,La suscripción del proyecto,1,1,2487,,,MISC
grupo,no_calificado,La tribu de Judá,1,1,2487,,,MISC
grupo,no_calificado,La verdad,1,1,2487,,,MISC
grupo,no_calificado,La vivienda,1,1,2487,,,MISC
grupo,no_calificado,La única diferencia,1,1,2487,,,MISC
grupo,no_calificado,La única diferencia común en el proceso de pensamiento,1,1,2487,,,MISC
grupo,no_calificado,Lacy,1,1,2487,,,PER
grupo,no_calificado,Lagunitas,1,1,2487,,,LOC
grupo,no_calificado,Lamelo,1,1,2487,,,LOC
grupo,no_calificado,Lance,1,1,2487,,,PER
grupo,no_calificado,Las almas del pueblo negro,1,1,2487,,,MISC
grupo,no_calificado,Las alpacas son lindas 🦙,1,1,2487,,,MISC
grupo,no_calificado,Las calificaciones ahora,1,1,2487,,,MISC
grupo,no_calificado,Las fosas metafísicas dominantes de nuestro tiempo,1,1,2487,,,MISC
grupo,no_calificado,Las fotos te,1,1,2487,,,MISC
grupo,no_calificado,Las fotos y las vistas que obtienes en,1,1,2487,,,MISC
grupo,no_calificado,Las habilidades de pensamiento crítico,1,1,2487,,,MISC
grupo,no_calificado,Las heridas de mi corazón,1,1,2487,,,MISC
grupo,no_calificado,Las mejores escenas de tailgate: 1,1,1,2487,,,MISC
grupo,no_calificado,Las mujeres están diseñadas para hacer cumplir los estándares de los hombres sobre ellas,1,1,2487,,,MISC
grupo,no_calificado,Las mujeres no tienen discernimiento,1,1,2487,,,MISC
grupo,no_calificado,Las numerosas y trágicas noticias,1,1,2487,,,MISC
grupo,no_calificado,Las personas que menos saben,1,1,2487,,,MISC
grupo,no_calificado,Las regiones con los niveles más altos de inmigrantes,1,1,2487,,,MISC
grupo,no_calificado,Las tasas de divorcio,1,1,2487,,,MISC
grupo,no_calificado,Lavar,1,1,2487,,,PER
grupo,no_calificado,LeBron,1,1,2487,,,PER
grupo,no_calificado,League 2,1,1,2487,,,MISC
grupo,no_calificado,League Two,1,1,2487,,,ORG
grupo,no_calificado,LearnedWrong,1,1,2487,,,MISC
grupo,no_calificado,Leer,1,1,2487,,,PER
grupo,no_calificado,Lemgas,1,1,2487,,,LOC
grupo,no_calificado,Leo Strauss,1,1,2487,,,PER
grupo,no_calificado,Leroy & Lewis,1,1,2487,,,MISC
grupo,no_calificado,Les,1,1,2487,,,MISC
grupo,no_calificado,Les deseo todo lo mejor a todos los que hacen eso,1,1,2487,,,MISC
grupo,no_calificado,Les regalé pegatinas,1,1,2487,,,MISC
grupo,no_calificado,Lesbycast,1,1,2487,,,LOC
grupo,no_calificado,Leví,1,1,2487,,,PER
grupo,no_calificado,Lexi,1,1,2487,,,PER
grupo,no_calificado,Ley Hart-Celler,1,1,2487,,,MISC
grupo,no_calificado,Ley de Derechos Civiles,1,1,2487,,,MISC
grupo,no_calificado,Liberty University,1,1,2487,,,ORG
grupo,no_calificado,Libidinal,1,1,2487,,,MISC
grupo,no_calificado,Liga de los Cien Años,1,1,2487,,,ORG
grupo,no_calificado,Lights,1,1,2487,,,MISC
grupo,no_calificado,Lindo,1,1,2487,,,PER
grupo,no_calificado,Liverpool,1,1,2487,,,LOC
grupo,no_calificado,Lizzie 😭,1,1,2487,,,MISC
grupo,no_calificado,Llamar a Jesús “Yeshua,1,1,2487,,,MISC
grupo,no_calificado,Llegada,1,1,2487,,,LOC
grupo,no_calificado,Llegué a DFW,1,1,2487,,,MISC
grupo,no_calificado,Lmao,1,1,2487,,,PER
grupo,no_calificado,Lo compro porque dice que llegará mañana,1,1,2487,,,MISC
grupo,no_calificado,Lo decliné educadamente,1,1,2487,,,MISC
grupo,no_calificado,Lo escuché recomendado por primera,1,1,2487,,,MISC
grupo,no_calificado,Lo haces bien en todas las cosas de la vida,1,1,2487,,,MISC
grupo,no_calificado,Lo he usado durante unos 3 años,1,1,2487,,,MISC
grupo,no_calificado,Lo leí y doné la edición bilingüe,1,1,2487,,,MISC
grupo,no_calificado,Lo mismo con mis amigos fundadores de desarrollo de juegos,1,1,2487,,,MISC
grupo,no_calificado,Lo mismo para los partidos de,1,1,2487,,,MISC
grupo,no_calificado,Lo que se enseñó a cada uno,1,1,2487,,,MISC
grupo,no_calificado,Lo que se enseñó a todos,1,1,2487,,,MISC
grupo,no_calificado,Lo siento,1,1,2487,,,MISC
grupo,no_calificado,Londres,1,1,2487,,,LOC
grupo,no_calificado,Loro,1,1,2487,,,LOC
grupo,no_calificado,Los Cabos,1,1,2487,,,MX_DESTINO
grupo,no_calificado,Los EE. UU,1,1,2487,,,LOC
grupo,no_calificado,Los R2K,1,1,2487,,,MISC
grupo,no_calificado,Los ardillas también están en,1,1,2487,,,MISC
grupo,no_calificado,Los asientos detrás de la portería de la,1,1,2487,,,MISC
grupo,no_calificado,Los benjaminitas,1,1,2487,,,MISC
grupo,no_calificado,Los desprecio joder,1,1,2487,,,MISC
grupo,no_calificado,Los habituales de la,1,1,2487,,,MISC
grupo,no_calificado,Los he visto en todos los partidos,1,1,2487,,,MISC
grupo,no_calificado,Los mejores decks,1,1,2487,,,MISC
grupo,no_calificado,Los que saben,1,1,2487,,,MISC
grupo,no_calificado,Los reformadores,1,1,2487,,,MISC
grupo,no_calificado,Los sabores rotatorios de queso crema / mantequilla,1,1,2487,,,MISC
grupo,no_calificado,LosRojos,1,1,2487,,,MISC
grupo,no_calificado,Lotte-chan... Lotte-chan,1,1,2487,,,MISC
grupo,no_calificado,Louvre,1,1,2487,,,LOC
grupo,no_calificado,Lucy Wright,1,1,2487,,,PER
grupo,no_calificado,Lukaku,1,1,2487,,,PER
grupo,no_calificado,Luke Young,1,1,2487,,,PER
grupo,no_calificado,Lulworth,1,1,2487,,,LOC
grupo,no_calificado,Lunds,1,1,2487,,,LOC
grupo,no_calificado,Límite de resistencia física,1,1,2487,,,MISC
grupo,no_calificado,López,1,1,2487,,,PER
grupo,no_calificado,M&G,1,1,2487,,,MISC
grupo,no_calificado,M&G 4DX,1,1,2487,,,MISC
grupo,no_calificado,M&G~,1,1,2487,,,MISC
grupo,no_calificado,MALDITO,1,1,2487,,,PER
grupo,no_calificado,METETE AHÍ JODER!!! ¡¡¡UNO MÁS,1,1,2487,,,MISC
grupo,no_calificado,MIERDA,1,1,2487,,,ORG
grupo,no_calificado,MILLÓN,1,1,2487,,,ORG
grupo,no_calificado,MIRA,1,1,2487,,,LOC
grupo,no_calificado,MIRA MI AMBO EN 3D!!!!!! ¡¡¡¡¡MUCHAS GRACIAS,1,1,2487,,,MISC
grupo,no_calificado,MK,1,1,2487,,,MISC
grupo,no_calificado,MN,1,1,2487,,,LOC
grupo,no_calificado,MOSES,1,1,2487,,,MISC
grupo,no_calificado,MRAM,1,1,2487,,,LOC
grupo,no_calificado,MS,1,1,2487,,,MISC
grupo,no_calificado,MUCHACHOS,1,1,2487,,,ORG
grupo,no_calificado,Mac,1,1,2487,,,MISC
grupo,no_calificado,Machi,1,1,2487,,,MISC
grupo,no_calificado,Machino,1,1,2487,,,LOC
grupo,no_calificado,Maddy,1,1,2487,,,PER
grupo,no_calificado,Madeline,1,1,2487,,,PER
grupo,no_calificado,Madueke,1,1,2487,,,ORG
grupo,no_calificado,Mainoo,1,1,2487,,,PER
grupo,no_calificado,Makino Tomoaki,1,1,2487,,,PER
grupo,no_calificado,Makoto-san,1,1,2487,,,MISC
grupo,no_calificado,Mala suerte,1,1,2487,,,MISC
grupo,no_calificado,Malcolm X,1,1,2487,,,PER
grupo,no_calificado,Maldición,1,1,2487,,,MISC
grupo,no_calificado,Maldini,1,1,2487,,,PER
grupo,no_calificado,Mamá,1,1,2487,,,PER
grupo,no_calificado,Mandalorian Live in Star Destroyer,1,1,2487,,,MISC
grupo,no_calificado,Mando,1,1,2487,,,PER
grupo,no_calificado,Mando... ¡Es demasiado genial...! ¡¡El barrio chino de,1,1,2487,,,MISC
grupo,no_calificado,Mandou-san,1,1,2487,,,LOC
grupo,no_calificado,Manifiesto Comunista,1,1,2487,,,MISC
grupo,no_calificado,Mann,1,1,2487,,,PER
grupo,no_calificado,Manzambi,1,1,2487,,,MISC
grupo,no_calificado,Marcus Agrippa,1,1,2487,,,PER
grupo,no_calificado,Mari,1,1,2487,,,PER
grupo,no_calificado,Marido,1,1,2487,,,PER
grupo,no_calificado,Mark,1,1,2487,,,MISC
grupo,no_calificado,Mark Palios,1,1,2487,,,PER
grupo,no_calificado,Marlboro Reds,1,1,2487,,,ORG
grupo,no_calificado,Marriott,1,1,2487,,,ORG
grupo,no_calificado,Marte,1,1,2487,,,LOC
grupo,no_calificado,Martes Tex-Mex <3 Barcos de Calabacín Tex-Mex Nachos de Patata,1,1,2487,,,PER
grupo,no_calificado,Marvel,1,1,2487,,,ORG
grupo,no_calificado,Marvel Technology MRVL,1,1,2487,,,ORG
grupo,no_calificado,Marvell Technology,1,1,2487,,,ORG
grupo,no_calificado,María,1,1,2487,,,PER
grupo,no_calificado,Masculino,1,1,2487,,,LOC
grupo,no_calificado,Mateo,1,1,2487,,,MISC
grupo,no_calificado,Maya,1,1,2487,,,LOC
grupo,no_calificado,Mazorcas,1,1,2487,,,MISC
grupo,no_calificado,Mazorcas Cajún Mantecosas Perros Calientes de Chile,1,1,2487,,,MISC
grupo,no_calificado,Maíz,1,1,2487,,,LOC
grupo,no_calificado,Mañana,1,1,2487,,,PER
grupo,no_calificado,Mañana me voy a Cabo,1,1,2487,,,MISC
grupo,no_calificado,Mbappe,1,1,2487,,,PER
grupo,no_calificado,Mbappé,1,1,2487,,,PER
grupo,no_calificado,McConnell,1,1,2487,,,LOC
grupo,no_calificado,McDonald,1,1,2487,,,ORG
grupo,no_calificado,McGowen Danos,1,1,2487,,,LOC
grupo,no_calificado,Mcgee,1,1,2487,,,PER
grupo,no_calificado,Me alegro,1,1,2487,,,MISC
grupo,no_calificado,Me alegro de que estés bien ♡,1,1,2487,,,MISC
grupo,no_calificado,Me da miedo,1,1,2487,,,MISC
grupo,no_calificado,Me di por vencido,1,1,2487,,,MISC
grupo,no_calificado,Me emocioné,1,1,2487,,,MISC
grupo,no_calificado,Me encanta! Tuve,1,1,2487,,,MISC
grupo,no_calificado,Me encantaría ayudar en lo que pueda,1,1,2487,,,MISC
grupo,no_calificado,Me encantaría charlar,1,1,2487,,,MISC
grupo,no_calificado,Me encantaría quedar,1,1,2487,,,MISC
grupo,no_calificado,Me encantó mucho más que,1,1,2487,,,MISC
grupo,no_calificado,Me gusta,1,1,2487,,,MISC
grupo,no_calificado,Me gusta la idea de una presentación porque los obliga a pensar,1,1,2487,,,MISC
grupo,no_calificado,Me hace llorar,1,1,2487,,,MISC
grupo,no_calificado,Me pregunto si es porque el tipo de basura blanca racista no puede permitirse los lugares donde me quedo,1,1,2487,,,MISC
grupo,no_calificado,Me preocupa el partido contra,1,1,2487,,,MISC
grupo,no_calificado,Me quitaron el espejo,1,1,2487,,,MISC
grupo,no_calificado,Me refiero a Disojari,1,1,2487,,,MISC
grupo,no_calificado,Me saca de quicio,1,1,2487,,,MISC
grupo,no_calificado,Me salvó que tenía dinero en Pasmo 💦,1,1,2487,,,MISC
grupo,no_calificado,Me sorprende la cantidad de equipaje,1,1,2487,,,MISC
grupo,no_calificado,Me sorprendí,1,1,2487,,,MISC
grupo,no_calificado,Me voy del resort,1,1,2487,,,MISC
grupo,no_calificado,Megan Basham,1,1,2487,,,PER
grupo,no_calificado,Mein Kampf,1,1,2487,,,MISC
grupo,no_calificado,Mejiro,1,1,2487,,,LOC
grupo,no_calificado,Mejor,1,1,2487,,,MISC
grupo,no_calificado,Menos actividad en redes sociales,1,1,2487,,,MISC
grupo,no_calificado,Mes del Orgullo,1,1,2487,,,MISC
grupo,no_calificado,Mi antiguo servicio,1,1,2487,,,MISC
grupo,no_calificado,Mi aplicación,1,1,2487,,,MISC
grupo,no_calificado,Mi barbero me,1,1,2487,,,MISC
grupo,no_calificado,Mi bebé la verdad sin duda,1,1,2487,,,MISC
grupo,no_calificado,Mi corazón late muy rápido,1,1,2487,,,MISC
grupo,no_calificado,Mi enciclopedia,1,1,2487,,,MISC
grupo,no_calificado,Mi entrada para la Final del,1,1,2487,,,MISC
grupo,no_calificado,Mi esposa,1,1,2487,,,MISC
grupo,no_calificado,Mi esposa pesa quizás 45 kilos y yo peso 75 kilos,1,1,2487,,,MISC
grupo,no_calificado,Mi esposa y yo,1,1,2487,,,MISC
grupo,no_calificado,Mi hermana se casa,1,1,2487,,,MISC
grupo,no_calificado,Mi marido comiendo solo,1,1,2487,,,MISC
grupo,no_calificado,Mi memoria es mala,1,1,2487,,,MISC
grupo,no_calificado,Mi perro también parece estar divirtiéndose porque está bien sin correa 😃,1,1,2487,,,MISC
grupo,no_calificado,Mi problema para mantenerme constante,1,1,2487,,,MISC
grupo,no_calificado,Mi promedio durante ese tiempo,1,1,2487,,,MISC
grupo,no_calificado,Mi suerte con las loterías,1,1,2487,,,MISC
grupo,no_calificado,Mi suposición,1,1,2487,,,MISC
grupo,no_calificado,Mi trabajo,1,1,2487,,,MISC
grupo,no_calificado,Miami,1,1,2487,,,LOC
grupo,no_calificado,Michael Heiser,1,1,2487,,,PER
grupo,no_calificado,Michael Kelly,1,1,2487,,,PER
grupo,no_calificado,Michael Owen,1,1,2487,,,PER
grupo,no_calificado,Michelle Obama,1,1,2487,,,PER
grupo,no_calificado,Microsoft,1,1,2487,,,ORG
grupo,no_calificado,Middlesbrough,1,1,2487,,,LOC
grupo,no_calificado,Mido,1,1,2487,,,PER
grupo,no_calificado,Miller High Life,1,1,2487,,,MISC
grupo,no_calificado,Milwaukee,1,1,2487,,,LOC
grupo,no_calificado,Minami-Izu,1,1,2487,,,LOC
grupo,no_calificado,Mindful Lending,1,1,2487,,,MISC
grupo,no_calificado,Minneapolis,1,1,2487,,,LOC
grupo,no_calificado,Mira,1,1,2487,,,LOC
grupo,no_calificado,Mirando,1,1,2487,,,PER
grupo,no_calificado,Mis mensajes directos están abiertos,1,1,2487,,,MISC
grupo,no_calificado,Missy,1,1,2487,,,PER
grupo,no_calificado,Mitch McConnell,1,1,2487,,,PER
grupo,no_calificado,Mmm... Pensé,1,1,2487,,,PER
grupo,no_calificado,Moriyasu,1,1,2487,,,ORG
grupo,no_calificado,Moses,1,1,2487,,,PER
grupo,no_calificado,Mossad,1,1,2487,,,ORG
grupo,no_calificado,Moto,1,1,2487,,,ORG
grupo,no_calificado,Moto Suzuki,1,1,2487,,,ORG
grupo,no_calificado,Moto V551,1,1,2487,,,MISC
grupo,no_calificado,Mountain Dew Baja Blasts,1,1,2487,,,LOC
grupo,no_calificado,Movimiento Millerita,1,1,2487,,,ORG
grupo,no_calificado,Movimiento Stone-Campbell,1,1,2487,,,ORG
grupo,no_calificado,Mugunghwa,1,1,2487,,,MISC
grupo,no_calificado,Mum fine foods,1,1,2487,,,MISC
grupo,no_calificado,Muraoka,1,1,2487,,,LOC
grupo,no_calificado,Muy confundido,1,1,2487,,,MISC
grupo,no_calificado,Málaga,1,1,2487,,,LOC
grupo,no_calificado,Mánchester,1,1,2487,,,LOC
grupo,no_calificado,Más ordenadores,1,1,2487,,,MISC
grupo,no_calificado,Más publicaciones de apreciación de Minnesota,1,1,2487,,,MISC
grupo,no_calificado,Más teles,1,1,2487,,,MISC
grupo,no_calificado,Más vivienda,1,1,2487,,,MISC
grupo,no_calificado,Mías,1,1,2487,,,MISC
grupo,no_calificado,Múltiples robos,1,1,2487,,,MISC
grupo,no_calificado,NADA! Solo sentarme en la playa,1,1,2487,,,MISC
grupo,no_calificado,NAPARC,1,1,2487,,,LOC
grupo,no_calificado,ND,1,1,2487,,,ORG
grupo,no_calificado,ND-5,1,1,2487,,,MISC
grupo,no_calificado,NDA,1,1,2487,,,ORG
grupo,no_calificado,NECESITO ESCUCHAR,1,1,2487,,,PER
grupo,no_calificado,NHL,1,1,2487,,,ORG
grupo,no_calificado,NO SÉ QUÉ,1,1,2487,,,MISC
grupo,no_calificado,NOOOOOOOO,1,1,2487,,,MISC
grupo,no_calificado,NOSOTROS,1,1,2487,,,MISC
grupo,no_calificado,NT,1,1,2487,,,MISC
grupo,no_calificado,Nachos,1,1,2487,,,PER
grupo,no_calificado,Nachos de patata,1,1,2487,,,PER
grupo,no_calificado,Nacionalismo Cristiano,1,1,2487,,,MISC
grupo,no_calificado,Nada más patriótico que oírle gritar,1,1,2487,,,MISC
grupo,no_calificado,"Nada perdido, nada ganado",1,1,2487,,,MISC
grupo,no_calificado,Nagatomo,1,1,2487,,,LOC
grupo,no_calificado,Nakamura,1,1,2487,,,MISC
grupo,no_calificado,Nami-san,1,1,2487,,,PER
grupo,no_calificado,Nashville,1,1,2487,,,LOC
grupo,no_calificado,National League,1,1,2487,,,ORG
grupo,no_calificado,Nations League,1,1,2487,,,ORG
grupo,no_calificado,Natsuko eres Natsuko,1,1,2487,,,MISC
grupo,no_calificado,Navidad… Dale Me gusta,1,1,2487,,,MISC
grupo,no_calificado,Naz Reid,1,1,2487,,,PER
grupo,no_calificado,Need to get you on,1,1,2487,,,MISC
grupo,no_calificado,Netflix,1,1,2487,,,ORG
grupo,no_calificado,Nevera,1,1,2487,,,MISC
grupo,no_calificado,New Haven,1,1,2487,,,LOC
grupo,no_calificado,New York,1,1,2487,,,LOC
grupo,no_calificado,Newcastle,1,1,2487,,,LOC
grupo,no_calificado,Ni siquiera me,1,1,2487,,,MISC
grupo,no_calificado,Ni siquiera una útil,1,1,2487,,,MISC
grupo,no_calificado,Ni un solo,1,1,2487,,,MISC
grupo,no_calificado,Nice to get out the groups though,1,1,2487,,,MISC
grupo,no_calificado,Nicolas Jackson,1,1,2487,,,PER
grupo,no_calificado,Nigeria,1,1,2487,,,LOC
grupo,no_calificado,Nikkei,1,1,2487,,,MISC
grupo,no_calificado,Nikkei Average Is this what they call 'Abikyo-kan,1,1,2487,,,MISC
grupo,no_calificado,No,1,1,2487,,,ORG
grupo,no_calificado,No Solicitar,1,1,2487,,,MISC
grupo,no_calificado,No dio muchos frutos,1,1,2487,,,MISC
grupo,no_calificado,No elimina la naturaleza,1,1,2487,,,MISC
grupo,no_calificado,No encontrarás un sándwich de salchicha,1,1,2487,,,MISC
grupo,no_calificado,No eres ninguna margarita,1,1,2487,,,MISC
grupo,no_calificado,No es que no tenga ganas de cortar pérdidas,1,1,2487,,,MISC
grupo,no_calificado,No es solo Haaland,1,1,2487,,,MISC
grupo,no_calificado,No es un hombre sano,1,1,2487,,,MISC
grupo,no_calificado,No estoy roto,1,1,2487,,,MISC
grupo,no_calificado,No estás solo en lo que estás,1,1,2487,,,MISC
grupo,no_calificado,No fueron las calorías,1,1,2487,,,MISC
grupo,no_calificado,No hacerlo,1,1,2487,,,MISC
grupo,no_calificado,No hagas nada que rebaje la dignidad de tu afiliación,1,1,2487,,,MISC
grupo,no_calificado,No hay nada mejor,1,1,2487,,,MISC
grupo,no_calificado,No he oído su nombre en años,1,1,2487,,,MISC
grupo,no_calificado,No importa lo que esté,1,1,2487,,,MISC
grupo,no_calificado,No judío,1,1,2487,,,MISC
grupo,no_calificado,No me da la gana,1,1,2487,,,MISC
grupo,no_calificado,No me importa,1,1,2487,,,MISC
grupo,no_calificado,No me preocupa en absoluto,1,1,2487,,,MISC
grupo,no_calificado,No mereces ganar más dinero,1,1,2487,,,MISC
grupo,no_calificado,No necesitamos evaluar nada por nosotros mismos,1,1,2487,,,MISC
grupo,no_calificado,No puedes comprar nada más que 2 botellas de agua,1,1,2487,,,MISC
grupo,no_calificado,No puedes convencer a una persona de una creencia en la que nunca entró razonando,1,1,2487,,,MISC
grupo,no_calificado,No puedes equivocarte,1,1,2487,,,MISC
grupo,no_calificado,No puedo creer que no nos ganaras,1,1,2487,,,MISC
grupo,no_calificado,No puedo esperar a ir a,1,1,2487,,,MISC
grupo,no_calificado,No sabía qué esperar,1,1,2487,,,MISC
grupo,no_calificado,No se debería permitir almacenar fertilizantes en las granjas,1,1,2487,,,MISC
grupo,no_calificado,No solo estás compitiendo por dólares contra el desarrollador de la otra punta de la ciudad,1,1,2487,,,MISC
grupo,no_calificado,No solo su voz,1,1,2487,,,MISC
grupo,no_calificado,No soy yo,1,1,2487,,,MISC
grupo,no_calificado,No sé qué tan exitoso,1,1,2487,,,MISC
grupo,no_calificado,No tiene ni idea de lo que está hablando el francés,1,1,2487,,,MISC
grupo,no_calificado,No tienes que seguir,1,1,2487,,,MISC
grupo,no_calificado,No todo el mundo,1,1,2487,,,MISC
grupo,no_calificado,No todos los ataques ad hominem son falacias,1,1,2487,,,MISC
grupo,no_calificado,No va muy bien,1,1,2487,,,MISC
grupo,no_calificado,No voy a mentir,1,1,2487,,,MISC
grupo,no_calificado,Noches,1,1,2487,,,MISC
grupo,no_calificado,Nombrar,1,1,2487,,,ORG
grupo,no_calificado,Noruega,1,1,2487,,,LOC
grupo,no_calificado,Nos encantaría pasar a hacer un tour,1,1,2487,,,MISC
grupo,no_calificado,Notre Dame,1,1,2487,,,LOC
grupo,no_calificado,Now Asia,1,1,2487,,,MISC
grupo,no_calificado,Noé,1,1,2487,,,MISC
grupo,no_calificado,Nuestras vidas,1,1,2487,,,MISC
grupo,no_calificado,Nuestro,1,1,2487,,,PER
grupo,no_calificado,Nuestro Jesús,1,1,2487,,,PER
grupo,no_calificado,Nueva Derecha Cristiana,1,1,2487,,,MISC
grupo,no_calificado,Nueva Orleans,1,1,2487,,,LOC
grupo,no_calificado,Nuevo Episodio,1,1,2487,,,MISC
grupo,no_calificado,Nuevo Reino,1,1,2487,,,LOC
grupo,no_calificado,Nunca,1,1,2487,,,LOC
grupo,no_calificado,Nunca me recuperaré de esto,1,1,2487,,,MISC
grupo,no_calificado,Nunca sabes a cuántas personas,1,1,2487,,,MISC
grupo,no_calificado,Nvidia,1,1,2487,,,ORG
grupo,no_calificado,Nyx-chan,1,1,2487,,,LOC
grupo,no_calificado,O'Donnels,1,1,2487,,,PER
grupo,no_calificado,O'Malleys,1,1,2487,,,LOC
grupo,no_calificado,O'Riely,1,1,2487,,,MISC
grupo,no_calificado,OBSOLETO EL,1,1,2487,,,MISC
grupo,no_calificado,OCs,1,1,2487,,,PER
grupo,no_calificado,OMG,1,1,2487,,,MISC
grupo,no_calificado,OMGGG,1,1,2487,,,MISC
grupo,no_calificado,Oak Brook,1,1,2487,,,LOC
grupo,no_calificado,Ocean Springs,1,1,2487,,,LOC
grupo,no_calificado,Odia,1,1,2487,,,ORG
grupo,no_calificado,Odio,1,1,2487,,,MISC
grupo,no_calificado,Odio la palabra,1,1,2487,,,MISC
grupo,no_calificado,Odio limpiar la grasa,1,1,2487,,,MISC
grupo,no_calificado,Odiseo,1,1,2487,,,PER
grupo,no_calificado,Odyssey,1,1,2487,,,MISC
grupo,no_calificado,Oferta,1,1,2487,,,LOC
grupo,no_calificado,Ogden,1,1,2487,,,PER
grupo,no_calificado,Oh,1,1,2487,,,MISC
grupo,no_calificado,Oh Dios mío,1,1,2487,,,MISC
grupo,no_calificado,Oh hell nah someone said French kiss him,1,1,2487,,,MISC
grupo,no_calificado,Oh mierda,1,1,2487,,,MISC
grupo,no_calificado,Oh! paypal,1,1,2487,,,MISC
grupo,no_calificado,"Oh, mira",1,1,2487,,,MISC
grupo,no_calificado,Ohhhh,1,1,2487,,,PER
grupo,no_calificado,Ohhhhh,1,1,2487,,,PER
grupo,no_calificado,Ohhhhhhhh,1,1,2487,,,PER
grupo,no_calificado,Ohtani-kun,1,1,2487,,,PER
grupo,no_calificado,Oimachi 😭 #BabyClubTheater ¿Debería comprar palomitas,1,1,2487,,,MISC
grupo,no_calificado,Old English,1,1,2487,,,MISC
grupo,no_calificado,Ollise,1,1,2487,,,MISC
grupo,no_calificado,Olvidaste,1,1,2487,,,MISC
grupo,no_calificado,Olvidé,1,1,2487,,,MISC
grupo,no_calificado,Omiさん,1,1,2487,,,MISC
grupo,no_calificado,Onion Creek Club,1,1,2487,,,LOC
grupo,no_calificado,OnlyFans,1,1,2487,,,MISC
grupo,no_calificado,Oooooooh,1,1,2487,,,PER
grupo,no_calificado,Operadores multifamiliares,1,1,2487,,,MISC
grupo,no_calificado,Oprah,1,1,2487,,,PER
grupo,no_calificado,Orden,1,1,2487,,,ORG
grupo,no_calificado,Orlando,1,1,2487,,,LOC
grupo,no_calificado,Osama bin Laden,1,1,2487,,,PER
grupo,no_calificado,Oulanem,1,1,2487,,,PER
grupo,no_calificado,Oura,1,1,2487,,,LOC
grupo,no_calificado,Owen Hargreaves,1,1,2487,,,PER
grupo,no_calificado,Oyster Bar,1,1,2487,,,LOC
grupo,no_calificado,P0rnhub/0nlyf@ns,1,1,2487,,,MISC
grupo,no_calificado,PARA TENER LA OPORTUNIDAD DE,1,1,2487,,,MISC
grupo,no_calificado,PASANDO,1,1,2487,,,MISC
grupo,no_calificado,PASANDO EN EL BAY AREA PERO ¡¡SANTA MIERDA,1,1,2487,,,MISC
grupo,no_calificado,PATILLAS,1,1,2487,,,MISC
grupo,no_calificado,PCA,1,1,2487,,,ORG
grupo,no_calificado,PIENSES,1,1,2487,,,ORG
grupo,no_calificado,POR FAVOR,1,1,2487,,,ORG
grupo,no_calificado,PROBABLEMENTE UNO DE LOS MEJORES,1,1,2487,,,MISC
grupo,no_calificado,PROGRAMAR,1,1,2487,,,MISC
grupo,no_calificado,PTO,1,1,2487,,,ORG
grupo,no_calificado,PWC,1,1,2487,,,ORG
grupo,no_calificado,Pagar 700 libras,1,1,2487,,,MISC
grupo,no_calificado,Pahrump,1,1,2487,,,PER
grupo,no_calificado,Pan Plano Picante de Verano Cena,1,1,2487,,,LOC
grupo,no_calificado,Paninis,1,1,2487,,,PER
grupo,no_calificado,Panzanella,1,1,2487,,,LOC
grupo,no_calificado,Papa,1,1,2487,,,PER
grupo,no_calificado,Papas Caprese Hasselback Baguettes Caprese,1,1,2487,,,PER
grupo,no_calificado,Papel de los Príncipes Cristianos,1,1,2487,,,MISC
grupo,no_calificado,Paquete,1,1,2487,,,MISC
grupo,no_calificado,Para Inglaterra,1,1,2487,,,MISC
grupo,no_calificado,Para mañana,1,1,2487,,,MISC
grupo,no_calificado,Para un anciano cobarde,1,1,2487,,,MISC
grupo,no_calificado,Para un lugar,1,1,2487,,,MISC
grupo,no_calificado,Paraguay,1,1,2487,,,LOC
grupo,no_calificado,Parar,1,1,2487,,,LOC
grupo,no_calificado,Pastel de macarrones,1,1,2487,,,MISC
grupo,no_calificado,Patata #vegetarian #recipes,1,1,2487,,,MISC
grupo,no_calificado,Pateé,1,1,2487,,,PER
grupo,no_calificado,Patriot Front,1,1,2487,,,MISC
grupo,no_calificado,Patriota! 🇺🇸,1,1,2487,,,MISC
grupo,no_calificado,Paul Wall,1,1,2487,,,PER
grupo,no_calificado,Pausa,1,1,2487,,,PER
grupo,no_calificado,Película 🥹😍,1,1,2487,,,MISC
grupo,no_calificado,Pensando,1,1,2487,,,ORG
grupo,no_calificado,Peor,1,1,2487,,,PER
grupo,no_calificado,Pepinillos encurtidos Croissants de Ensalada de Huevo Tomates Cóctel Rellenos de Ensalada de Huevo #vegetarian #recipes,1,1,2487,,,PER
grupo,no_calificado,Perdedora,1,1,2487,,,PER
grupo,no_calificado,Perderás,1,1,2487,,,MISC
grupo,no_calificado,Perdón,1,1,2487,,,PER
grupo,no_calificado,Pero creo,1,1,2487,,,MISC
grupo,no_calificado,Pero de alguna manera,1,1,2487,,,MISC
grupo,no_calificado,Pero tiene 34 años,1,1,2487,,,MISC
grupo,no_calificado,Personas,1,1,2487,,,MISC
grupo,no_calificado,Período Romántico,1,1,2487,,,MISC
grupo,no_calificado,Peso,1,1,2487,,,MISC
grupo,no_calificado,Pesto,1,1,2487,,,ORG
grupo,no_calificado,Pesto Sandía Cargada Combate el Calor,1,1,2487,,,PER
grupo,no_calificado,Pesto Sándwich,1,1,2487,,,ORG
grupo,no_calificado,Phil Williams,1,1,2487,,,PER
grupo,no_calificado,Philly Cheesesteak Pan,1,1,2487,,,PER
grupo,no_calificado,Phoenix,1,1,2487,,,LOC
grupo,no_calificado,Pieles,1,1,2487,,,MISC
grupo,no_calificado,Pienso,1,1,2487,,,MISC
grupo,no_calificado,Pigeon Forge,1,1,2487,,,LOC
grupo,no_calificado,Pinto Crunchwraps! #vegetarian #recipe,1,1,2487,,,MISC
grupo,no_calificado,Pitmaster BBQ,1,1,2487,,,MISC
grupo,no_calificado,Pizza Hut,1,1,2487,,,ORG
grupo,no_calificado,Piénsalo,1,1,2487,,,PER
grupo,no_calificado,Plan de Comidas,1,1,2487,,,MISC
grupo,no_calificado,Plato Caprese Panzanella,1,1,2487,,,PER
grupo,no_calificado,Plato de Heirloom,1,1,2487,,,PER
grupo,no_calificado,PlayStation,1,1,2487,,,MISC
grupo,no_calificado,Playa del Carmen,1,1,2487,-1.131,2.0,MX_DESTINO
grupo,no_calificado,Podemos,1,1,2487,,,ORG
grupo,no_calificado,Pollo BBQ,1,1,2487,,,MISC
grupo,no_calificado,Pollo Pesto Provolone,1,1,2487,,,PER
grupo,no_calificado,Ponte,1,1,2487,,,LOC
grupo,no_calificado,PopUp,1,1,2487,,,MISC
grupo,no_calificado,Pope,1,1,2487,,,PER
grupo,no_calificado,Por eso,1,1,2487,,,MISC
grupo,no_calificado,Por eso en puedes mirar una foto de algo que te motive justo al lado de cada tarea,1,1,2487,,,MISC
grupo,no_calificado,Por eso es natural que Kije-san,1,1,2487,,,MISC
grupo,no_calificado,Por favor,1,1,2487,,,MISC
grupo,no_calificado,Por la noche,1,1,2487,,,MISC
grupo,no_calificado,Por más de 15,1,1,2487,,,MISC
grupo,no_calificado,Por otro lado,1,1,2487,,,MISC
grupo,no_calificado,Por qué alguien debería ayudaros,1,1,2487,,,MISC
grupo,no_calificado,"Por supuesto, mi primera reacción",1,1,2487,,,MISC
grupo,no_calificado,Porque la cantidad de dinero,1,1,2487,,,MISC
grupo,no_calificado,Praga,1,1,2487,,,LOC
grupo,no_calificado,Predator,1,1,2487,,,MISC
grupo,no_calificado,Prefiero,1,1,2487,,,PER
grupo,no_calificado,Prenton Park,1,1,2487,,,LOC
grupo,no_calificado,Prepara tu bandera de Noruega 🇳🇴,1,1,2487,,,MISC
grupo,no_calificado,Prerolls… ¡Dale Me Gusta,1,1,2487,,,MISC
grupo,no_calificado,Presbiteriana del Sur,1,1,2487,,,LOC
grupo,no_calificado,Presbiterianos,1,1,2487,,,PER
grupo,no_calificado,Presbiterio del Gran Cantón,1,1,2487,,,LOC
grupo,no_calificado,Prime,1,1,2487,,,MISC
grupo,no_calificado,Primer Ministro,1,1,2487,,,MISC
grupo,no_calificado,Primera,1,1,2487,,,MISC
grupo,no_calificado,Problema,1,1,2487,,,MISC
grupo,no_calificado,Propa Chels,1,1,2487,,,MISC
grupo,no_calificado,Propietarios de marcas pensando que el,1,1,2487,,,MISC
grupo,no_calificado,Puedo,1,1,2487,,,ORG
grupo,no_calificado,Puedo gritar aunque no pueda saltar,1,1,2487,,,MISC
grupo,no_calificado,Puente de Brooklyn,1,1,2487,,,LOC
grupo,no_calificado,Puerto Vallarta,1,1,2487,-1.131,2.0,MX_DESTINO
grupo,no_calificado,Puff,1,1,2487,,,MISC
grupo,no_calificado,Purgatorio,1,1,2487,,,PER
grupo,no_calificado,Puse,1,1,2487,,,PER
grupo,no_calificado,Pyro,1,1,2487,,,ORG
grupo,no_calificado,Pásate,1,1,2487,,,PER
grupo,no_calificado,QUE,1,1,2487,,,MISC
grupo,no_calificado,QUÉDATE,1,1,2487,,,MISC
grupo,no_calificado,Quansah,1,1,2487,,,MISC
grupo,no_calificado,Que le jodan a,1,1,2487,,,MISC
grupo,no_calificado,Que se joda KFC Que,1,1,2487,,,MISC
grupo,no_calificado,Que tengas un buen día,1,1,2487,,,MISC
grupo,no_calificado,Queen,1,1,2487,,,ORG
grupo,no_calificado,Ques,1,1,2487,,,PER
grupo,no_calificado,Queso Ranch,1,1,2487,,,LOC
grupo,no_calificado,Quiero hacerlo en NYC,1,1,2487,,,MISC
grupo,no_calificado,Quiero ir,1,1,2487,,,MISC
grupo,no_calificado,Quiero probarlo 🥹,1,1,2487,,,MISC
grupo,no_calificado,Quiero verlos ganar,1,1,2487,,,MISC
grupo,no_calificado,Quise,1,1,2487,,,PER
grupo,no_calificado,Quién me quiere,1,1,2487,,,MISC
grupo,no_calificado,Qué debo creer sobre,1,1,2487,,,MISC
grupo,no_calificado,Qué dices,1,1,2487,,,MISC
grupo,no_calificado,Qué final,1,1,2487,,,MISC
grupo,no_calificado,Qué noche de mierda,1,1,2487,,,MISC
grupo,no_calificado,Qué payaso tan,1,1,2487,,,MISC
grupo,no_calificado,Qué pérdida de espacio,1,1,2487,,,MISC
grupo,no_calificado,Quítese el sombrero,1,1,2487,,,MISC
grupo,no_calificado,R. Scott Clark,1,1,2487,,,PER
grupo,no_calificado,R.C. Sproul,1,1,2487,,,PER
grupo,no_calificado,R2,1,1,2487,,,MISC
grupo,no_calificado,R2K Kellerites,1,1,2487,,,MISC
grupo,no_calificado,R32,1,1,2487,,,ORG
grupo,no_calificado,RIU Montego Bay,1,1,2487,,,LOC
grupo,no_calificado,ROJOS,1,1,2487,,,ORG
grupo,no_calificado,ROSA,1,1,2487,,,PER
grupo,no_calificado,RRP,1,1,2487,,,MISC
grupo,no_calificado,RUBIAS POESÍAS,1,1,2487,,,MISC
grupo,no_calificado,Radio 4,1,1,2487,,,ORG
grupo,no_calificado,Rafa,1,1,2487,,,PER
grupo,no_calificado,Raiders,1,1,2487,,,ORG
grupo,no_calificado,Rakuten,1,1,2487,,,ORG
grupo,no_calificado,Rashford,1,1,2487,,,PER
grupo,no_calificado,Ray Kroc,1,1,2487,,,PER
grupo,no_calificado,Ray-Ban,1,1,2487,,,ORG
grupo,no_calificado,Really like this,1,1,2487,,,MISC
grupo,no_calificado,Realmente me disgusta,1,1,2487,,,MISC
grupo,no_calificado,Rebels,1,1,2487,,,MISC
grupo,no_calificado,Reconvene,1,1,2487,,,ORG
grupo,no_calificado,Recuerdo,1,1,2487,,,MISC
grupo,no_calificado,Red Stripes,1,1,2487,,,ORG
grupo,no_calificado,Reece James,1,1,2487,,,PER
grupo,no_calificado,Reformadores,1,1,2487,,,ORG
grupo,no_calificado,Refugiados bienvenidos 🤗,1,1,2487,,,MISC
grupo,no_calificado,Regionally Taught,1,1,2487,,,PER
grupo,no_calificado,Reiwa,1,1,2487,,,MISC
grupo,no_calificado,Republicano,1,1,2487,,,ORG
grupo,no_calificado,República Islámica de Japón,1,1,2487,,,ORG
grupo,no_calificado,República de Weimar de Occidente,1,1,2487,,,ORG
grupo,no_calificado,Reservé El Diablo Viste de Prada,1,1,2487,,,MISC
grupo,no_calificado,Responder,1,1,2487,,,MISC
grupo,no_calificado,Reuters,1,1,2487,,,ORG
grupo,no_calificado,Revisa tus comentarios de vez en cuando si quieres una dosis de realidad,1,1,2487,,,MISC
grupo,no_calificado,Rice,1,1,2487,,,PER
grupo,no_calificado,Rice Krispie,1,1,2487,,,PER
grupo,no_calificado,Rich Paul,1,1,2487,,,PER
grupo,no_calificado,Ridículo,1,1,2487,,,MISC
grupo,no_calificado,Rise of the Resistance,1,1,2487,,,MISC
grupo,no_calificado,Rob Edwards,1,1,2487,,,PER
grupo,no_calificado,Roma,1,1,2487,,,LOC
grupo,no_calificado,Romano Bean & Tater Bowls Sweet Potato Black Bean Bowls Roasted Tater,1,1,2487,,,PER
grupo,no_calificado,Ron,1,1,2487,,,PER
grupo,no_calificado,Ronaldinho,1,1,2487,,,PER
grupo,no_calificado,Ronaldo,1,1,2487,,,PER
grupo,no_calificado,Roo! ¡Está luciendo el V-kini,1,1,2487,,,MISC
grupo,no_calificado,Rostov,1,1,2487,,,LOC
grupo,no_calificado,Rovaniemi,1,1,2487,,,LOC
grupo,no_calificado,Roy Keane,1,1,2487,,,PER
grupo,no_calificado,Rudy,1,1,2487,,,PER
grupo,no_calificado,Rue,1,1,2487,,,PER
grupo,no_calificado,Rushdoony,1,1,2487,,,LOC
grupo,no_calificado,Russell,1,1,2487,,,PER
grupo,no_calificado,Ryan Loft,1,1,2487,,,PER
grupo,no_calificado,Ryukei,1,1,2487,,,PER
grupo,no_calificado,Rápido,1,1,2487,,,MISC
grupo,no_calificado,Rúcula Merienda,1,1,2487,,,LOC
grupo,no_calificado,Rúcula Snack,1,1,2487,,,LOC
grupo,no_calificado,S&P 500! Justo,1,1,2487,,,MISC
grupo,no_calificado,S1,1,1,2487,,,MISC
grupo,no_calificado,SAMURAI BLUE 🇯🇵 Fui,1,1,2487,,,MISC
grupo,no_calificado,SBC,1,1,2487,,,ORG
grupo,no_calificado,SE JODA,1,1,2487,,,MISC
grupo,no_calificado,SE QUÉ,1,1,2487,,,MISC
grupo,no_calificado,SEC,1,1,2487,,,ORG
grupo,no_calificado,SOÑEMOS,1,1,2487,,,ORG
grupo,no_calificado,SPAAUT,1,1,2487,,,MISC
grupo,no_calificado,STREAM W FRANCE W,1,1,2487,,,MISC
grupo,no_calificado,SUERTE DE,1,1,2487,,,MISC
grupo,no_calificado,SWA,1,1,2487,,,ORG
grupo,no_calificado,Sabbat,1,1,2487,,,ORG
grupo,no_calificado,Sabe a libertad,1,1,2487,,,MISC
grupo,no_calificado,Sabías,1,1,2487,,,LOC
grupo,no_calificado,Saitama Stadium,1,1,2487,,,LOC
grupo,no_calificado,Salford,1,1,2487,,,LOC
grupo,no_calificado,Salgamos,1,1,2487,,,LOC
grupo,no_calificado,Salud,1,1,2487,,,ORG
grupo,no_calificado,Saludos,1,1,2487,,,PER
grupo,no_calificado,Sam,1,1,2487,,,PER
grupo,no_calificado,Sam Allberry,1,1,2487,,,PER
grupo,no_calificado,Sam Finley,1,1,2487,,,PER
grupo,no_calificado,Sammy,1,1,2487,,,MISC
grupo,no_calificado,Samuel Sey,1,1,2487,,,PER
grupo,no_calificado,San Diego,1,1,2487,,,LOC
grupo,no_calificado,San Francisco,1,1,2487,,,LOC
grupo,no_calificado,San José,1,1,2487,,,LOC
grupo,no_calificado,San Miguel de Allende,1,1,2487,,,MX_DESTINO
grupo,no_calificado,Sano,1,1,2487,,,MISC
grupo,no_calificado,Sapporo,1,1,2487,,,LOC
grupo,no_calificado,Sartén Buñuelos de Maíz Elote,1,1,2487,,,LOC
grupo,no_calificado,Sartén de Canelones Cremosos,1,1,2487,,,LOC
grupo,no_calificado,Satanic,1,1,2487,,,MISC
grupo,no_calificado,Sean,1,1,2487,,,PER
grupo,no_calificado,Segunda Guerra,1,1,2487,,,MISC
grupo,no_calificado,Segundo Gran Despertar,1,1,2487,,,MISC
grupo,no_calificado,Segundo Gran Despertar…,1,1,2487,,,MISC
grupo,no_calificado,Según el conserje,1,1,2487,,,MISC
grupo,no_calificado,Seis Fags Sobre Texas,1,1,2487,,,MISC
grupo,no_calificado,Serie A. Lo,1,1,2487,,,MISC
grupo,no_calificado,Servicio de calidad,1,1,2487,,,ORG
grupo,no_calificado,Señor,1,1,2487,,,PER
grupo,no_calificado,Shakkari,1,1,2487,,,LOC
grupo,no_calificado,Shamrock Rovers,1,1,2487,,,ORG
grupo,no_calificado,Shanghai,1,1,2487,,,LOC
grupo,no_calificado,Sheffield,1,1,2487,,,LOC
grupo,no_calificado,Shelly,1,1,2487,,,MISC
grupo,no_calificado,Sherman Builders,1,1,2487,,,MISC
grupo,no_calificado,Shindo,1,1,2487,,,PER
grupo,no_calificado,Shit,1,1,2487,,,MISC
grupo,no_calificado,Shonandai,1,1,2487,,,LOC
grupo,no_calificado,Shrewsbury,1,1,2487,,,LOC
grupo,no_calificado,Shull,1,1,2487,,,LOC
grupo,no_calificado,Siempre agradecido🔮,1,1,2487,,,MISC
grupo,no_calificado,Siempre me da pena,1,1,2487,,,MISC
grupo,no_calificado,Siento,1,1,2487,,,LOC
grupo,no_calificado,Silicon Valley,1,1,2487,,,LOC
grupo,no_calificado,Silver Week,1,1,2487,,,MISC
grupo,no_calificado,Sim,1,1,2487,,,MISC
grupo,no_calificado,Simeón,1,1,2487,,,PER
grupo,no_calificado,Simple,1,1,2487,,,MISC
grupo,no_calificado,Sin amenaza de furia,1,1,2487,,,MISC
grupo,no_calificado,Sin bromas,1,1,2487,,,MISC
grupo,no_calificado,Sin cultivar clips,1,1,2487,,,MISC
grupo,no_calificado,Sin decírmelo a mí ni a mi familia,1,1,2487,,,MISC
grupo,no_calificado,Sin fichajes,1,1,2487,,,MISC
grupo,no_calificado,Singapur,1,1,2487,,,LOC
grupo,no_calificado,Siquem,1,1,2487,,,LOC
grupo,no_calificado,Sir Harry Kane,1,1,2487,,,MISC
grupo,no_calificado,Siéntate esta vez,1,1,2487,,,MISC
grupo,no_calificado,SkiMask StumpGuy,1,1,2487,,,MISC
grupo,no_calificado,Sky Sports News,1,1,2487,,,ORG
grupo,no_calificado,Skylar 🇺🇸,1,1,2487,,,MISC
grupo,no_calificado,Skyline,1,1,2487,,,MISC
grupo,no_calificado,Slater,1,1,2487,,,PER
grupo,no_calificado,Slim Poncho Western West Coast Deck talla M,1,1,2487,,,ORG
grupo,no_calificado,Sloppy Joe,1,1,2487,,,MISC
grupo,no_calificado,Sm0k1ngC4t,1,1,2487,,,MISC
grupo,no_calificado,Smith,1,1,2487,,,PER
grupo,no_calificado,Smithsonian,1,1,2487,,,ORG
grupo,no_calificado,Smoot,1,1,2487,,,PER
grupo,no_calificado,Snif snif,1,1,2487,,,PER
grupo,no_calificado,Socio General,1,1,2487,,,ORG
grupo,no_calificado,Solo,1,1,2487,,,PER
grupo,no_calificado,Solo 400%,1,1,2487,,,MISC
grupo,no_calificado,Solo en casa de niño,1,1,2487,,,MISC
grupo,no_calificado,Solo me cocinó la carne,1,1,2487,,,MISC
grupo,no_calificado,Solo puedo agradecerles por transportarlo tan bien,1,1,2487,,,MISC
grupo,no_calificado,Solo puedo conservarlo si fue de venta general,1,1,2487,,,MISC
grupo,no_calificado,Solo puedo pensar,1,1,2487,,,MISC
grupo,no_calificado,Solo recuerdo su apodo,1,1,2487,,,MISC
grupo,no_calificado,Solo triste,1,1,2487,,,MISC
grupo,no_calificado,Somerset,1,1,2487,,,LOC
grupo,no_calificado,Son,1,1,2487,,,LOC
grupo,no_calificado,Son arrestados menos,1,1,2487,,,MISC
grupo,no_calificado,Son compactos y tienen cuchara,1,1,2487,,,MISC
grupo,no_calificado,Son unos payasos,1,1,2487,,,MISC
grupo,no_calificado,Sorajiro,1,1,2487,,,LOC
grupo,no_calificado,South Austin,1,1,2487,,,LOC
grupo,no_calificado,South Bend,1,1,2487,,,LOC
grupo,no_calificado,Southgate,1,1,2487,,,ORG
grupo,no_calificado,Soy de los EE. UU,1,1,2487,,,MISC
grupo,no_calificado,Soy una mujer de lluvia,1,1,2487,,,MISC
grupo,no_calificado,Space Mafia,1,1,2487,,,ORG
grupo,no_calificado,Spotify for Creators,1,1,2487,,,MISC
grupo,no_calificado,Sprayne Rooney,1,1,2487,,,PER
grupo,no_calificado,Spurs,1,1,2487,,,ORG
grupo,no_calificado,Sr. Java,1,1,2487,,,PER
grupo,no_calificado,Sr. ND,1,1,2487,,,MISC
grupo,no_calificado,Star Trek,1,1,2487,,,MISC
grupo,no_calificado,Steffany,1,1,2487,,,LOC
grupo,no_calificado,Steve Deace,1,1,2487,,,PER
grupo,no_calificado,Stockport,1,1,2487,,,LOC
grupo,no_calificado,Stone,1,1,2487,,,PER
grupo,no_calificado,Stones,1,1,2487,,,ORG
grupo,no_calificado,Stracciatella de ensueño,1,1,2487,,,MISC
grupo,no_calificado,Stranger Things,1,1,2487,,,MISC
grupo,no_calificado,Strauss,1,1,2487,,,PER
grupo,no_calificado,Strava,1,1,2487,,,LOC
grupo,no_calificado,Stryker,1,1,2487,,,PER
grupo,no_calificado,Su alegría genuina,1,1,2487,,,MISC
grupo,no_calificado,Sube,1,1,2487,,,PER
grupo,no_calificado,Submarinos,1,1,2487,,,LOC
grupo,no_calificado,Subámonos,1,1,2487,,,LOC
grupo,no_calificado,Sucio,1,1,2487,,,PER
grupo,no_calificado,Sudamérica,1,1,2487,,,LOC
grupo,no_calificado,Sudo mucho,1,1,2487,,,MISC
grupo,no_calificado,Suica,1,1,2487,,,MISC
grupo,no_calificado,Summer Roo Comisión,1,1,2487,,,ORG
grupo,no_calificado,Sums Madueke,1,1,2487,,,ORG
grupo,no_calificado,Supongo,1,1,2487,,,MISC
grupo,no_calificado,Suruga,1,1,2487,,,LOC
grupo,no_calificado,Surveying the land,1,1,2487,,,MISC
grupo,no_calificado,Sus pies,1,1,2487,,,MISC
grupo,no_calificado,Suzuki,1,1,2487,,,ORG
grupo,no_calificado,Syndicate,1,1,2487,,,MISC
grupo,no_calificado,SÓLO,1,1,2487,,,ORG
grupo,no_calificado,Sácame de Dallas,1,1,2487,,,PER
grupo,no_calificado,Sándwiches de Ensalada de Huevo,1,1,2487,,,LOC
grupo,no_calificado,Sé dónde caigo,1,1,2487,,,MISC
grupo,no_calificado,Sí Reverend and The Makers and The Enemy,1,1,2487,,,MISC
grupo,no_calificado,Sí mismo como “Hijo del Hombre,1,1,2487,,,MISC
grupo,no_calificado,"Sí, el sitio",1,1,2487,,,MISC
grupo,no_calificado,"Sí, la mayoría de los hechos",1,1,2487,,,MISC
grupo,no_calificado,"Sí, los rastreadores de tareas están saturados",1,1,2487,,,MISC
grupo,no_calificado,"Sí, putas payasas 😂😂😂",1,1,2487,,,MISC
grupo,no_calificado,Síganme,1,1,2487,,,ORG
grupo,no_calificado,TAL,1,1,2487,,,MISC
grupo,no_calificado,TBA,1,1,2487,,,ORG
grupo,no_calificado,TBT,1,1,2487,,,MISC
grupo,no_calificado,THICC AS HONEY,1,1,2487,,,MISC
grupo,no_calificado,TIENES,1,1,2487,,,ORG
grupo,no_calificado,TROSC,1,1,2487,,,MISC
grupo,no_calificado,TRS,1,1,2487,,,MISC
grupo,no_calificado,TRVKE,1,1,2487,,,MISC
grupo,no_calificado,TSR,1,1,2487,,,ORG
grupo,no_calificado,Takeuchi Ryoma,1,1,2487,,,PER
grupo,no_calificado,Talksport,1,1,2487,,,LOC
grupo,no_calificado,Tan limpio y asombroso,1,1,2487,,,MISC
grupo,no_calificado,Tan refrescante y delicioso,1,1,2487,,,MISC
grupo,no_calificado,Tanaj,1,1,2487,,,MISC
grupo,no_calificado,Tanner,1,1,2487,,,PER
grupo,no_calificado,Tanque,1,1,2487,,,LOC
grupo,no_calificado,Target 🇺🇸,1,1,2487,,,ORG
grupo,no_calificado,Tasty Island,1,1,2487,,,LOC
grupo,no_calificado,Te agradecemos las lágrimas de Argentina,1,1,2487,,,MISC
grupo,no_calificado,Te enviamos sacos de patatas,1,1,2487,,,MISC
grupo,no_calificado,Te extraño,1,1,2487,,,MISC
grupo,no_calificado,Tech Striver™,1,1,2487,,,MISC
grupo,no_calificado,Temazo,1,1,2487,,,MISC
grupo,no_calificado,Tembló,1,1,2487,,,LOC
grupo,no_calificado,Tendré,1,1,2487,,,MISC
grupo,no_calificado,Tengo buenos recuerdos de un,1,1,2487,,,MISC
grupo,no_calificado,Tenis,1,1,2487,,,LOC
grupo,no_calificado,Tennessee,1,1,2487,,,LOC
grupo,no_calificado,Terin,1,1,2487,,,PER
grupo,no_calificado,Terminal 3 de Haneda,1,1,2487,,,LOC
grupo,no_calificado,Terminé,1,1,2487,,,LOC
grupo,no_calificado,TestFlight,1,1,2487,,,MISC
grupo,no_calificado,Texas A&M 2,1,1,2487,,,ORG
grupo,no_calificado,Texas Tech 3,1,1,2487,,,MISC
grupo,no_calificado,Thatchers orange,1,1,2487,,,MISC
grupo,no_calificado,The Atlantic,1,1,2487,,,ORG
grupo,no_calificado,The Bad Batch,1,1,2487,,,MISC
grupo,no_calificado,The Coral,1,1,2487,,,MISC
grupo,no_calificado,The Devil Went Down to Georgia,1,1,2487,,,MISC
grupo,no_calificado,The Enemy,1,1,2487,,,ORG
grupo,no_calificado,The Founder,1,1,2487,,,MISC
grupo,no_calificado,The Mandalorian 😭✨,1,1,2487,,,MISC
grupo,no_calificado,The Predators,1,1,2487,,,ORG
grupo,no_calificado,The Sun,1,1,2487,,,ORG
grupo,no_calificado,The Vaccines,1,1,2487,,,ORG
grupo,no_calificado,They’ve helped us end 27 wars,1,1,2487,,,MISC
grupo,no_calificado,This,1,1,2487,,,MISC
grupo,no_calificado,This is a chart on how to kowtow to the liberal,1,1,2487,,,MISC
grupo,no_calificado,This is the best Pukpuk-chan,1,1,2487,,,MISC
grupo,no_calificado,This is why everyone within the church needs affirming participation trophies,1,1,2487,,,MISC
grupo,no_calificado,Thomas Tuchel,1,1,2487,,,PER
grupo,no_calificado,Times Square 🇺🇸,1,1,2487,,,ORG
grupo,no_calificado,Tobitakyu,1,1,2487,,,LOC
grupo,no_calificado,Tocar Hierba,1,1,2487,,,MISC
grupo,no_calificado,Todas las demás veces,1,1,2487,,,MISC
grupo,no_calificado,Todas nuestras disculpas,1,1,2487,,,MISC
grupo,no_calificado,Todavía creo,1,1,2487,,,MISC
grupo,no_calificado,Todavía no puedo alcanzar las cosas,1,1,2487,,,MISC
grupo,no_calificado,Todo el programa,1,1,2487,,,MISC
grupo,no_calificado,Todo sobre sandía,1,1,2487,,,MISC
grupo,no_calificado,Todos los días reviso X,1,1,2487,,,MISC
grupo,no_calificado,Todos los estadios,1,1,2487,,,MISC
grupo,no_calificado,Todos los pasajeros,1,1,2487,,,MISC
grupo,no_calificado,"Todos tenemos luchas, miedos e inseguridades",1,1,2487,,,MISC
grupo,no_calificado,"Todos ustedes, mis queridos finsubs",1,1,2487,,,MISC
grupo,no_calificado,Tom Cruise,1,1,2487,,,PER
grupo,no_calificado,Tomates de hamburguesa,1,1,2487,,,PER
grupo,no_calificado,Tomates heirloom preciosos,1,1,2487,,,PER
grupo,no_calificado,Tomball,1,1,2487,,,LOC
grupo,no_calificado,Tommy T,1,1,2487,,,PER
grupo,no_calificado,Top of the Rock,1,1,2487,,,MISC
grupo,no_calificado,Toro Sentado,1,1,2487,,,PER
grupo,no_calificado,Toshiaki Ishikawa,1,1,2487,,,PER
grupo,no_calificado,Tostadas Almuerzo,1,1,2487,,,PER
grupo,no_calificado,Total summer vibes,1,1,2487,,,MISC
grupo,no_calificado,Totchos,1,1,2487,,,LOC
grupo,no_calificado,Totchos Totchos,1,1,2487,,,LOC
grupo,no_calificado,Tottenham,1,1,2487,,,ORG
grupo,no_calificado,Toudai-san,1,1,2487,,,LOC
grupo,no_calificado,Toyota,1,1,2487,,,ORG
grupo,no_calificado,Trailists,1,1,2487,,,PER
grupo,no_calificado,Tramlines 👌 The Clause,1,1,2487,,,ORG
grupo,no_calificado,Tranmere Rovers,1,1,2487,,,ORG
grupo,no_calificado,Transmisión,1,1,2487,,,MISC
grupo,no_calificado,Trash Truck,1,1,2487,,,MISC
grupo,no_calificado,Tratas el Noveno Mandamiento,1,1,2487,,,MISC
grupo,no_calificado,Travel Club,1,1,2487,,,ORG
grupo,no_calificado,Travis heights,1,1,2487,,,MISC
grupo,no_calificado,Trent-Alexander,1,1,2487,,,PER
grupo,no_calificado,Tripitaka,1,1,2487,,,MISC
grupo,no_calificado,Tropical Lime,1,1,2487,,,LOC
grupo,no_calificado,True,1,1,2487,,,MISC
grupo,no_calificado,Tsujido,1,1,2487,,,LOC
grupo,no_calificado,Tu elegancia en su forma más pura,1,1,2487,,,MISC
grupo,no_calificado,Tu país,1,1,2487,,,MISC
grupo,no_calificado,Tulsa,1,1,2487,,,LOC
grupo,no_calificado,Turnbull,1,1,2487,,,PER
grupo,no_calificado,Turquía 🇹,1,1,2487,,,ORG
grupo,no_calificado,Tuvimos,1,1,2487,,,ORG
grupo,no_calificado,Twitter #MiAniversarioX,1,1,2487,,,MISC
grupo,no_calificado,Twitter woke,1,1,2487,,,MISC
grupo,no_calificado,Tyson Cole,1,1,2487,,,PER
grupo,no_calificado,Tú,1,1,2487,,,MISC
grupo,no_calificado,Tú encajas en la definición de diccionario de maquiavélico,1,1,2487,,,MISC
grupo,no_calificado,Tú eres,1,1,2487,,,MISC
grupo,no_calificado,Túnez 🇹🇳,1,1,2487,,,ORG
grupo,no_calificado,U18,1,1,2487,,,LOC
grupo,no_calificado,UT Oh wait,1,1,2487,,,MISC
grupo,no_calificado,Uber,1,1,2487,-1.131,2.0,MISC
grupo,no_calificado,Ubers,1,1,2487,,,ORG
grupo,no_calificado,Uchi,1,1,2487,,,MISC
grupo,no_calificado,Udadada,1,1,2487,,,LOC
grupo,no_calificado,Uk Somerset,1,1,2487,,,PER
grupo,no_calificado,Umbreon Comisión,1,1,2487,,,ORG
grupo,no_calificado,Umbro,1,1,2487,,,ORG
grupo,no_calificado,Un grupo de apoyo confiable de,1,1,2487,,,MISC
grupo,no_calificado,Un hombre no le pide a la montaña,1,1,2487,,,MISC
grupo,no_calificado,Un par más de ellos en la parte superior del campo sería delicioso,1,1,2487,,,MISC
grupo,no_calificado,Un poco de humildad,1,1,2487,,,MISC
grupo,no_calificado,Un portero de clase,1,1,2487,,,MISC
grupo,no_calificado,Un posible inversor me preguntó,1,1,2487,,,MISC
grupo,no_calificado,Un prestatario puede mostrar mucha capital,1,1,2487,,,MISC
grupo,no_calificado,Un promotor ve un problema,1,1,2487,,,MISC
grupo,no_calificado,Un viaje a Liverpool,1,1,2487,,,MISC
grupo,no_calificado,Una cultura/etnia,1,1,2487,,,MISC
grupo,no_calificado,Una defensa de 4,1,1,2487,,,MISC
grupo,no_calificado,Una intención también puede transformarse,1,1,2487,,,MISC
grupo,no_calificado,Una mejora masiva,1,1,2487,,,MISC
grupo,no_calificado,Una ocasión perfecta para tomarse unos días,1,1,2487,,,MISC
grupo,no_calificado,Una oportunidad para comprar dólares 💵,1,1,2487,,,MISC
grupo,no_calificado,Una vez nos desviamos en un viaje por carretera de Minnesota,1,1,2487,,,MISC
grupo,no_calificado,Unión Soviética,1,1,2487,,,ORG
grupo,no_calificado,Unleashed,1,1,2487,,,MISC
grupo,no_calificado,Uno de los mejores lugares,1,1,2487,,,MISC
grupo,no_calificado,Usaste,1,1,2487,,,ORG
grupo,no_calificado,Ustedes,1,1,2487,,,PER
grupo,no_calificado,Ustedes están jodidos,1,1,2487,,,ORG
grupo,no_calificado,Uuuh,1,1,2487,,,LOC
grupo,no_calificado,Uwaaaahhh,1,1,2487,,,PER
grupo,no_calificado,VAMOSSSSSSSSSSSSSS FUCKING,1,1,2487,,,MISC
grupo,no_calificado,VANILLA,1,1,2487,,,MISC
grupo,no_calificado,VAR 😂 idiota estúpido ni siquiera,1,1,2487,,,MISC
grupo,no_calificado,VCs,1,1,2487,,,PER
grupo,no_calificado,VDAY,1,1,2487,,,MISC
grupo,no_calificado,VIP,1,1,2487,,,ORG
grupo,no_calificado,VIVEEEE,1,1,2487,,,ORG
grupo,no_calificado,Va,1,1,2487,,,MISC
grupo,no_calificado,Va a llover,1,1,2487,,,MISC
grupo,no_calificado,Vacaciones de primavera en,1,1,2487,,,MISC
grupo,no_calificado,Vale,1,1,2487,,,ORG
grupo,no_calificado,Vale Park,1,1,2487,,,LOC
grupo,no_calificado,Vamos Inglaterra! 🏴󠁧󠁢󠁥󠁮󠁧󠁿,1,1,2487,,,MISC
grupo,no_calificado,Vamosssss 🇪🇸,1,1,2487,,,MISC
grupo,no_calificado,Vaticano,1,1,2487,,,LOC
grupo,no_calificado,Vaulks,1,1,2487,,,PER
grupo,no_calificado,Vaya,1,1,2487,,,MISC
grupo,no_calificado,Ve al blog <3 #vegetarian #recipe,1,1,2487,,,MISC
grupo,no_calificado,Ve y apoya al Shamrock,1,1,2487,,,MISC
grupo,no_calificado,Ve y haz algo de investigación,1,1,2487,,,MISC
grupo,no_calificado,Vedas,1,1,2487,,,MISC
grupo,no_calificado,Vence,1,1,2487,,,PER
grupo,no_calificado,Vender vapes,1,1,2487,,,MISC
grupo,no_calificado,Vendo X2,1,1,2487,,,PER
grupo,no_calificado,Ventana de Overton,1,1,2487,,,LOC
grupo,no_calificado,Veo 456 de vez en cuando mientras hago otras cosas,1,1,2487,,,MISC
grupo,no_calificado,Veracruz,1,1,2487,,,MX_DESTINO
grupo,no_calificado,Verdad honesta jajaja,1,1,2487,,,MISC
grupo,no_calificado,Vergonzoso,1,1,2487,,,MISC
grupo,no_calificado,Veré,1,1,2487,,,MISC
grupo,no_calificado,"Vete ya, estafador de clickbait",1,1,2487,,,MISC
grupo,no_calificado,Vibras Y2K,1,1,2487,,,MISC
grupo,no_calificado,Vibras de Ensalada de Huevo Sándwiches de Ensalada de Huevo Tostadas de Sándwich de Ensalada de Huevo,1,1,2487,,,PER
grupo,no_calificado,Victor,1,1,2487,,,PER
grupo,no_calificado,Viendo Dear England,1,1,2487,,,MISC
grupo,no_calificado,Vienes,1,1,2487,,,LOC
grupo,no_calificado,Vimos Conquistamos,1,1,2487,,,MISC
grupo,no_calificado,Vini Jnr,1,1,2487,,,PER
grupo,no_calificado,Violaste,1,1,2487,,,LOC
grupo,no_calificado,Viviendas unifamiliares y multifamiliares pequeñas,1,1,2487,,,MISC
grupo,no_calificado,Vivo en Austin,1,1,2487,,,MISC
grupo,no_calificado,Voddie Baucham,1,1,2487,,,PER
grupo,no_calificado,Volveré,1,1,2487,,,MISC
grupo,no_calificado,Vosotros,1,1,2487,,,PER
grupo,no_calificado,Voy,1,1,2487,,,ORG
grupo,no_calificado,Voy al baño,1,1,2487,,,MISC
grupo,no_calificado,Vuelo de las 6 am,1,1,2487,,,MISC
grupo,no_calificado,Vuelven a entrenar pasado mañana,1,1,2487,,,MISC
grupo,no_calificado,WNBA,1,1,2487,,,ORG
grupo,no_calificado,Waaaaaaahhh,1,1,2487,,,MISC
grupo,no_calificado,Wade,1,1,2487,,,PER
grupo,no_calificado,Wagyu Chuletón,1,1,2487,,,MISC
grupo,no_calificado,Waifu,1,1,2487,,,LOC
grupo,no_calificado,Wakandenses,1,1,2487,,,PER
grupo,no_calificado,Wakeyleaks,1,1,2487,,,PER
grupo,no_calificado,Wataru,1,1,2487,,,ORG
grupo,no_calificado,Watchtower,1,1,2487,,,MISC
grupo,no_calificado,Webbon,1,1,2487,,,LOC
grupo,no_calificado,What does this mean,1,1,2487,,,MISC
grupo,no_calificado,What time did they,1,1,2487,,,MISC
grupo,no_calificado,Wild 1,1,1,2487,,,MISC
grupo,no_calificado,Wilks,1,1,2487,,,PER
grupo,no_calificado,Will Spencer,1,1,2487,,,PER
grupo,no_calificado,Will Vaulks,1,1,2487,,,PER
grupo,no_calificado,William Miller,1,1,2487,,,PER
grupo,no_calificado,Willy Wonka,1,1,2487,,,PER
grupo,no_calificado,Wimbledon,1,1,2487,,,PER
grupo,no_calificado,Wirral,1,1,2487,,,LOC
grupo,no_calificado,Wolves,1,1,2487,,,MISC
grupo,no_calificado,Wonder Man,1,1,2487,,,MISC
grupo,no_calificado,Wow,1,1,2487,,,MISC
grupo,no_calificado,Wright,1,1,2487,,,PER
grupo,no_calificado,Y aunque vayamos a Nueva York,1,1,2487,,,MISC
grupo,no_calificado,Y no nos dejes caer,1,1,2487,,,MISC
grupo,no_calificado,Y otras personas,1,1,2487,,,MISC
grupo,no_calificado,YIMBY,1,1,2487,,,ORG
grupo,no_calificado,YONNA LA STREAMER TÚ REINA 🙏🏻🙏🏻🙏🏻 A,1,1,2487,,,LOC
grupo,no_calificado,Ya da igual la forma,1,1,2487,,,MISC
grupo,no_calificado,Ya hemos financiado tres préstamos adicionales para los próximos proyectos de estos prestatarios,1,1,2487,,,MISC
grupo,no_calificado,Ya veo,1,1,2487,,,MISC
grupo,no_calificado,Yahhhh,1,1,2487,,,LOC
grupo,no_calificado,YahooNews,1,1,2487,,,LOC
grupo,no_calificado,Yakuza,1,1,2487,,,ORG
grupo,no_calificado,Yale,1,1,2487,,,ORG
grupo,no_calificado,Yamanashi,1,1,2487,,,LOC
grupo,no_calificado,Yamato-ya,1,1,2487,,,LOC
grupo,no_calificado,Yikes,1,1,2487,,,PER
grupo,no_calificado,Yo dándole la leche a mi hija,1,1,2487,,,MISC
grupo,no_calificado,Yo solo vi este partido,1,1,2487,,,MISC
grupo,no_calificado,Yo también estoy actualmente en una misión de caminar,1,1,2487,,,MISC
grupo,no_calificado,Yo: Estoy en,1,1,2487,,,MISC
grupo,no_calificado,You can miss me with that fedora,1,1,2487,,,MISC
grupo,no_calificado,You wasnt wrong mate,1,1,2487,,,PER
grupo,no_calificado,You're honestly such,1,1,2487,,,MISC
grupo,no_calificado,YouTube,1,1,2487,,,MISC
grupo,no_calificado,Yucatán,1,1,2487,,,MX_DESTINO
grupo,no_calificado,Yutaka Ozaki,1,1,2487,,,PER
grupo,no_calificado,Yuto Nakamura,1,1,2487,,,PER
grupo,no_calificado,Yūya Ozaki La,1,1,2487,,,PER
grupo,no_calificado,Zabs Hot Sauce,1,1,2487,,,PER
grupo,no_calificado,Zeb,1,1,2487,,,MISC
grupo,no_calificado,Zocalo,1,1,2487,,,LOC
grupo,no_calificado,actualmente,1,1,2487,,,LOC
grupo,no_calificado,acá,1,1,2487,,,LOC
grupo,no_calificado,aeropuerto de,1,1,2487,-1.131,2.0,LOC
grupo,no_calificado,aeropuerto de Haneda,1,1,2487,,,LOC
grupo,no_calificado,ai slop,1,1,2487,,,PER
grupo,no_calificado,alls i know is,1,1,2487,,,MISC
grupo,no_calificado,amiga,1,1,2487,,,MISC
grupo,no_calificado,anarco-tiranía,1,1,2487,,,LOC
grupo,no_calificado,aww te extraño,1,1,2487,,,MISC
grupo,no_calificado,baby,1,1,2487,,,PER
grupo,no_calificado,badobachijp,1,1,2487,,,PER
grupo,no_calificado,beno,1,1,2487,,,PER
grupo,no_calificado,besame si me equivoco,1,1,2487,,,MISC
grupo,no_calificado,bohemian rapsody,1,1,2487,,,MISC
grupo,no_calificado,bro 😒🙄,1,1,2487,,,PER
grupo,no_calificado,burger king,1,1,2487,,,PER
grupo,no_calificado,cancelarte,1,1,2487,,,MISC
grupo,no_calificado,cannes,1,1,2487,,,LOC
grupo,no_calificado,carismanía,1,1,2487,,,PER
grupo,no_calificado,chattanooga,1,1,2487,,,PER
grupo,no_calificado,chico,1,1,2487,,,PER
grupo,no_calificado,chico blanco chad,1,1,2487,,,PER
grupo,no_calificado,chile! Perros Calientes de Chipotle Perros Calientes,1,1,2487,,,MISC
grupo,no_calificado,chilidogs,1,1,2487,,,LOC
grupo,no_calificado,christopher nolan’s odyssey,1,1,2487,,,PER
grupo,no_calificado,coal,1,1,2487,,,ORG
grupo,no_calificado,damn beno,1,1,2487,,,PER
grupo,no_calificado,desantis,1,1,2487,,,PER
grupo,no_calificado,desplegaré,1,1,2487,,,PER
grupo,no_calificado,draco,1,1,2487,,,MISC
grupo,no_calificado,dumb twat,1,1,2487,,,PER
grupo,no_calificado,déjame,1,1,2487,,,PER
grupo,no_calificado,el Azteca,1,1,2487,,,LOC
grupo,no_calificado,en Estados Unidos,1,1,2487,,,LOC
grupo,no_calificado,eres tú quizás armie hammer,1,1,2487,,,MISC
grupo,no_calificado,every classics major in my latin class was a flaming homo,1,1,2487,,,MISC
grupo,no_calificado,exacto,1,1,2487,,,MISC
grupo,no_calificado,felicidades ayanna,1,1,2487,,,PER
grupo,no_calificado,fentanyl Floyd,1,1,2487,,,PER
grupo,no_calificado,fin casa amor AHORA,1,1,2487,,,MISC
grupo,no_calificado,francia,1,1,2487,,,LOC
grupo,no_calificado,goku,1,1,2487,,,PER
grupo,no_calificado,goku 😼,1,1,2487,,,PER
grupo,no_calificado,google translate,1,1,2487,,,MISC
grupo,no_calificado,greedy jew,1,1,2487,,,PER
grupo,no_calificado,hoeflation,1,1,2487,,,MISC
grupo,no_calificado,hola,1,1,2487,,,ORG
grupo,no_calificado,hola mi,1,1,2487,,,PER
grupo,no_calificado,hominem,1,1,2487,,,PER
grupo,no_calificado,hotel,1,1,2487,,,LOC
grupo,no_calificado,i see demon k coming back from her roots,1,1,2487,,,MISC
grupo,no_calificado,in what state do you live,1,1,2487,,,MISC
grupo,no_calificado,inglaterra,1,1,2487,,,LOC
grupo,no_calificado,internet,1,1,2487,,,MISC
grupo,no_calificado,is the site,1,1,2487,,,MISC
grupo,no_calificado,iso,1,1,2487,,,ORG
grupo,no_calificado,iso 26.6,1,1,2487,,,MISC
grupo,no_calificado,it don’t sound fun,1,1,2487,,,MISC
grupo,no_calificado,it’s not konna its komi,1,1,2487,,,MISC
grupo,no_calificado,jaja,1,1,2487,,,MISC
grupo,no_calificado,jajaja,1,1,2487,,,MISC
grupo,no_calificado,jalapeño popper Sándwiches,1,1,2487,,,PER
grupo,no_calificado,joda Corbin,1,1,2487,,,PER
grupo,no_calificado,joder,1,1,2487,,,MISC
grupo,no_calificado,joder kai,1,1,2487,,,MISC
grupo,no_calificado,jolly ranchers,1,1,2487,,,PER
grupo,no_calificado,judío-israelí,1,1,2487,,,LOC
grupo,no_calificado,kai,1,1,2487,,,PER
grupo,no_calificado,kash patel,1,1,2487,,,PER
grupo,no_calificado,kendall jenner,1,1,2487,,,PER
grupo,no_calificado,kentanji very brown jackson,1,1,2487,,,MISC
grupo,no_calificado,kenzie,1,1,2487,,,PER
grupo,no_calificado,la Biblia,1,1,2487,,,MISC
grupo,no_calificado,la Ley,1,1,2487,,,LOC
grupo,no_calificado,la financiaré,1,1,2487,,,LOC
grupo,no_calificado,la odisea,1,1,2487,,,MISC
grupo,no_calificado,lacy,1,1,2487,,,PER
grupo,no_calificado,las Escrituras,1,1,2487,,,MISC
grupo,no_calificado,las Malvinas,1,1,2487,,,LOC
grupo,no_calificado,lavé,1,1,2487,,,PER
grupo,no_calificado,lindo😭😭😭😭,1,1,2487,,,MISC
grupo,no_calificado,lindsay graham,1,1,2487,,,PER
grupo,no_calificado,lol,1,1,2487,,,PER
grupo,no_calificado,lol Tu Jesús,1,1,2487,,,PER
grupo,no_calificado,los Estados Unidos,1,1,2487,,,LOC
grupo,no_calificado,love island lo llamo pájaro isla…,1,1,2487,,,MISC
grupo,no_calificado,mac miller,1,1,2487,,,PER
grupo,no_calificado,madre 🫪,1,1,2487,,,PER
grupo,no_calificado,mattea nena acabo,1,1,2487,,,MISC
grupo,no_calificado,maxton hall,1,1,2487,,,PER
grupo,no_calificado,merci bonjour,1,1,2487,,,PER
grupo,no_calificado,mi corazón,1,1,2487,,,MISC
grupo,no_calificado,mismo🥹,1,1,2487,,,PER
grupo,no_calificado,missy,1,1,2487,,,PER
grupo,no_calificado,missy lárgate,1,1,2487,,,PER
grupo,no_calificado,missy…,1,1,2487,,,PER
grupo,no_calificado,mitch mcconnell,1,1,2487,,,PER
grupo,no_calificado,monae,1,1,2487,,,PER
grupo,no_calificado,mírenla... Nuestra reina de Streamer U,1,1,2487,,,MISC
grupo,no_calificado,nah,1,1,2487,,,MISC
grupo,no_calificado,nenas delulu,1,1,2487,,,PER
grupo,no_calificado,nikuman,1,1,2487,,,PER
grupo,no_calificado,nomi 🙏🏻😊,1,1,2487,,,MISC
grupo,no_calificado,noruega,1,1,2487,,,LOC
grupo,no_calificado,oh nena te perdiste,1,1,2487,,,MISC
grupo,no_calificado,ohh nena tú fácil,1,1,2487,,,PER
grupo,no_calificado,okay dora the dih explorer,1,1,2487,,,MISC
grupo,no_calificado,one trick pony,1,1,2487,,,MISC
grupo,no_calificado,papi 😘😘,1,1,2487,,,MISC
grupo,no_calificado,paraguay,1,1,2487,,,LOC
grupo,no_calificado,partido A Sendai,1,1,2487,,,ORG
grupo,no_calificado,partido 🥴,1,1,2487,,,ORG
grupo,no_calificado,parís,1,1,2487,,,LOC
grupo,no_calificado,phat indeed,1,1,2487,,,PER
grupo,no_calificado,portugal,1,1,2487,,,LOC
grupo,no_calificado,pq,1,1,2487,,,MISC
grupo,no_calificado,prerolls,1,1,2487,,,PER
grupo,no_calificado,psyop hindú,1,1,2487,,,PER
grupo,no_calificado,puente Golden Gate,1,1,2487,,,LOC
grupo,no_calificado,quiet,1,1,2487,,,PER
grupo,no_calificado,rakai sienna,1,1,2487,,,MISC
grupo,no_calificado,ranch Queso,1,1,2487,,,LOC
grupo,no_calificado,rotini,1,1,2487,,,LOC
grupo,no_calificado,saneticen,1,1,2487,,,LOC
grupo,no_calificado,shutcho goofy ass up,1,1,2487,,,MISC
grupo,no_calificado,snap tho,1,1,2487,,,PER
grupo,no_calificado,so basically,1,1,2487,,,ORG
grupo,no_calificado,steve,1,1,2487,,,PER
grupo,no_calificado,still in circulation,1,1,2487,,,MISC
grupo,no_calificado,subirías,1,1,2487,,,PER
grupo,no_calificado,tarjeta Revolut,1,1,2487,,,ORG
grupo,no_calificado,tbt A,1,1,2487,,,PER
grupo,no_calificado,tech coach🥺,1,1,2487,,,ORG
grupo,no_calificado,tengo mal wifi,1,1,2487,,,MISC
grupo,no_calificado,tfym,1,1,2487,,,LOC
grupo,no_calificado,the need for Marxist power dynamics,1,1,2487,,,MISC
grupo,no_calificado,thunderstorm,1,1,2487,,,PER
grupo,no_calificado,tiggy woo,1,1,2487,,,PER
grupo,no_calificado,tragedia de Doha,1,1,2487,,,MISC
grupo,no_calificado,tren de Keio,1,1,2487,,,MISC
grupo,no_calificado,trooning out,1,1,2487,,,MISC
grupo,no_calificado,true wigger,1,1,2487,,,PER
grupo,no_calificado,trump,1,1,2487,,,PER
grupo,no_calificado,tucker,1,1,2487,,,PER
grupo,no_calificado,tuyo,1,1,2487,,,PER
grupo,no_calificado,twitter,1,1,2487,,,MISC
grupo,no_calificado,ugh,1,1,2487,,,MISC
grupo,no_calificado,ummm tengo preguntas,1,1,2487,,,MISC
grupo,no_calificado,until another week…gg,1,1,2487,,,MISC
grupo,no_calificado,value if no one ever builds on it,1,1,2487,,,MISC
grupo,no_calificado,valueless resource,1,1,2487,,,PER
grupo,no_calificado,veré,1,1,2487,,,MISC
grupo,no_calificado,vete,1,1,2487,,,PER
grupo,no_calificado,vibes,1,1,2487,,,PER
grupo,no_calificado,walmart,1,1,2487,,,LOC
grupo,no_calificado,win,1,1,2487,,,MISC
grupo,no_calificado,yonna arréglate,1,1,2487,,,PER
grupo,no_calificado,yonna arréglate el pelo …,1,1,2487,,,PER
grupo,no_calificado,yonna baby…,1,1,2487,,,PER
grupo,no_calificado,yonna core 🥹….no,1,1,2487,,,PER
grupo,no_calificado,yonna jay,1,1,2487,,,PER
grupo,no_calificado,yonna live,1,1,2487,,,PER
grupo,no_calificado,~Alexander Hamilton,1,1,2487,,,MISC
grupo,no_calificado,~Martin Luther,1,1,2487,,,PER
grupo,no_calificado,África,1,1,2487,,,LOC
grupo,no_calificado,Ánimo♡ ¡Ánimo♡,1,1,2487,,,MISC
grupo,no_calificado,Éxito de la Economía Anglo-Protestante,1,1,2487,,,MISC
grupo,no_calificado,নিত্যের পুদিনা,1,1,2487,,,MISC
grupo,no_calificado,Ἰησοῦς,1,1,2487,,,MISC
grupo,no_calificado,… Apuesto,1,1,2487,,,MISC
grupo,no_calificado,⚡️ parpadeó,1,1,2487,,,MISC
grupo,no_calificado,ぐーちゃんJetpack Sipper,1,1,2487,,,LOC
grupo,no_calificado,をフォローしてポスト！すぐに結果が届く📲抽選で1本無料Coke ONドリンクチケットを,1,1,2487,,,MISC
grupo,no_calificado,コカコーラ勝敗予想対決,1,1,2487,,,PER
grupo,no_calificado,チーパオ大森,1,1,2487,,,LOC
grupo,no_calificado,第9戦は,1,1,2487,,,MISC
grupo,no_calificado,🇯🇵 ¡Gracias,1,1,2487,,,LOC
grupo,no_calificado,💦 ¡Ten,1,1,2487,,,PER
grupo,no_calificado,😂 Saka,1,1,2487,,,PER
grupo,no_calificado,😂😂😂 Me,1,1,2487,,,PER
grupo,no_calificado,😛 Me está mirando y sonriendo,1,1,2487,,,MISC
grupo,no_calificado,🙏🏻 everyone send this,1,1,2487,,,MISC
grupo,no_calificado,󠁧󠁢󠁥󠁮󠁧󠁿🩵🏆 El,1,1,2487,,,LOC
polaridad,ambivalente,Monterrey,5,5,19,1.004,10.0,MX_CIUDAD_SEDE
polaridad,ambivalente,México,4,4,19,-0.677,59.0,MX_PAIS
polaridad,ambivalente,Teotihuacán,2,2,19,0.897,2.0,MX_DESTINO
polaridad,ambivalente,Bellmare,1,1,19,,,LOC
polaridad,ambivalente,Boursin Huevos,1,1,19,,,MISC
polaridad,ambivalente,Crostini,1,1,19,,,PER
polaridad,ambivalente,Cruzo los dedos,1,1,19,,,MISC
polaridad,ambivalente,Cómo estás,1,1,19,,,MISC
polaridad,ambivalente,Don Julio,1,1,19,,,PER
polaridad,ambivalente,El Azteca,1,1,19,,,LOC
polaridad,ambivalente,El Cerro de la Silla,1,1,19,,,LOC
polaridad,ambivalente,Elote,1,1,19,,,LOC
polaridad,ambivalente,Ensalada griega de frijoles blancos picados #vegetariano #buenacomida,1,1,19,,,MISC
polaridad,ambivalente,Ensaladas Hamburguesas,1,1,19,,,LOC
polaridad,ambivalente,Escuchando música latina en vivo,1,1,19,,,MISC
polaridad,ambivalente,España,1,1,19,,,LOC
polaridad,ambivalente,Guacamole Ensalada de Jardín Veraniega Noche de Hamburguesas de Verano Ensalada César de Tater,1,1,19,,,LOC
polaridad,ambivalente,Guacamole Tater Tacos Chipotle Lentil Tacos Guaco Hard Tacos Cheesy Jalapeno Cauli Tacos,1,1,19,,,PER
polaridad,ambivalente,Hamburguesas,1,1,19,,,LOC
polaridad,ambivalente,Imperio azteca,1,1,19,,,LOC
polaridad,ambivalente,Japón,1,1,19,0.127,5.0,LOC
polaridad,ambivalente,La comida es deliciosa,1,1,19,,,MISC
polaridad,ambivalente,La foto,1,1,19,,,MISC
polaridad,ambivalente,Los Ángeles,1,1,19,,,LOC
polaridad,ambivalente,Museo de Historia de,1,1,19,,,LOC
polaridad,ambivalente,"No, mi hija",1,1,19,,,MISC
polaridad,ambivalente,Paint It Blue In The World,1,1,19,,,MISC
polaridad,ambivalente,Papas,1,1,19,,,PER
polaridad,ambivalente,Pirámide de la Luna,1,1,19,,,LOC
polaridad,ambivalente,Pirámide del Sol,1,1,19,,,LOC
polaridad,ambivalente,Quesadillas,1,1,19,,,MISC
polaridad,ambivalente,Saludé a un barco de colores,1,1,19,,,MISC
polaridad,ambivalente,Sentí,1,1,19,,,PER
polaridad,ambivalente,Sexy Dison,1,1,19,,,PER
polaridad,ambivalente,Texas,1,1,19,,,LOC
polaridad,ambivalente,Tokio,1,1,19,,,LOC
polaridad,ambivalente,Triturado #vegetarian #summer #recipes,1,1,19,,,MISC
polaridad,ambivalente,Tulum,1,1,19,0.206,4.0,MX_DESTINO
polaridad,ambivalente,Verano,1,1,19,,,LOC
polaridad,ambivalente,lima,1,1,19,,,LOC
polaridad,ambivalente,mexicanos,1,1,19,-0.597,27.0,MX_PAIS
polaridad,negativo,México,20,16,45,0.382,43.0,MX_PAIS
polaridad,negativo,mexicanos,12,11,45,0.968,16.0,MX_PAIS
polaridad,negativo,Ciudad de México,5,5,45,-0.253,16.0,MX_CIUDAD_SEDE
polaridad,negativo,Monterrey,5,4,45,0.237,10.0,MX_CIUDAD_SEDE
polaridad,negativo,Inglaterra,4,3,45,0.902,3.0,LOC
polaridad,negativo,Cancún,3,3,45,0.628,3.0,MX_DESTINO
polaridad,negativo,Mundial 2026,3,2,45,-0.137,9.0,MX_TORNEO
polaridad,negativo,Al menos,1,1,45,,,MISC
polaridad,negativo,Alguien sabe dónde las venden,1,1,45,,,MISC
polaridad,negativo,AÚN,1,1,45,,,PER
polaridad,negativo,Como es selva hay mucha sombra,1,1,45,,,MISC
polaridad,negativo,Dios mío,1,1,45,,,MISC
polaridad,negativo,Dustin,1,1,45,,,PER
polaridad,negativo,EE. UU,1,1,45,,,LOC
polaridad,negativo,Ecuador,1,1,45,,,LOC
polaridad,negativo,El Azteca,1,1,45,,,LOC
polaridad,negativo,El ambiente de la ciudad,1,1,45,,,MISC
polaridad,negativo,Eleven,1,1,45,,,MISC
polaridad,negativo,Estados Unidos,1,1,45,,,LOC
polaridad,negativo,FIFAwouldcup,1,1,45,,,MISC
polaridad,negativo,Historia,1,1,45,,,ORG
polaridad,negativo,Horribles,1,1,45,,,MISC
polaridad,negativo,Internacional Felipe Ángeles,1,1,45,,,LOC
polaridad,negativo,Italia,1,1,45,,,LOC
polaridad,negativo,Japón,1,1,45,-0.337,5.0,LOC
polaridad,negativo,LCC,1,1,45,,,ORG
polaridad,negativo,La policía,1,1,45,,,MISC
polaridad,negativo,Los metros están llenos hasta el techo,1,1,45,,,MISC
polaridad,negativo,Lúgubre,1,1,45,,,LOC
polaridad,negativo,Mala gente,1,1,45,,,MISC
polaridad,negativo,Me,1,1,45,-0.077,3.0,ORG
polaridad,negativo,Me apresuré en el viaje,1,1,45,,,MISC
polaridad,negativo,Me dolió,1,1,45,,,MISC
polaridad,negativo,Me quitaron todo el dinero,1,1,45,,,MISC
polaridad,negativo,Mike Basset,1,1,45,,,PER
polaridad,negativo,Ni siquiera me multarán,1,1,45,,,MISC
polaridad,negativo,No diría que,1,1,45,,,MISC
polaridad,negativo,Qatar,1,1,45,,,LOC
polaridad,negativo,Que en el supermercado,1,1,45,,,MISC
polaridad,negativo,Que se joda,1,1,45,,,MISC
polaridad,negativo,Robado,1,1,45,,,LOC
polaridad,negativo,Sato,1,1,45,,,PER
polaridad,negativo,Seven,1,1,45,,,MISC
polaridad,negativo,Solo,1,1,45,,,PER
polaridad,negativo,Solo lo confiscarán,1,1,45,,,MISC
polaridad,negativo,Solo una,1,1,45,,,MISC
polaridad,negativo,Taiwán,1,1,45,,,LOC
polaridad,negativo,Tendré hambre,1,1,45,,,MISC
polaridad,negativo,Tengo,1,1,45,,,MISC
polaridad,negativo,Tijuana,1,1,45,,,MX_DESTINO
polaridad,negativo,Tikal,1,1,45,,,LOC
polaridad,negativo,Todo lo que hemos oído,1,1,45,,,MISC
polaridad,negativo,Tulum,1,1,45,-0.219,4.0,MX_DESTINO
polaridad,negativo,Uber,1,1,45,,,ORG
polaridad,negativo,Un sueño de la infancia,1,1,45,,,MISC
polaridad,negativo,Un viaje de 18 km,1,1,45,,,MISC
polaridad,negativo,Una de las mejores actuaciones de,1,1,45,,,MISC
polaridad,negativo,Vamos Inglaterra! 🏴󠁧󠁢󠁥󠁮󠁧󠁿,1,1,45,,,MISC
polaridad,negativo,Ve al blog,1,1,45,,,MISC
polaridad,negativo,Vengo,1,1,45,,,MISC
polaridad,negativo,Vinimos,1,1,45,,,LOC
polaridad,negativo,Voy,1,1,45,,,PER
polaridad,negativo,aeropuerto de,1,1,45,,,LOC
polaridad,negativo,estadio🏟️,1,1,45,,,LOC
polaridad,negativo,Él: Lo sabía,1,1,45,,,MISC
polaridad,negativo,Él: ¿Eran negros,1,1,45,,,MISC
polaridad,negativo,🤔 Estoy,1,1,45,,,PER
polaridad,positivo,México,39,35,76,0.28,24.0,MX_PAIS
polaridad,positivo,Ciudad de México,16,13,76,0.941,5.0,MX_CIUDAD_SEDE
polaridad,positivo,mexicanos,15,13,76,-0.38,13.0,MX_PAIS
polaridad,positivo,Mundial 2026,9,8,76,0.646,3.0,MX_TORNEO
polaridad,positivo,Monterrey,5,5,76,-1.205,10.0,MX_CIUDAD_SEDE
polaridad,positivo,Japón,4,4,76,0.211,2.0,LOC
polaridad,positivo,Cancún,3,3,76,-0.269,3.0,MX_DESTINO
polaridad,positivo,Inglaterra,3,3,76,-0.513,4.0,LOC
polaridad,positivo,Me,3,3,76,0.365,1.0,MISC
polaridad,positivo,Nueva York,3,3,76,0.81,0.0,LOC
polaridad,positivo,Oaxaca,3,3,76,0.81,0.0,MX_DESTINO
polaridad,positivo,Tulum,3,3,76,0.017,2.0,MX_DESTINO
polaridad,positivo,Adivinas dónde,2,2,76,,,MISC
polaridad,positivo,Ahora,2,2,76,,,MISC
polaridad,positivo,América,2,2,76,,,LOC
polaridad,positivo,Cabo,2,2,76,,,LOC
polaridad,positivo,Diego Luna,2,1,76,,,PER
polaridad,positivo,Playa del Carmen,2,2,76,,,MX_DESTINO
polaridad,positivo,Puerto Vallarta,2,1,76,,,MX_DESTINO
polaridad,positivo,Shonan,2,1,76,,,LOC
polaridad,positivo,Teotihuacán,2,2,76,-0.218,2.0,MX_DESTINO
polaridad,positivo,Túnez,2,2,76,,,LOC
polaridad,positivo,vacation,2,2,76,,,ORG
polaridad,positivo,A veces me levanto tarde,1,1,76,,,MISC
polaridad,positivo,AIFA,1,1,76,,,MISC
polaridad,positivo,Adictivamente deliciosas,1,1,76,,,MISC
polaridad,positivo,Ah,1,1,76,,,MISC
polaridad,positivo,Ahora mi novia,1,1,76,,,MISC
polaridad,positivo,Airbnb,1,1,76,,,ORG
polaridad,positivo,Algún día el fútbol,1,1,76,,,MISC
polaridad,positivo,Amigos,1,1,76,,,MISC
polaridad,positivo,Arracherra,1,1,76,,,PER
polaridad,positivo,Atlanta,1,1,76,,,LOC
polaridad,positivo,Azteca,1,1,76,,,LOC
polaridad,positivo,Buena comida y mucha diversión 😊,1,1,76,,,MISC
polaridad,positivo,Burrito Bowl Quesadillas,1,1,76,,,ORG
polaridad,positivo,Celebrando nuestra luna de miel,1,1,76,,,MISC
polaridad,positivo,Cobs Air Fryer Street Corn Jalapeno Cheetos Street Corn #vegetarian #streetcorn,1,1,76,,,MISC
polaridad,positivo,Comenté,1,1,76,,,MISC
polaridad,positivo,Como iba con niños,1,1,76,,,MISC
polaridad,positivo,Covid,1,1,76,,,LOC
polaridad,positivo,Creo que las chicas,1,1,76,,,MISC
polaridad,positivo,Creo que podré ajustar el desfase horario si duermo en el avión ¡La tercera vez que veo la,1,1,76,,,MISC
polaridad,positivo,Cómodo ✨! ¡Lo continuaré incluso,1,1,76,,,MISC
polaridad,positivo,Dallas,1,1,76,,,LOC
polaridad,positivo,Darke,1,1,76,,,PER
polaridad,positivo,Definitivamente regresaré a la,1,1,76,,,MISC
polaridad,positivo,Drippy Dip,1,1,76,,,PER
polaridad,positivo,Duermo,1,1,76,,,LOC
polaridad,positivo,El asiento que conseguí en threds,1,1,76,,,MISC
polaridad,positivo,El dinero,1,1,76,,,MISC
polaridad,positivo,El mundo es redondo,1,1,76,,,MISC
polaridad,positivo,El mundo…,1,1,76,,,MISC
polaridad,positivo,El nivel de peligro del Ministerio de Asuntos Exteriores,1,1,76,,,MISC
polaridad,positivo,Enchiladas de,1,1,76,,,MISC
polaridad,positivo,Ese paseo en bote,1,1,76,,,MISC
polaridad,positivo,Este lugar nos está mimando,1,1,76,,,MISC
polaridad,positivo,Estoy emocionada~ ✊✊,1,1,76,,,MISC
polaridad,positivo,FIFA,1,1,76,,,MX_TORNEO
polaridad,positivo,Fan Fest,1,1,76,,,MISC
polaridad,positivo,Frijol Refrito,1,1,76,,,MISC
polaridad,positivo,Good Boy,1,1,76,,,MISC
polaridad,positivo,Gringo,1,1,76,,,MISC
polaridad,positivo,Guadalajara,1,1,76,,,MX_CIUDAD_SEDE
polaridad,positivo,Guatemala,1,1,76,,,LOC
polaridad,positivo,Has sido maravillosa,1,1,76,,,MISC
polaridad,positivo,Hasta ahora,1,1,76,,,MISC
polaridad,positivo,Hasta la próxima 🇺🇸,1,1,76,,,MISC
polaridad,positivo,Hot Cheetos Elotes Queso,1,1,76,,,MISC
polaridad,positivo,Jalapeño Cacerola de Tortilla de Taco,1,1,76,,,LOC
polaridad,positivo,Joder,1,1,76,,,MISC
polaridad,positivo,La Ciudad,1,1,76,,,LOC
polaridad,positivo,La cantina de hoy en la,1,1,76,,,MISC
polaridad,positivo,La extrañaré,1,1,76,,,LOC
polaridad,positivo,La gente,1,1,76,,,MISC
polaridad,positivo,Lo cual es genial,1,1,76,,,MISC
polaridad,positivo,Lo pospuse,1,1,76,,,MISC
polaridad,positivo,Los,1,1,76,,,MISC
polaridad,positivo,Maldita sea,1,1,76,,,MISC
polaridad,positivo,Mangos,1,1,76,,,PER
polaridad,positivo,Me quemé,1,1,76,,,MISC
polaridad,positivo,MexicoCity #Tacos,1,1,76,,,MISC
polaridad,positivo,Minjeongie,1,1,76,,,PER
polaridad,positivo,Muchísimas,1,1,76,,,LOC
polaridad,positivo,Nadé,1,1,76,,,LOC
polaridad,positivo,No puedo esperar a hincarle el diente,1,1,76,,,MISC
polaridad,positivo,No tenía ni idea de que,1,1,76,,,MISC
polaridad,positivo,OK 🙆,1,1,76,,,MISC
polaridad,positivo,Obtén,1,1,76,,,MISC
polaridad,positivo,Ohhhhhhhh Tequila,1,1,76,,,LOC
polaridad,positivo,Palacio Bellas Artes,1,1,76,,,LOC
polaridad,positivo,Paseo,1,1,76,,,PER
polaridad,positivo,Playa,1,1,76,,,LOC
polaridad,positivo,Portugal,1,1,76,,,LOC
polaridad,positivo,Praga,1,1,76,,,LOC
polaridad,positivo,Puerto Morelos,1,1,76,,,LOC
polaridad,positivo,Que llegue,1,1,76,,,MISC
polaridad,positivo,Quiero,1,1,76,,,MISC
polaridad,positivo,Qué ambiente,1,1,76,,,MISC
polaridad,positivo,San Francisco 🍺 Disfrutando de,1,1,76,,,LOC
polaridad,positivo,San Miguel de Allende,1,1,76,,,MX_DESTINO
polaridad,positivo,Seguir,1,1,76,,,ORG
polaridad,positivo,Sin embargo,1,1,76,,,MISC
polaridad,positivo,Solo reservamos el vuelo,1,1,76,,,MISC
polaridad,positivo,Sudáfrica,1,1,76,,,LOC
polaridad,positivo,TC,1,1,76,,,ORG
polaridad,positivo,Te amo también ♾️,1,1,76,,,MISC
polaridad,positivo,The Azteca,1,1,76,,,ORG
polaridad,positivo,Todavía no estoy seguro de cómo,1,1,76,,,MISC
polaridad,positivo,Todos han sido tan acogedores y amables,1,1,76,,,MISC
polaridad,positivo,Toronto,1,1,76,,,LOC
polaridad,positivo,Tranmere,1,1,76,,,PER
polaridad,positivo,Tsunsan,1,1,76,,,LOC
polaridad,positivo,Tuve,1,1,76,,,PER
polaridad,positivo,Uber,1,1,76,,,PER
polaridad,positivo,Ugh,1,1,76,,,MISC
polaridad,positivo,Un viaje de toda la vida y recuerdos,1,1,76,,,MISC
polaridad,positivo,Vamos Japón! 🇯🇵 ¡Viva,1,1,76,,,MISC
polaridad,positivo,Ve al blog! #vegetarian #recipe #quesadillas,1,1,76,,,MISC
polaridad,positivo,Veré,1,1,76,,,MISC
polaridad,positivo,VivaMexico,1,1,76,,,MISC
polaridad,positivo,VivaMéxico,1,1,76,,,MISC
polaridad,positivo,Yonna,1,1,76,,,LOC
polaridad,positivo,aeropuerto de,1,1,76,,,LOC
polaridad,positivo,el Azteca,1,1,76,,,LOC
polaridad,positivo,jaja,1,1,76,,,MISC
polaridad,positivo,mar de,1,1,76,,,LOC
polaridad,positivo,tbt Hagamos,1,1,76,,,PER
polaridad,positivo,wow,1,1,76,,,MISC
polaridad,positivo,😂 Grandes,1,1,76,,,PER
polaridad,sin_polaridad,Cancún,1,1,4,,,MX_DESTINO
polaridad,sin_polaridad,La neutralización del enemigo,1,1,4,,,MISC
polaridad,sin_polaridad,La próxima vez,1,1,4,,,MISC
polaridad,sin_polaridad,"Lo siento, pequeño",1,1,4,,,MISC
polaridad,sin_polaridad,Lotta,1,1,4,,,PER
polaridad,sin_polaridad,Ni siquiera puedo sacar los M&M's,1,1,4,,,MISC
polaridad,sin_polaridad,Zeb,1,1,4,,,MISC
total,corpus,México,94,83,2631,,,MX_PAIS
total,corpus,Mundial 2026,58,56,2631,,,MX_TORNEO
total,corpus,mexicanos,34,31,2631,,,MX_PAIS
total,corpus,Monterrey,29,27,2631,,,MX_CIUDAD_SEDE
total,corpus,Ciudad de México,26,23,2631,,,MX_CIUDAD_SEDE
total,corpus,Inglaterra,26,23,2631,,,LOC
total,corpus,Japón,22,17,2631,,,LOC
total,corpus,yonna,20,20,2631,,,PER
total,corpus,Tengo,18,16,2631,,,MISC
total,corpus,Yonna,18,17,2631,,,PER
total,corpus,IA,17,15,2631,,,MISC
total,corpus,Cancún,15,15,2631,,,MX_DESTINO
total,corpus,América,13,12,2631,,,LOC
total,corpus,Dios,13,11,2631,,,MISC
total,corpus,Nueva York,13,13,2631,,,LOC
total,corpus,Ahora,11,11,2631,,,MISC
total,corpus,Austin,11,10,2631,,,LOC
total,corpus,España,11,10,2631,,,LOC
total,corpus,Minnesota,11,10,2631,,,LOC
total,corpus,Pensé,11,11,2631,,,PER
total,corpus,Tranmere,11,10,2631,,,PER
total,corpus,Comisión,10,8,2631,,,ORG
total,corpus,Cómo,10,10,2631,,,MISC
total,corpus,Dallas,10,10,2631,,,LOC
total,corpus,EE. UU,10,10,2631,,,LOC
total,corpus,Tulum,10,10,2631,,,MX_DESTINO
total,corpus,Amazon,9,9,2631,,,MISC
total,corpus,Joder,9,9,2631,,,MISC
total,corpus,FIFA,8,8,2631,,,MX_TORNEO
total,corpus,Hermano,8,8,2631,,,PER
total,corpus,Increíble,8,8,2631,,,ORG
total,corpus,Me,8,8,2631,,,MISC
total,corpus,Qatar,8,8,2631,,,LOC
total,corpus,Toronto,8,8,2631,,,LOC
total,corpus,Túnez,8,8,2631,,,LOC
total,corpus,Alguien,7,7,2631,,,MISC
total,corpus,Cristo,7,7,2631,,,PER
total,corpus,Lotta-chan,7,4,2631,,,MISC
total,corpus,Vi,7,7,2631,,,MISC
total,corpus,cártel,7,6,2631,,,MX_CRIMEN_ORGANIZADO
total,corpus,Argentina,6,6,2631,,,LOC
total,corpus,Atlanta,6,5,2631,,,LOC
total,corpus,Espero,6,6,2631,,,MISC
total,corpus,Francia,6,6,2631,,,LOC
total,corpus,Israel,6,6,2631,,,LOC
total,corpus,LIMPIEZA COMERCIAL,6,6,2631,,,MISC
total,corpus,Lotta,6,4,2631,,,PER
total,corpus,Outlaws,6,6,2631,,,MISC
total,corpus,Quiero,6,6,2631,,,MISC
total,corpus,Tuchel,6,6,2631,,,PER
total,corpus,Él,6,6,2631,,,PER
total,corpus,Apple,5,5,2631,,,ORG
total,corpus,Bellmare,5,5,2631,,,LOC
total,corpus,Brasil,5,5,2631,,,LOC
total,corpus,Cabo,5,5,2631,,,LOC
total,corpus,Fujisawa,5,4,2631,,,LOC
total,corpus,Guu-chan,5,4,2631,,,PER
total,corpus,Irlanda,5,5,2631,,,LOC
total,corpus,Los Ángeles,5,5,2631,,,LOC
total,corpus,Marruecos,5,5,2631,,,LOC
total,corpus,Messi,5,5,2631,,,PER
total,corpus,Reservé,5,5,2631,,,LOC
total,corpus,SF,5,5,2631,,,ORG
total,corpus,Spotify,5,5,2631,,,ORG
total,corpus,Sándwiches,5,3,2631,,,PER
total,corpus,iHeart,5,5,2631,,,MISC
total,corpus,Amber,4,4,2631,,,PER
total,corpus,COVID,4,4,2631,,,ORG
total,corpus,Clarke,4,4,2631,,,PER
total,corpus,Diego Luna,4,2,2631,,,PER
total,corpus,Elon,4,4,2631,,,PER
total,corpus,Episodio,4,4,2631,,,MISC
total,corpus,Escocia,4,4,2631,,,LOC
total,corpus,Escucha,4,4,2631,,,LOC
total,corpus,Estados Unidos,4,4,2631,,,LOC
total,corpus,Europa,4,4,2631,,,LOC
total,corpus,Evangelio,4,4,2631,,,MISC
total,corpus,FA,4,4,2631,,,ORG
total,corpus,HICE EL SITIO,4,4,2631,,,MISC
total,corpus,Hamburguesas,4,4,2631,,,LOC
total,corpus,Houston,4,4,2631,,,LOC
total,corpus,Ince,4,4,2631,,,PER
total,corpus,Love Island,4,3,2631,,,MISC
total,corpus,NGHTMRE,4,4,2631,,,ORG
total,corpus,Newport,4,2,2631,,,LOC
total,corpus,Oye,4,4,2631,,,MISC
total,corpus,Pablo,4,4,2631,,,PER
total,corpus,París,4,4,2631,,,LOC
total,corpus,Pude,4,4,2631,,,PER
total,corpus,República de Weimar,4,4,2631,,,ORG
total,corpus,Retrocodex,4,4,2631,,,PER
total,corpus,SLANDER,4,4,2631,,,ORG
total,corpus,Shonan,4,3,2631,,,LOC
total,corpus,Sándwich,4,3,2631,,,LOC
total,corpus,Teotihuacán,4,4,2631,,,MX_DESTINO
total,corpus,Texas,4,4,2631,,,LOC
total,corpus,Tramlines,4,3,2631,,,ORG
total,corpus,el Reino Unido,4,4,2631,,,LOC
total,corpus,reels,4,4,2631,,,MISC
total,corpus,Adventistas del Séptimo Día,3,3,2631,,,ORG
total,corpus,Airbnb,3,3,2631,,,ORG
total,corpus,American Airlines,3,3,2631,,,ORG
total,corpus,BBC,3,3,2631,,,ORG
total,corpus,Bali,3,3,2631,,,LOC
total,corpus,Bellingham,3,3,2631,,,PER
total,corpus,CRÁTER,3,3,2631,,,ORG
total,corpus,California,3,3,2631,,,LOC
total,corpus,Canadá,3,3,2631,,,LOC
total,corpus,Chad,3,3,2631,,,LOC
total,corpus,Championship,3,3,2631,,,ORG
total,corpus,Chicago,3,3,2631,,,LOC
total,corpus,Chicos,3,3,2631,,,LOC
total,corpus,Deberías,3,3,2631,,,PER
total,corpus,East Austin,3,2,2631,,,LOC
total,corpus,Estoy,3,3,2631,,,MISC
total,corpus,Foo Fighters,3,3,2631,,,ORG
total,corpus,Freddy,3,3,2631,,,PER
total,corpus,Hacer,3,3,2631,,,MISC
total,corpus,Hollywood,3,3,2631,,,LOC
total,corpus,Hombre,3,3,2631,,,MISC
total,corpus,Huevos,3,3,2631,,,MISC
total,corpus,Instagram,3,3,2631,,,MISC
total,corpus,Jabba-sama,3,2,2631,,,MISC
total,corpus,Jeremy Boreing,3,3,2631,,,PER
total,corpus,Jesús,3,3,2631,,,PER
total,corpus,Judá,3,2,2631,,,LOC
total,corpus,Kane,3,3,2631,,,PER
total,corpus,Kenneh,3,3,2631,,,PER
total,corpus,Las Vegas,3,3,2631,,,LOC
total,corpus,Literalmente,3,3,2631,,,PER
total,corpus,MRVL,3,2,2631,,,MISC
total,corpus,Mando-san,3,3,2631,,,PER
total,corpus,NY,3,3,2631,,,LOC
total,corpus,NYC,3,3,2631,,,LOC
total,corpus,Nah,3,3,2631,,,MISC
total,corpus,Necesitamos,3,3,2631,,,MISC
total,corpus,Norteamérica,3,2,2631,,,LOC
total,corpus,Oaxaca,3,3,2631,,,MX_DESTINO
total,corpus,Pan,3,2,2631,,,PER
total,corpus,Pep,3,3,2631,,,PER
total,corpus,Playa del Carmen,3,3,2631,,,MX_DESTINO
total,corpus,PopUp Bagels,3,2,2631,,,LOC
total,corpus,Portugal,3,3,2631,,,LOC
total,corpus,Puerto Vallarta,3,2,2631,,,MX_DESTINO
total,corpus,Qué,3,3,2631,,,MISC
total,corpus,Reino Unido,3,3,2631,,,LOC
total,corpus,Sigue,3,3,2631,,,MISC
total,corpus,Sin embargo,3,3,2631,,,MISC
total,corpus,Starbucks,3,3,2631,,,ORG
total,corpus,Sudáfrica,3,3,2631,,,LOC
total,corpus,Suscríbete Ahora,3,3,2631,,,LOC
total,corpus,TODOS,3,3,2631,,,MISC
total,corpus,TOMA DE CONTROL DEL,3,3,2631,,,MISC
total,corpus,Taco Bell,3,2,2631,,,PER
total,corpus,The Mandalorian,3,3,2631,,,MISC
total,corpus,TikTok,3,3,2631,,,MISC
total,corpus,Tokio,3,3,2631,,,LOC
total,corpus,Tom Ince,3,3,2631,,,PER
total,corpus,Tostadas,3,3,2631,,,MISC
total,corpus,Trump,3,3,2631,,,PER
total,corpus,Twitch,3,3,2631,,,ORG
total,corpus,Túnez 🇹,3,3,2631,,,ORG
total,corpus,USA,3,3,2631,,,LOC
total,corpus,Uber,3,3,2631,,,MISC
total,corpus,Ugh,3,3,2631,,,MISC
total,corpus,Ve al blog,3,3,2631,,,MISC
total,corpus,Visita,3,3,2631,,,LOC
total,corpus,Waymo,3,2,2631,,,ORG
total,corpus,aeropuerto de,3,3,2631,,,LOC
total,corpus,bueno,3,3,2631,,,MISC
total,corpus,4DX,2,2,2631,,,MISC
total,corpus,AHORA,2,2,2631,,,MISC
total,corpus,Adivinas dónde,2,2,2631,,,MISC
total,corpus,Agustín,2,1,2631,,,PER
total,corpus,Ah,2,2,2631,,,MISC
total,corpus,Apple TV,2,2,2631,,,MISC
total,corpus,Argies,2,2,2631,,,MISC
total,corpus,Aristóteles,2,2,2631,,,PER
total,corpus,Azteca,2,2,2631,,,LOC
total,corpus,Banco de Japón,2,1,2631,,,ORG
total,corpus,Beno,2,2,2631,,,PER
total,corpus,Bien hecho,2,2,2631,,,MISC
total,corpus,Bismarck,2,1,2631,,,PER
total,corpus,Bueno,2,2,2631,,,PER
total,corpus,Buenos días,2,2,2631,,,MISC
total,corpus,Burritos,2,2,2631,,,LOC
total,corpus,C U,2,1,2631,,,MISC
total,corpus,CN,2,2,2631,,,ORG
total,corpus,COMUNAL,2,2,2631,,,MISC
total,corpus,CRT,2,2,2631,,,MISC
total,corpus,Cabo Verde,2,2,2631,,,LOC
total,corpus,Camarera,2,1,2631,,,LOC
total,corpus,Caprese,2,1,2631,,,PER
total,corpus,Charlotte!! No,2,2,2631,,,MISC
total,corpus,Chemicals VIP Muy,2,2,2631,,,MISC
total,corpus,Chica,2,2,2631,,,LOC
total,corpus,Chiikawa,2,1,2631,,,LOC
total,corpus,Clase,2,2,2631,,,MISC
total,corpus,Columbus,2,2,2631,,,LOC
total,corpus,Congo,2,2,2631,,,LOC
total,corpus,Copa de la Liga,2,1,2631,,,MISC
total,corpus,Correcto,2,2,2631,,,MISC
total,corpus,Corriendo,2,2,2631,,,MISC
total,corpus,Corro,2,1,2631,,,PER
total,corpus,Covid,2,2,2631,,,LOC
total,corpus,Crawley,2,2,2631,,,PER
total,corpus,Crostini,2,2,2631,,,PER
total,corpus,DDLC,2,1,2631,,,ORG
total,corpus,DFW,2,2,2631,,,LOC
total,corpus,Daily Wire,2,2,2631,,,ORG
total,corpus,Dan,2,2,2631,,,PER
total,corpus,Dank,2,2,2631,,,PER
total,corpus,David Horowitz,2,2,2631,,,PER
total,corpus,Davies,2,2,2631,,,PER
total,corpus,De camino a pasar tiempo con mi familia por las fiestas,2,2,2631,,,MISC
total,corpus,Debbie,2,2,2631,,,PER
total,corpus,Demasiado,2,2,2631,,,MISC
total,corpus,Dembélé,2,2,2631,,,PER
total,corpus,Din,2,1,2631,,,MISC
total,corpus,Din-san,2,2,2631,,,LOC
total,corpus,Dios mío,2,2,2631,,,MISC
total,corpus,Disney,2,2,2631,,,ORG
total,corpus,Disney California,2,2,2631,,,ORG
total,corpus,Diviértete,2,2,2631,,,MISC
total,corpus,Dorset,2,2,2631,,,LOC
total,corpus,DÉCADA,2,2,2631,,,MISC
total,corpus,EE,2,1,2631,,,LOC
total,corpus,EE.UU,2,1,2631,,,LOC
total,corpus,El Azteca,2,2,2631,,,LOC
total,corpus,El enfoque,2,2,2631,,,MISC
total,corpus,Ellen G. White,2,2,2631,,,PER
total,corpus,Ellen White,2,2,2631,,,PER
total,corpus,England Travel Club,2,2,2631,,,ORG
total,corpus,Ep4,2,1,2631,,,LOC
total,corpus,Este,2,2,2631,,,LOC
total,corpus,Eurocopa,2,2,2631,,,MISC
total,corpus,FREE FT,2,2,2631,,,MISC
total,corpus,FREE Ya,2,2,2631,,,MISC
total,corpus,Farris Wilks,2,2,2631,,,PER
total,corpus,Fat Boy Slim,2,2,2631,,,MISC
total,corpus,Feliz Cuatro de Julio,2,2,2631,,,MISC
total,corpus,From,2,2,2631,,,MISC
total,corpus,Fuzzy Tauntaun,2,1,2631,,,ORG
total,corpus,Georgia,2,2,2631,,,LOC
total,corpus,Goo-chan,2,1,2631,,,MISC
total,corpus,Google,2,2,2631,,,ORG
total,corpus,Goyslop Barbie,2,2,2631,,,PER
total,corpus,Guadalajara,2,2,2631,,,MX_CIUDAD_SEDE
total,corpus,HICIMOS,2,2,2631,,,ORG
total,corpus,Haaland,2,1,2631,,,LOC
total,corpus,Haneda,2,2,2631,,,LOC
total,corpus,Haz,2,2,2631,,,LOC
total,corpus,ITV,2,2,2631,,,ORG
total,corpus,Ironside,2,2,2631,,,PER
total,corpus,Irán,2,2,2631,,,LOC
total,corpus,JA,2,2,2631,,,MISC
total,corpus,Jaja,2,2,2631,,,MISC
total,corpus,Jason,2,2,2631,,,PER
total,corpus,Java,2,2,2631,,,MISC
total,corpus,Jedi Mind Trick,2,1,2631,,,MISC
total,corpus,Jensen,2,2,2631,,,PER
total,corpus,Jimmy,2,1,2631,,,PER
total,corpus,Joel Berry,2,2,2631,,,PER
total,corpus,Joseph Smith,2,2,2631,,,PER
total,corpus,Julio,2,2,2631,,,PER
total,corpus,KOMPANY Out next Wednesday 4/1,2,2,2631,,,MISC
total,corpus,Kamakura,2,2,2631,,,LOC
total,corpus,Kelly,2,2,2631,,,PER
total,corpus,Kriff,2,2,2631,,,LOC
total,corpus,La Ciudad de Dios,2,2,2631,,,LOC
total,corpus,La Odisea,2,2,2631,,,MISC
total,corpus,La ciudad,2,2,2631,,,MISC
total,corpus,La gente que no,2,1,2631,,,MISC
total,corpus,Libro 19 Cap,2,2,2631,,,MISC
total,corpus,"Lo que no ves: las 3,300 acres del lago Buckeye",2,2,2631,,,MISC
total,corpus,Los hechos,2,2,2631,,,MISC
total,corpus,Los jugadores,2,2,2631,,,MISC
total,corpus,MENTALMENTE,2,2,2631,,,MISC
total,corpus,MINDFULL,2,2,2631,,,ORG
total,corpus,MINDFULL DELUXE,2,2,2631,,,MISC
total,corpus,MINDFULL 🧠 CHICAGO,2,2,2631,,,LOC
total,corpus,Manila,2,1,2631,,,LOC
total,corpus,Marvell,2,1,2631,,,PER
total,corpus,McDonald's,2,2,2631,,,ORG
total,corpus,Mindful Real Estate Partners,2,2,2631,,,MISC
total,corpus,Moisés,2,2,2631,,,PER
total,corpus,Mucha gente,2,2,2631,,,MISC
total,corpus,Mucho,2,2,2631,,,MISC
total,corpus,Más,2,2,2631,,,ORG
total,corpus,ND-kun,2,2,2631,,,MISC
total,corpus,NGHTMRE Ya,2,2,2631,,,ORG
total,corpus,NUEVA,2,2,2631,,,MISC
total,corpus,NUEVA ZELANDA🇳🇿❤,2,2,2631,,,LOC
total,corpus,NVIDIA,2,2,2631,,,ORG
total,corpus,Nadie,2,2,2631,,,MISC
total,corpus,Nathan Smith,2,2,2631,,,PER
total,corpus,Necesito,2,2,2631,,,MISC
total,corpus,No Una Democracia,2,2,2631,,,ORG
total,corpus,No sé,2,2,2631,,,MISC
total,corpus,Ohio,2,2,2631,,,LOC
total,corpus,Oklahoma,2,2,2631,,,LOC
total,corpus,Okoro,2,2,2631,,,PER
total,corpus,PARA CELEBRAR,2,2,2631,,,MISC
total,corpus,PC,2,1,2631,,,MISC
total,corpus,PFA,2,2,2631,,,ORG
total,corpus,Palios,2,2,2631,,,MISC
total,corpus,Papá,2,2,2631,,,PER
total,corpus,Partiful,2,2,2631,,,MISC
total,corpus,Patatas,2,2,2631,,,MISC
total,corpus,Paul,2,2,2631,,,PER
total,corpus,Platón,2,2,2631,,,PER
total,corpus,Por,2,2,2631,,,MISC
total,corpus,Praga,2,2,2631,,,LOC
total,corpus,R2K,2,2,2631,,,MISC
total,corpus,RETwit,2,2,2631,,,MISC
total,corpus,Ramova Theatre 🎟,2,2,2631,,,MISC
total,corpus,Reconquista,2,2,2631,,,MISC
total,corpus,Rey,2,1,2631,,,PER
total,corpus,Rusia,2,2,2631,,,LOC
total,corpus,SCREEN TIME,2,2,2631,,,ORG
total,corpus,STFU,2,2,2631,,,MISC
total,corpus,SW,2,2,2631,,,MISC
total,corpus,San Miguel de Allende,2,2,2631,,,MX_DESTINO
total,corpus,Sandía,2,2,2631,,,LOC
total,corpus,Satanás,2,2,2631,,,PER
total,corpus,Screen Time 2,2,2,2631,,,MISC
total,corpus,Seguro,2,2,2631,,,MISC
total,corpus,Seventh Day Yahweh,2,2,2631,,,MISC
total,corpus,Shakers,2,2,2631,,,ORG
total,corpus,Shonan Bellmare,2,2,2631,,,LOC
total,corpus,Simulación,2,1,2631,,,ORG
total,corpus,Solo,2,2,2631,,,PER
total,corpus,Solía,2,2,2631,,,PER
total,corpus,Son de la iglesia,2,2,2631,,,MISC
total,corpus,Sr. Trump,2,2,2631,,,PER
total,corpus,St,2,1,2631,,,LOC
total,corpus,Suiza,2,2,2631,,,LOC
total,corpus,TANTO,2,2,2631,,,PER
total,corpus,TRAEMOS,2,2,2631,,,PER
total,corpus,Thank you,2,2,2631,,,MISC
total,corpus,Thornville,2,2,2631,,,LOC
total,corpus,Tienes,2,2,2631,,,ORG
total,corpus,Times Square,2,2,2631,,,ORG
total,corpus,Toniray,2,1,2631,,,LOC
total,corpus,TruthRevolt,2,2,2631,,,LOC
total,corpus,Twitter,2,2,2631,,,MISC
total,corpus,Tío,2,2,2631,,,PER
total,corpus,UX,2,2,2631,,,MISC
total,corpus,Un par de shows increíbles,2,2,2631,,,MISC
total,corpus,Una República,2,2,2631,,,ORG
total,corpus,Up Top VIP 3,2,2,2631,,,MISC
total,corpus,Urawa,2,1,2631,,,ORG
total,corpus,VERDADERAMENTE LEGENDARIA A RAMPAGE,2,2,2631,,,MISC
total,corpus,Vamos Inglaterra 🏴,2,2,2631,,,MISC
total,corpus,Vamos Inglaterra! 🏴󠁧󠁢󠁥󠁮󠁧󠁿,2,2,2631,,,MISC
total,corpus,Vender,2,1,2631,,,MISC
total,corpus,Veré,2,2,2631,,,MISC
total,corpus,Vine,2,2,2631,,,LOC
total,corpus,Voy,2,2,2631,,,ORG
total,corpus,YES,2,2,2631,,,ORG
total,corpus,Yay,2,2,2631,,,PER
total,corpus,Yeshua,2,2,2631,,,MISC
total,corpus,Yokohama,2,2,2631,,,LOC
total,corpus,York,2,2,2631,,,LOC
total,corpus,ZOHARA,2,2,2631,,,MISC
total,corpus,Zeb,2,2,2631,,,MISC
total,corpus,Zohara,2,2,2631,,,MISC
total,corpus,chud,2,2,2631,,,PER
total,corpus,collab,2,2,2631,,,MISC
total,corpus,descontrolarte,2,2,2631,,,LOC
total,corpus,dhalila,2,2,2631,,,PER
total,corpus,eSIM,2,1,2631,,,MISC
total,corpus,el Azteca,2,2,2631,,,LOC
total,corpus,homies 3,2,2,2631,,,LOC
total,corpus,iPad,2,1,2631,,,MISC
total,corpus,jaja,2,2,2631,,,MISC
total,corpus,jason,2,2,2631,,,PER
total,corpus,jeje,2,2,2631,,,MISC
total,corpus,khan,2,2,2631,,,LOC
total,corpus,lizzie,2,2,2631,,,PER
total,corpus,primera !! Qué fin de semana,2,2,2631,,,MISC
total,corpus,stickman,2,2,2631,,,PER
total,corpus,vacation,2,2,2631,,,ORG
total,corpus,youtube,2,2,2631,,,MISC
total,corpus,~Agustín,2,2,2631,,,LOC
total,corpus,❤️ Este,2,2,2631,,,LOC
total,corpus,🤍 Ya,2,2,2631,,,PER
total,corpus,600k!!! Vamos,1,1,2631,,,MISC
total,corpus,7:00 Salida,1,1,2631,,,LOC
total,corpus,<3 Desayuno - Sapo,1,1,2631,,,MISC
total,corpus,@ x Espero,1,1,2631,,,MISC
total,corpus,A ESTA HORA,1,1,2631,,,MISC
total,corpus,A Lotta,1,1,2631,,,MISC
total,corpus,A diferencia de otras,1,1,2631,,,MISC
total,corpus,A día de hoy,1,1,2631,,,MISC
total,corpus,A los Predators,1,1,2631,,,MISC
total,corpus,A media voz me gusta,1,1,2631,,,MISC
total,corpus,A mí también me cuesta,1,1,2631,,,MISC
total,corpus,A veces,1,1,2631,,,MISC
total,corpus,A veces me levanto tarde,1,1,2631,,,MISC
total,corpus,A. Yo pienso en las cosas,1,1,2631,,,MISC
total,corpus,AARP,1,1,2631,,,ORG
total,corpus,ABG,1,1,2631,,,LOC
total,corpus,ADELANTE,1,1,2631,,,MISC
total,corpus,AHORA MISMO,1,1,2631,,,MISC
total,corpus,AIFA,1,1,2631,,,MISC
total,corpus,ALEATORIA,1,1,2631,,,MISC
total,corpus,ALGO DE RESPETO A,1,1,2631,,,LOC
total,corpus,ANTIFA,1,1,2631,,,MISC
total,corpus,ARRANQUEN,1,1,2631,,,ORG
total,corpus,ARRIBA,1,1,2631,,,LOC
total,corpus,Aaaah,1,1,2631,,,LOC
total,corpus,Aaron Franklin,1,1,2631,,,PER
total,corpus,Absolutamente me encanta ver historias,1,1,2631,,,MISC
total,corpus,Acabo,1,1,2631,,,MISC
total,corpus,Acampando,1,1,2631,,,LOC
total,corpus,Aceptar,1,1,2631,,,MISC
total,corpus,Acumularé,1,1,2631,,,PER
total,corpus,Adictivamente deliciosas,1,1,2631,,,MISC
total,corpus,Adolf Hitler,1,1,2631,,,PER
total,corpus,Adorar,1,1,2631,,,MISC
total,corpus,Aduana,1,1,2631,,,LOC
total,corpus,Age of Entitlement,1,1,2631,,,MISC
total,corpus,Agujero Almuerzo - Sándwiches de Ensalada de Huevo,1,1,2631,,,MISC
total,corpus,Ahora mi novia,1,1,2631,,,MISC
total,corpus,Ahora soy el hombre más rico del mundo,1,1,2631,,,MISC
total,corpus,Ahorraré,1,1,2631,,,LOC
total,corpus,Ai,1,1,2631,,,PER
total,corpus,Akita,1,1,2631,,,LOC
total,corpus,Al final,1,1,2631,,,MISC
total,corpus,Al menos,1,1,2631,,,MISC
total,corpus,Al mismo tiempo,1,1,2631,,,MISC
total,corpus,Al parecer,1,1,2631,,,MISC
total,corpus,Alaba,1,1,2631,,,PER
total,corpus,Alamo,1,1,2631,,,MISC
total,corpus,Aldous Huxley,1,1,2631,,,PER
total,corpus,Alemania,1,1,2631,,,LOC
total,corpus,Alexa Es La Única IA Que Necesito… Dale Me Gusta,1,1,2631,,,MISC
total,corpus,Algo,1,1,2631,,,PER
total,corpus,Alguien adivina la Playa del Reino Unido,1,1,2631,,,MISC
total,corpus,Alguien sabe dónde las venden,1,1,2631,,,MISC
total,corpus,Algunos clubes 😂,1,1,2631,,,MISC
total,corpus,Algún día el fútbol,1,1,2631,,,MISC
total,corpus,Alinamin,1,1,2631,,,MISC
total,corpus,Allá vamos,1,1,2631,,,MISC
total,corpus,Almohada para el cuello de la mamá un poco de maquillaje de la mamá,1,1,2631,,,MISC
total,corpus,Amanecer en NY,1,1,2631,,,MISC
total,corpus,Ambro! No,1,1,2631,,,MISC
total,corpus,American,1,1,2631,,,ORG
total,corpus,Amigos,1,1,2631,,,MISC
total,corpus,Amos,1,1,2631,,,PER
total,corpus,Ancianos Sombra,1,1,2631,,,MISC
total,corpus,Andre Ayew,1,1,2631,,,PER
total,corpus,Anfield,1,1,2631,,,LOC
total,corpus,Angry Birds,1,1,2631,,,MISC
total,corpus,Ann Lee,1,1,2631,,,PER
total,corpus,Anoche,1,1,2631,,,PER
total,corpus,Anthony Barry,1,1,2631,,,PER
total,corpus,Anthony Joshua,1,1,2631,,,PER
total,corpus,Antiguo Testamento,1,1,2631,,,MISC
total,corpus,Aoi,1,1,2631,,,MISC
total,corpus,Apaga tu cerebro,1,1,2631,,,MISC
total,corpus,Aplicaciones,1,1,2631,,,MISC
total,corpus,Apollo,1,1,2631,,,MISC
total,corpus,Apple Reminders,1,1,2631,,,MISC
total,corpus,April,1,1,2631,,,PER
total,corpus,Apunta más alto,1,1,2631,,,MISC
total,corpus,"Apuntando a diez veces más, ¡vuela alto",1,1,2631,,,MISC
total,corpus,Aquí está la reseña de mi libro,1,1,2631,,,MISC
total,corpus,Arracherra,1,1,2631,,,PER
total,corpus,Arrepentirme,1,1,2631,,,LOC
total,corpus,Arriba Cabo Verde,1,1,2631,,,LOC
total,corpus,Arruinó,1,1,2631,,,PER
total,corpus,Arsenal,1,1,2631,,,ORG
total,corpus,ArteDigital,1,1,2631,,,MISC
total,corpus,Artículo,1,1,2631,,,MISC
total,corpus,Arvina ¡Me,1,1,2631,,,MISC
total,corpus,Asbury,1,1,2631,,,MISC
total,corpus,Asia,1,1,2631,,,LOC
total,corpus,Assault,1,1,2631,,,ORG
total,corpus,Astros Kazuma Okamoto,1,1,2631,,,PER
total,corpus,Astros partido,1,1,2631,,,ORG
total,corpus,Así,1,1,2631,,,MISC
total,corpus,Así es como lo usan muchos fans de,1,1,2631,,,MISC
total,corpus,Así podemos cocinar nosotros mismos,1,1,2631,,,MISC
total,corpus,Aterrador,1,1,2631,,,PER
total,corpus,Aterricé,1,1,2631,,,MISC
total,corpus,Atsunousuke,1,1,2631,,,PER
total,corpus,AutoPilot,1,1,2631,,,MISC
total,corpus,Avengers Doomsday,1,1,2631,,,MISC
total,corpus,Aye ✅,1,1,2631,,,PER
total,corpus,Ayer,1,1,2631,,,PER
total,corpus,Ayúdame! ¿El 1,1,1,2631,,,MISC
total,corpus,Ayúdame! ¿Elige,1,1,2631,,,MISC
total,corpus,AzurLane,1,1,2631,,,MISC
total,corpus,AÚN,1,1,2631,,,PER
total,corpus,Aún así,1,1,2631,,,MISC
total,corpus,BA,1,1,2631,,,MISC
total,corpus,BANG,1,1,2631,,,MISC
total,corpus,BBN,1,1,2631,,,ORG
total,corpus,BBQ PitMaster de True Made Foods,1,1,2631,,,ORG
total,corpus,BBQ Queso,1,1,2631,,,LOC
total,corpus,BBQ Tostadas,1,1,2631,,,ORG
total,corpus,BDE,1,1,2631,,,MISC
total,corpus,BESADME,1,1,2631,,,MISC
total,corpus,BLUD,1,1,2631,,,MISC
total,corpus,BMW,1,1,2631,,,ORG
total,corpus,BOOM,1,1,2631,,,MISC
total,corpus,BORRA,1,1,2631,,,LOC
total,corpus,BRAJPN,1,1,2631,,,MISC
total,corpus,Baal,1,1,2631,,,PER
total,corpus,Baby Club Theater ♡ Como,1,1,2631,,,LOC
total,corpus,Babylon Bee,1,1,2631,,,MISC
total,corpus,Bad Bachi JP,1,1,2631,,,MISC
total,corpus,Bad Bachi! ¡¡¡Muchas gracias SWAG!! 🙇,1,1,2631,,,MISC
total,corpus,Bad Batch,1,1,2631,,,ORG
total,corpus,Bad Bunny,1,1,2631,,,MISC
total,corpus,Badobachi,1,1,2631,,,LOC
total,corpus,Bailes sexys! ¡Gestos! ¡Miradas! ¡Cuerpos,1,1,2631,,,MISC
total,corpus,Bain,1,1,2631,,,PER
total,corpus,Baja Edad Media,1,1,2631,,,MISC
total,corpus,Bandeja Chili Chipotle Tex-Mex,1,1,2631,,,ORG
total,corpus,Bangkok,1,1,2631,,,LOC
total,corpus,BankofAmerica,1,1,2631,,,MISC
total,corpus,Banthacrap,1,1,2631,,,PER
total,corpus,Barco,1,1,2631,,,MISC
total,corpus,Barnet,1,1,2631,,,LOC
total,corpus,Barça,1,1,2631,,,ORG
total,corpus,Bass Pro,1,1,2631,,,MISC
total,corpus,Batido Tropical de Pitaya Batidos Explosión de Mora,1,1,2631,,,PER
total,corpus,Bayern de Múnich,1,1,2631,,,ORG
total,corpus,Beef O’Brady’s,1,1,2631,,,PER
total,corpus,Ben,1,1,2631,,,PER
total,corpus,Ben Amos,1,1,2631,,,PER
total,corpus,Berkeleyism,1,1,2631,,,PER
total,corpus,Beskar,1,1,2631,,,PER
total,corpus,Beth,1,1,2631,,,MISC
total,corpus,Bible Colleges,1,1,2631,,,MISC
total,corpus,Biden,1,1,2631,,,PER
total,corpus,Bien investigado,1,1,2631,,,MISC
total,corpus,Bien jugado para Tuchel,1,1,2631,,,MISC
total,corpus,Big 10,1,1,2631,,,MISC
total,corpus,Biloxi Shuckers,1,1,2631,,,LOC
total,corpus,Biofermin,1,1,2631,,,PER
total,corpus,Bird,1,1,2631,,,MISC
total,corpus,Birkenhead,1,1,2631,,,LOC
total,corpus,Black Friday in July,1,1,2631,,,MISC
total,corpus,Blue Jays,1,1,2631,,,ORG
total,corpus,Blue Samurái 🫐,1,1,2631,,,MISC
total,corpus,Bob,1,1,2631,,,PER
total,corpus,Bock de Texas,1,1,2631,,,PER
total,corpus,Boda,1,1,2631,,,PER
total,corpus,Boda-san,1,1,2631,,,ORG
total,corpus,Bolsa Anteprima 👜 Brillante,1,1,2631,,,ORG
total,corpus,Bolsa de Nueva York,1,1,2631,,,LOC
total,corpus,Bombshell Comisión,1,1,2631,,,ORG
total,corpus,Bon Jovi,1,1,2631,,,ORG
total,corpus,Bonanza,1,1,2631,,,MISC
total,corpus,Boston,1,1,2631,,,LOC
total,corpus,Bouaddi para Marruecos,1,1,2631,,,LOC
total,corpus,Bournemouth,1,1,2631,,,LOC
total,corpus,Boursin,1,1,2631,,,LOC
total,corpus,Boursin Huevos,1,1,2631,,,MISC
total,corpus,Bowls,1,1,2631,,,MISC
total,corpus,Brad Pitt,1,1,2631,,,PER
total,corpus,Brillante,1,1,2631,,,PER
total,corpus,Broc,1,1,2631,,,PER
total,corpus,Brough,1,1,2631,,,PER
total,corpus,Bucatini,1,1,2631,,,PER
total,corpus,Buck Mason,1,1,2631,,,PER
total,corpus,"Buen tiempo, música",1,1,2631,,,MISC
total,corpus,Buena comida y mucha diversión 😊,1,1,2631,,,MISC
total,corpus,Buenos días - ¿Cuál,1,1,2631,,,MISC
total,corpus,Buenos tiempos,1,1,2631,,,LOC
total,corpus,Buffalo Chik'n,1,1,2631,,,PER
total,corpus,Bullshit,1,1,2631,,,MISC
total,corpus,Burn,1,1,2631,,,MISC
total,corpus,Burrata Heirloom Ensalada Horiatiki,1,1,2631,,,PER
total,corpus,Burrata Mini Naans de Heirloom,1,1,2631,,,LOC
total,corpus,Burrata Panzanella,1,1,2631,,,PER
total,corpus,Burrata Pesto,1,1,2631,,,ORG
total,corpus,Burrito BBB,1,1,2631,,,MISC
total,corpus,Burrito Bowl Quesadillas,1,1,2631,,,ORG
total,corpus,Buscando una entrada para el festival Tramlines,1,1,2631,,,MISC
total,corpus,Butcher,1,1,2631,,,PER
total,corpus,Bélgica,1,1,2631,,,LOC
total,corpus,C Ó M O,1,1,2631,,,MISC
total,corpus,CK,1,1,2631,,,MISC
total,corpus,CMO,1,1,2631,,,ORG
total,corpus,CN Tower Toronto,1,1,2631,,,LOC
total,corpus,CNN,1,1,2631,,,ORG
total,corpus,CNN Narrative diario,1,1,2631,,,MISC
total,corpus,COMENTA,1,1,2631,,,ORG
total,corpus,COMO LOS,1,1,2631,,,MISC
total,corpus,COMPARADO,1,1,2631,,,MISC
total,corpus,COMÚNMENTE,1,1,2631,,,MISC
total,corpus,CT,1,1,2631,,,LOC
total,corpus,CUMPLEAÑOS DE,1,1,2631,,,LOC
total,corpus,Cabra Cómoda Comisión,1,1,2631,,,ORG
total,corpus,Cada casa y edificio,1,1,2631,,,MISC
total,corpus,Caesars Sweet & Spicy Mustard Roasted Fingerlings,1,1,2631,,,ORG
total,corpus,Caliente,1,1,2631,,,MISC
total,corpus,Callum,1,1,2631,,,PER
total,corpus,Campbell,1,1,2631,,,PER
total,corpus,Campeonas de Bronce,1,1,2631,,,MISC
total,corpus,Cannes,1,1,2631,,,LOC
total,corpus,Cantina,1,1,2631,,,MISC
total,corpus,Capitana Caitiana,1,1,2631,,,PER
total,corpus,Capitana M'Kello Comisión,1,1,2631,,,PER
total,corpus,Caprese Ensalada,1,1,2631,,,LOC
total,corpus,Caprese de Papa Pesto,1,1,2631,,,LOC
total,corpus,Carabao Cup,1,1,2631,,,LOC
total,corpus,Cargada de verduras,1,1,2631,,,MISC
total,corpus,Carrera,1,1,2631,,,PER
total,corpus,Casa Blanca,1,1,2631,,,LOC
total,corpus,Cassie,1,1,2631,,,PER
total,corpus,Cat 3,1,1,2631,,,MISC
total,corpus,Cat 4,1,1,2631,,,MISC
total,corpus,Cauli Bowls,1,1,2631,,,MISC
total,corpus,Celebrando nuestra luna de miel,1,1,2631,,,MISC
total,corpus,Cenando,1,1,2631,,,PER
total,corpus,Central Park,1,1,2631,,,LOC
total,corpus,Central Park Nueva York,1,1,2631,,,LOC
total,corpus,Centro,1,1,2631,,,LOC
total,corpus,Cerrar,1,1,2631,,,ORG
total,corpus,Cerveza,1,1,2631,,,LOC
total,corpus,Charles Darwin,1,1,2631,,,PER
total,corpus,Charlie Kirk,1,1,2631,,,PER
total,corpus,Charmin,1,1,2631,,,PER
total,corpus,Chattanooga,1,1,2631,,,LOC
total,corpus,Chiba,1,1,2631,,,LOC
total,corpus,Chii... Wa,1,1,2631,,,MISC
total,corpus,Chik'n,1,1,2631,,,LOC
total,corpus,Chik'n Caesar Pan,1,1,2631,,,PER
total,corpus,Chik'n Sammies,1,1,2631,,,PER
total,corpus,Chile,1,1,2631,,,LOC
total,corpus,Chili’s,1,1,2631,,,ORG
total,corpus,Chipotle Queso Bypass,1,1,2631,,,ORG
total,corpus,Chistes para ella,1,1,2631,,,MISC
total,corpus,Chris Jones,1,1,2631,,,PER
total,corpus,Christianity Today… Esa,1,1,2631,,,MISC
total,corpus,Christopher Caldwell,1,1,2631,,,PER
total,corpus,Christopher Nolan,1,1,2631,,,PER
total,corpus,Churchill,1,1,2631,,,PER
total,corpus,Ciabattas,1,1,2631,,,MISC
total,corpus,Cicerón,1,1,2631,,,PER
total,corpus,Cierra la puta boca,1,1,2631,,,MISC
total,corpus,Circuit Riders,1,1,2631,,,ORG
total,corpus,Clase! Arriba los Atlanta Braves,1,1,2631,,,MISC
total,corpus,Claude,1,1,2631,,,PER
total,corpus,Clip Studio Paint,1,1,2631,,,MISC
total,corpus,Cobrar,1,1,2631,,,ORG
total,corpus,Cobs Air Fryer Street Corn Jalapeno Cheetos Street Corn #vegetarian #streetcorn,1,1,2631,,,MISC
total,corpus,Coca-Cola,1,1,2631,,,ORG
total,corpus,Coke,1,1,2631,,,PER
total,corpus,Colgante de casa,1,1,2631,,,MISC
total,corpus,Columbia,1,1,2631,,,LOC
total,corpus,Comenté,1,1,2631,,,MISC
total,corpus,Communist utopias,1,1,2631,,,MISC
total,corpus,Como GP,1,1,2631,,,MISC
total,corpus,Como alguien que ha luchado contra la ansiedad durante años,1,1,2631,,,MISC
total,corpus,Como es selva hay mucha sombra,1,1,2631,,,MISC
total,corpus,Como iba con niños,1,1,2631,,,MISC
total,corpus,Como mi familia,1,1,2631,,,MISC
total,corpus,Como presidente social de los sureños,1,1,2631,,,MISC
total,corpus,Como que encaja con nuestro perfil de jugador,1,1,2631,,,MISC
total,corpus,Como una estrella silenciosa,1,1,2631,,,MISC
total,corpus,Compañeros,1,1,2631,,,ORG
total,corpus,Compra - Chuletas Veganas Supremas Crujientes de Pinto,1,1,2631,,,MISC
total,corpus,Con otros niños,1,1,2631,,,MISC
total,corpus,Concert Square,1,1,2631,,,LOC
total,corpus,Concurso de pasteles Comisión,1,1,2631,,,MISC
total,corpus,Confundir las dos esferas,1,1,2631,,,MISC
total,corpus,Confío en las personas,1,1,2631,,,MISC
total,corpus,Conoces,1,1,2631,,,MISC
total,corpus,Conozco bien la ciudad,1,1,2631,,,MISC
total,corpus,Conseguí,1,1,2631,,,ORG
total,corpus,Conservador,1,1,2631,,,ORG
total,corpus,Considéalo,1,1,2631,,,PER
total,corpus,Constitución de los Estados Unidos,1,1,2631,,,ORG
total,corpus,Construir la casa,1,1,2631,,,MISC
total,corpus,Copa de África,1,1,2631,,,MISC
total,corpus,CopaMundialDeLaFIFA,1,1,2631,,,MISC
total,corpus,Corea,1,1,2631,,,LOC
total,corpus,Corea del Sur,1,1,2631,,,LOC
total,corpus,Cortar,1,1,2631,,,LOC
total,corpus,Corán,1,1,2631,,,MISC
total,corpus,Costa de Marfil,1,1,2631,,,LOC
total,corpus,Cowork,1,1,2631,,,MISC
total,corpus,CrashedStarr,1,1,2631,,,MISC
total,corpus,Crawley y Barnet,1,1,2631,,,MISC
total,corpus,Creación,1,1,2631,,,MISC
total,corpus,Creo que cada desembolso que,1,1,2631,,,MISC
total,corpus,Creo que está bien para este tipo de eventos,1,1,2631,,,MISC
total,corpus,Creo que las chicas,1,1,2631,,,MISC
total,corpus,Creo que mañana me compraré una 40 de OE,1,1,2631,,,MISC
total,corpus,Creo que me estafaron,1,1,2631,,,MISC
total,corpus,Creo que podré ajustar el desfase horario si duermo en el avión ¡La tercera vez que veo la,1,1,2631,,,MISC
total,corpus,Creo que sentí dolor físico real,1,1,2631,,,MISC
total,corpus,Croacia,1,1,2631,,,LOC
total,corpus,Croacia 🇭🇷,1,1,2631,,,LOC
total,corpus,Croatia fans crying,1,1,2631,,,ORG
total,corpus,Crostini de Ricotta Batida Cena,1,1,2631,,,LOC
total,corpus,Crucemos,1,1,2631,,,MISC
total,corpus,Cruzo los dedos,1,1,2631,,,MISC
total,corpus,Cuarta Revolución Industrial,1,1,2631,,,MISC
total,corpus,Cuatro Nippon 🇯🇵,1,1,2631,,,ORG
total,corpus,Cultura de Esfuerzo Tecnológico™,1,1,2631,,,MISC
total,corpus,Cultura del Ambicioso™,1,1,2631,,,MISC
total,corpus,Cultura del Esfuerzo Tecnológico™,1,1,2631,,,MISC
total,corpus,Cultura del Esfuerzo™,1,1,2631,,,ORG
total,corpus,Cultura del Luchador Tecnológico™,1,1,2631,,,MISC
total,corpus,Cultura™,1,1,2631,,,MISC
total,corpus,Cuscús Mediterráneo Ensalada,1,1,2631,,,LOC
total,corpus,Cuties,1,1,2631,,,MISC
total,corpus,Cuál,1,1,2631,,,MISC
total,corpus,Cuál tipo,1,1,2631,,,MISC
total,corpus,Cáceres,1,1,2631,,,LOC
total,corpus,Cálmese,1,1,2631,,,LOC
total,corpus,Cámara de Comercio e Industria,1,1,2631,,,ORG
total,corpus,Cómo demonios,1,1,2631,,,MISC
total,corpus,Cómo estás,1,1,2631,,,MISC
total,corpus,Cómodo ✨! ¡Lo continuaré incluso,1,1,2631,,,MISC
total,corpus,DAZN,1,1,2631,,,ORG
total,corpus,DC,1,1,2631,,,ORG
total,corpus,DE MINDFULL YA,1,1,2631,,,MISC
total,corpus,DEA,1,1,2631,,,ORG
total,corpus,DELICIOSAS,1,1,2631,,,PER
total,corpus,DEMASIADO,1,1,2631,,,MISC
total,corpus,DIVERTIDO,1,1,2631,,,MISC
total,corpus,DNC,1,1,2631,,,ORG
total,corpus,Da,1,1,2631,,,MISC
total,corpus,Dado que está el Sr. Aizawa,1,1,2631,,,MISC
total,corpus,Dai Dai,1,1,2631,,,PER
total,corpus,Dale Partridge,1,1,2631,,,PER
total,corpus,Damn it,1,1,2631,,,MISC
total,corpus,Dan Smoot Report,1,1,2631,,,PER
total,corpus,Dando manotazos y llorando,1,1,2631,,,MISC
total,corpus,Daniel,1,1,2631,,,PER
total,corpus,Danny Murphy,1,1,2631,,,PER
total,corpus,Darke,1,1,2631,,,PER
total,corpus,Darren Rovell,1,1,2631,,,PER
total,corpus,Dartmouth,1,1,2631,,,ORG
total,corpus,Dartmouth College,1,1,2631,,,ORG
total,corpus,Date prisa y sé,1,1,2631,,,MISC
total,corpus,Dave Attell,1,1,2631,,,PER
total,corpus,David Perkins,1,1,2631,,,PER
total,corpus,David Seaman,1,1,2631,,,PER
total,corpus,De arriba a abajo,1,1,2631,,,MISC
total,corpus,De día y de noche,1,1,2631,,,MISC
total,corpus,De todos modos,1,1,2631,,,MISC
total,corpus,De vacaciones en,1,1,2631,,,MISC
total,corpus,De verdad,1,1,2631,,,MISC
total,corpus,De vuelta a Nueva York,1,1,2631,,,MISC
total,corpus,"Debbie ""Deb"" McKenzie ¡La foto",1,1,2631,,,PER
total,corpus,Debe,1,1,2631,,,MISC
total,corpus,Deberían,1,1,2631,,,PER
total,corpus,Debo,1,1,2631,,,PER
total,corpus,Declan Rice,1,1,2631,,,PER
total,corpus,Declaración de Antioquía,1,1,2631,,,MISC
total,corpus,Definitivamente regresaré a la,1,1,2631,,,MISC
total,corpus,Dejad,1,1,2631,,,PER
total,corpus,Dejen,1,1,2631,,,MISC
total,corpus,Del Toro,1,1,2631,,,LOC
total,corpus,Delta Sky Lounge,1,1,2631,,,LOC
total,corpus,Demasiada libertad,1,1,2631,,,MISC
total,corpus,Demasiado bueno,1,1,2631,,,MISC
total,corpus,Deme 100,1,1,2631,,,MISC
total,corpus,Demon Deacon,1,1,2631,,,PER
total,corpus,Demonio,1,1,2631,,,MISC
total,corpus,Depende de ti Inglaterra 🏴,1,1,2631,,,MISC
total,corpus,Derecha,1,1,2631,,,ORG
total,corpus,Derecha Kosher,1,1,2631,,,PER
total,corpus,Derek Vinyard,1,1,2631,,,PER
total,corpus,Derry,1,1,2631,,,LOC
total,corpus,Desayuno Boursin Ensalada de Pasta Griega Tostadas de Stracciatella Veraniegas Ensalada de Patatas de Toda la Vida,1,1,2631,,,MISC
total,corpus,Descarga,1,1,2631,,,MISC
total,corpus,Descente,1,1,2631,,,LOC
total,corpus,Descubrir la línea,1,1,2631,,,MISC
total,corpus,Descubrí,1,1,2631,,,PER
total,corpus,Desnudo Coffee,1,1,2631,,,MISC
total,corpus,Dhalila,1,1,2631,,,PER
total,corpus,Diablo,1,1,2631,,,PER
total,corpus,Diablo Huevos,1,1,2631,,,MISC
total,corpus,Diet Coke,1,1,2631,,,PER
total,corpus,Diet Cokes,1,1,2631,,,ORG
total,corpus,Dije,1,1,2631,,,PER
total,corpus,Dijo que la gente en el bar del resort,1,1,2631,,,MISC
total,corpus,Dill-Icious Smashed Taters Grilled Burritos,1,1,2631,,,PER
total,corpus,Din! ¡¡Quiero ver al joven Din,1,1,2631,,,MISC
total,corpus,Ding,1,1,2631,,,PER
total,corpus,Ding-san,1,1,2631,,,MISC
total,corpus,Dingarin,1,1,2631,,,PER
total,corpus,Dip,1,1,2631,,,PER
total,corpus,Directo,1,1,2631,,,ORG
total,corpus,Dirígete,1,1,2631,,,MISC
total,corpus,Disclosure Day,1,1,2631,,,MISC
total,corpus,Discord,1,1,2631,,,MISC
total,corpus,Discurso,1,1,2631,,,MISC
total,corpus,Discípulos de Cristo,1,1,2631,,,ORG
total,corpus,Disney+,1,1,2631,,,MISC
total,corpus,Disneyland,1,1,2631,,,LOC
total,corpus,Disneyland California,1,1,2631,,,LOC
total,corpus,Disneyland 😼,1,1,2631,,,LOC
total,corpus,Doc Holliday,1,1,2631,,,PER
total,corpus,Dole,1,1,2631,,,PER
total,corpus,Don Julio,1,1,2631,,,PER
total,corpus,Donald,1,1,2631,,,PER
total,corpus,Donald Meij,1,1,2631,,,PER
total,corpus,Doncaster,1,1,2631,,,LOC
total,corpus,Donna,1,1,2631,,,PER
total,corpus,Donovan Adesoro,1,1,2631,,,PER
total,corpus,Dos cosas pueden ser ciertas a la vez,1,1,2631,,,MISC
total,corpus,Dos lotes,1,1,2631,,,MISC
total,corpus,Drake,1,1,2631,,,PER
total,corpus,Drippy Dip,1,1,2631,,,PER
total,corpus,DrippyDip,1,1,2631,,,LOC
total,corpus,Dudo,1,1,2631,,,PER
total,corpus,Duerme bien! ¡Lleva Ryukakusan contigo,1,1,2631,,,MISC
total,corpus,Duermo,1,1,2631,,,LOC
total,corpus,Duolingo,1,1,2631,,,MISC
total,corpus,Dusk,1,1,2631,,,MISC
total,corpus,Dustin,1,1,2631,,,PER
total,corpus,Déjala,1,1,2631,,,MISC
total,corpus,Déjame,1,1,2631,,,MISC
total,corpus,Día 1 de Tramlines,1,1,2631,,,MISC
total,corpus,Dónde están,1,1,2631,,,MISC
total,corpus,EEUU,1,1,2631,,,LOC
total,corpus,EN LÍNEA,1,1,2631,,,MISC
total,corpus,ES EL,1,1,2631,,,LOC
total,corpus,ESAS,1,1,2631,,,PER
total,corpus,ESCLAVO,1,1,2631,,,MISC
total,corpus,ESE ES MI FETICHE,1,1,2631,,,MISC
total,corpus,ESO ES,1,1,2631,,,MISC
total,corpus,ESTADOUNIDENSES,1,1,2631,,,ORG
total,corpus,ESTAMOS,1,1,2631,,,ORG
total,corpus,ESTOY DE VUELTA QUÉ ME PERDÍ,1,1,2631,,,MISC
total,corpus,ESTÁN,1,1,2631,,,MISC
total,corpus,ETIQUETA A TU SAN VALENTÍN,1,1,2631,,,MISC
total,corpus,Earp,1,1,2631,,,PER
total,corpus,Echo,1,1,2631,,,MISC
total,corpus,Ecuador,1,1,2631,,,LOC
total,corpus,Edina,1,1,2631,,,LOC
total,corpus,Educación Cristiana Clásica,1,1,2631,,,LOC
total,corpus,Eh,1,1,2631,,,MISC
total,corpus,Eh? Me,1,1,2631,,,MISC
total,corpus,El,1,1,2631,,,MISC
total,corpus,El 250 cumpleaños de América,1,1,2631,,,MISC
total,corpus,El Bucees,1,1,2631,,,LOC
total,corpus,El Cerro de la Silla,1,1,2631,,,LOC
total,corpus,El Entrenamiento Militar Básico,1,1,2631,,,MISC
total,corpus,El Papa,1,1,2631,,,PER
total,corpus,El ambiente de la ciudad,1,1,2631,,,MISC
total,corpus,El arquitecto cobra,1,1,2631,,,MISC
total,corpus,El asiento que conseguí en threds,1,1,2631,,,MISC
total,corpus,El ateísmo,1,1,2631,,,MISC
total,corpus,El borrador,1,1,2631,,,MISC
total,corpus,El campamento CN nota,1,1,2631,,,MISC
total,corpus,El centro,1,1,2631,,,MISC
total,corpus,El cheque de la próxima semana,1,1,2631,,,MISC
total,corpus,El colchón,1,1,2631,,,MISC
total,corpus,El comercio transahariano de esclavos,1,1,2631,,,MISC
total,corpus,El costo no es un problema,1,1,2631,,,MISC
total,corpus,El costo nominal de pagar a un profesional desde el principio,1,1,2631,,,MISC
total,corpus,El desarrollador A,1,1,2631,,,MISC
total,corpus,El desarrollador B,1,1,2631,,,MISC
total,corpus,El dinero,1,1,2631,,,MISC
total,corpus,El dinero no es un juego de suma cero,1,1,2631,,,MISC
total,corpus,El foco va a Tranmere,1,1,2631,,,MISC
total,corpus,El fútbol ha ganado y el mundo entero también,1,1,2631,,,MISC
total,corpus,El fútbol y el apoyo deberían ser cosas,1,1,2631,,,MISC
total,corpus,El hebreo antiguo,1,1,2631,,,MISC
total,corpus,El ingeniero cobra,1,1,2631,,,MISC
total,corpus,El mañana,1,1,2631,,,MISC
total,corpus,El mercado,1,1,2631,,,MISC
total,corpus,El mercado estaba extremadamente efervescente,1,1,2631,,,MISC
total,corpus,El mundo es amable,1,1,2631,,,MISC
total,corpus,El mundo es redondo,1,1,2631,,,MISC
total,corpus,El mundo…,1,1,2631,,,MISC
total,corpus,"El método de ""lanzarlo",1,1,2631,,,MISC
total,corpus,El mío,1,1,2631,,,MISC
total,corpus,El múltiplo más alto,1,1,2631,,,MISC
total,corpus,El nivel de peligro del Ministerio de Asuntos Exteriores,1,1,2631,,,MISC
total,corpus,El número de veces que me,1,1,2631,,,MISC
total,corpus,El objetivo declarado de mi empresa,1,1,2631,,,MISC
total,corpus,El papel ordenado por Dios de anciano de la Iglesia,1,1,2631,,,MISC
total,corpus,El partido de,1,1,2631,,,MISC
total,corpus,El pietismo enclaustrado,1,1,2631,,,MISC
total,corpus,El poder de los jugadores individuales no,1,1,2631,,,MISC
total,corpus,El presidente Obama,1,1,2631,,,MISC
total,corpus,El prestamista cobra,1,1,2631,,,MISC
total,corpus,El proyecto,1,1,2631,,,MISC
total,corpus,El próximo,1,1,2631,,,MISC
total,corpus,El reemplazo de la podredumbre exterior y los revestimientos,1,1,2631,,,MISC
total,corpus,El sitio,1,1,2631,,,MISC
total,corpus,El suburbio de Texas,1,1,2631,,,MISC
total,corpus,El tasador cobra,1,1,2631,,,MISC
total,corpus,El temblor no es tanto,1,1,2631,,,MISC
total,corpus,El tipo de rendimientos con los que aterrizo en la luna,1,1,2631,,,MISC
total,corpus,El topógrafo cobra,1,1,2631,,,MISC
total,corpus,El trabajo ya está haciendo mella,1,1,2631,,,MISC
total,corpus,El trato preferencial,1,1,2631,,,MISC
total,corpus,El trato que se,1,1,2631,,,MISC
total,corpus,El término judío no existiría,1,1,2631,,,MISC
total,corpus,El vaso es de Stella,1,1,2631,,,MISC
total,corpus,El “culto,1,1,2631,,,MISC
total,corpus,Elegiré fotos de personajes en forma,1,1,2631,,,MISC
total,corpus,Eleven,1,1,2631,,,MISC
total,corpus,Eli,1,1,2631,,,PER
total,corpus,Elizabeth,1,1,2631,,,PER
total,corpus,Elliot Anderson,1,1,2631,,,PER
total,corpus,Elon Musk,1,1,2631,,,PER
total,corpus,Elon Musky,1,1,2631,,,PER
total,corpus,Elote,1,1,2631,,,LOC
total,corpus,Embarque,1,1,2631,,,LOC
total,corpus,Emily,1,1,2631,,,PER
total,corpus,Emma Hayes,1,1,2631,,,PER
total,corpus,Empire State Building,1,1,2631,,,LOC
total,corpus,En serio,1,1,2631,,,MISC
total,corpus,Encantadora hija,1,1,2631,,,MISC
total,corpus,Enchiladas de,1,1,2631,,,MISC
total,corpus,Engels,1,1,2631,,,PER
total,corpus,England 🏴,1,1,2631,,,MISC
total,corpus,Enmiendas,1,1,2631,,,MISC
total,corpus,Enmárcalos,1,1,2631,,,PER
total,corpus,Ensalada Griega de Judías Blancas Picadas,1,1,2631,,,MISC
total,corpus,Ensalada de alubias blancas #vegetarian #salad #recipes,1,1,2631,,,MISC
total,corpus,Ensalada de cuscús mediterráneo Ensalada Horiatiki Ensalada,1,1,2631,,,MISC
total,corpus,Ensalada griega de frijoles blancos picados #vegetariano #buenacomida,1,1,2631,,,MISC
total,corpus,Ensalada griega de judías blancas,1,1,2631,,,MISC
total,corpus,Ensaladas,1,1,2631,,,PER
total,corpus,Ensaladas Ensalada de Patatas de la Abuela,1,1,2631,,,PER
total,corpus,Ensaladas Hamburguesas,1,1,2631,,,LOC
total,corpus,Entonces,1,1,2631,,,MISC
total,corpus,Entourage,1,1,2631,,,MISC
total,corpus,Entradas,1,1,2631,,,LOC
total,corpus,Enviándote,1,1,2631,,,PER
total,corpus,Envíenme,1,1,2631,,,MISC
total,corpus,Episodio 188: Playoffs,1,1,2631,,,MISC
total,corpus,Episodio 189,1,1,2631,,,MISC
total,corpus,Episodio 190: ¿Qué,1,1,2631,,,MISC
total,corpus,Episodio 191,1,1,2631,,,MISC
total,corpus,Episodio 192,1,1,2631,,,MISC
total,corpus,Equity,1,1,2631,,,ORG
total,corpus,Eres el hombre,1,1,2631,,,MISC
total,corpus,Eres realmente tan estúpido,1,1,2631,,,MISC
total,corpus,Eres simplemente deshonesto y/o retardado,1,1,2631,,,MISC
total,corpus,Ernie,1,1,2631,,,MISC
total,corpus,Esas palabras,1,1,2631,,,MISC
total,corpus,Escocia 🏴󠁧󠁢󠁳󠁣󠁴󠁿,1,1,2631,,,LOC
total,corpus,Escucha 420 In Vegas,1,1,2631,,,MISC
total,corpus,Escucha y Suscríbete Ahora,1,1,2631,,,MISC
total,corpus,Escuchando música latina en vivo,1,1,2631,,,MISC
total,corpus,Ese Konza por Gordon,1,1,2631,,,MISC
total,corpus,Ese mediocampo,1,1,2631,,,MISC
total,corpus,Ese paseo en bote,1,1,2631,,,MISC
total,corpus,Eso es blasfemia,1,1,2631,,,MISC
total,corpus,Eso está mal,1,1,2631,,,MISC
total,corpus,Eso son $1000 extra en mi cheque justo antes de irme a,1,1,2631,,,MISC
total,corpus,Eso suena obvio,1,1,2631,,,MISC
total,corpus,Especial Especial Especial,1,1,2631,,,MISC
total,corpus,Especialmente .io,1,1,2631,,,MISC
total,corpus,Especialmente la suerte,1,1,2631,,,MISC
total,corpus,Esperaba,1,1,2631,,,PER
total,corpus,Espárragos,1,1,2631,,,ORG
total,corpus,"Esta casa de 1,725 pies cuadrados",1,1,2631,,,MISC
total,corpus,"Esta vez, el arroz y la sopa de miso de Sato me salvaron",1,1,2631,,,MISC
total,corpus,"Esta vez, me",1,1,2631,,,MISC
total,corpus,Estadio BBVA,1,1,2631,,,MX_ESTADIO
total,corpus,Estadio Mercedes Benz,1,1,2631,,,LOC
total,corpus,Estarás,1,1,2631,,,PER
total,corpus,Este acompañamiento de verano,1,1,2631,,,MISC
total,corpus,Este es el sueño americano en acción,1,1,2631,,,MISC
total,corpus,Este lugar nos está mimando,1,1,2631,,,MISC
total,corpus,Este partido,1,1,2631,,,MISC
total,corpus,Este tiene mejor elasticidad,1,1,2631,,,MISC
total,corpus,Estimados SMBTwit,1,1,2631,,,LOC
total,corpus,Estoy absolutamente devastado,1,1,2631,,,MISC
total,corpus,Estoy buscando algo similar,1,1,2631,,,MISC
total,corpus,Estoy de morros,1,1,2631,,,MISC
total,corpus,Estoy deprimida Esperé una hora,1,1,2631,,,MISC
total,corpus,Estoy emocionada~ ✊✊,1,1,2631,,,MISC
total,corpus,Estoy emocionado de cualquier manera,1,1,2631,,,MISC
total,corpus,Estoy en,1,1,2631,,,MISC
total,corpus,"Estoy muy celoso, ojalá mi padre",1,1,2631,,,MISC
total,corpus,Estoy nerviosa,1,1,2631,,,MISC
total,corpus,Estoy orgulloso de la selección japonesa,1,1,2631,,,MISC
total,corpus,Estoy un poco somnoliento,1,1,2631,,,MISC
total,corpus,Estudio de ITV,1,1,2631,,,MISC
total,corpus,Estudié,1,1,2631,,,LOC
total,corpus,Están,1,1,2631,,,MISC
total,corpus,Etete,1,1,2631,,,LOC
total,corpus,Evangelio…,1,1,2631,,,MISC
total,corpus,Evangelistas de Régimen,1,1,2631,,,PER
total,corpus,Everspin,1,1,2631,,,LOC
total,corpus,Explícamelo,1,1,2631,,,PER
total,corpus,F-35B Lightning,1,1,2631,,,MISC
total,corpus,FAWK,1,1,2631,,,ORG
total,corpus,FIFAwouldcup,1,1,2631,,,MISC
total,corpus,FOMC,1,1,2631,,,ORG
total,corpus,FRASWE,1,1,2631,,,MISC
total,corpus,FUCK SUMMER,1,1,2631,,,MISC
total,corpus,Fab,1,1,2631,,,LOC
total,corpus,Fab Four,1,1,2631,,,MISC
total,corpus,Falta,1,1,2631,,,LOC
total,corpus,Famicom,1,1,2631,,,MISC
total,corpus,Famous Dave’s,1,1,2631,,,MISC
total,corpus,Fan Fest,1,1,2631,,,MISC
total,corpus,Fans next to the players cheering them out thats a new one,1,1,2631,,,MISC
total,corpus,Fanta,1,1,2631,,,MISC
total,corpus,Fantasía del Sábado Desayuno,1,1,2631,,,MISC
total,corpus,Fault Lines,1,1,2631,,,ORG
total,corpus,Felicidades,1,1,2631,,,MISC
total,corpus,Felicidades yonna,1,1,2631,,,PER
total,corpus,Felicidades! IHOP,1,1,2631,,,MISC
total,corpus,Feliz 4 de Julio,1,1,2631,,,MISC
total,corpus,Feliz día de la boda al absoluto,1,1,2631,,,MISC
total,corpus,Figma,1,1,2631,,,MISC
total,corpus,Filipinas,1,1,2631,,,LOC
total,corpus,Final,1,1,2631,,,MISC
total,corpus,Finlandia,1,1,2631,,,LOC
total,corpus,Finley,1,1,2631,,,PER
total,corpus,Flashscore,1,1,2631,,,PER
total,corpus,Floyd,1,1,2631,,,PER
total,corpus,Floyd Mayweather,1,1,2631,,,PER
total,corpus,Flynt,1,1,2631,,,PER
total,corpus,For kriff’s sake,1,1,2631,,,MISC
total,corpus,Franklin BBQ,1,1,2631,,,PER
total,corpus,Frank’s Red Hot,1,1,2631,,,PER
total,corpus,Frederick Douglass,1,1,2631,,,PER
total,corpus,FreshProduce,1,1,2631,,,ORG
total,corpus,Frijol Refrito,1,1,2631,,,MISC
total,corpus,Frijoles,1,1,2631,,,PER
total,corpus,Frontale,1,1,2631,,,ORG
total,corpus,Fuck,1,1,2631,,,MISC
total,corpus,Fuji Rock,1,1,2631,,,LOC
total,corpus,Fácil,1,1,2631,,,MISC
total,corpus,G O Y A,1,1,2631,,,MISC
total,corpus,GIMP,1,1,2631,,,MISC
total,corpus,GOAT,1,1,2631,,,ORG
total,corpus,GRAN,1,1,2631,,,MISC
total,corpus,Gabby Hughes,1,1,2631,,,PER
total,corpus,Gala,1,1,2631,,,MISC
total,corpus,Galarza,1,1,2631,,,LOC
total,corpus,Galaxy's Edge,1,1,2631,,,PER
total,corpus,Ganamos,1,1,2631,,,MISC
total,corpus,Ganamos el sábado y seremos primeros del grupo,1,1,2631,,,MISC
total,corpus,Ganar,1,1,2631,,,MISC
total,corpus,Gareth Aintsworth,1,1,2631,,,PER
total,corpus,Gary,1,1,2631,,,PER
total,corpus,Gelato Pique,1,1,2631,,,PER
total,corpus,Genial,1,1,2631,,,MISC
total,corpus,Gente como el Rey Acab,1,1,2631,,,MISC
total,corpus,George Berkeley,1,1,2631,,,PER
total,corpus,Ghana,1,1,2631,,,LOC
total,corpus,Giancarlo Esposito,1,1,2631,,,PER
total,corpus,Giroud,1,1,2631,,,PER
total,corpus,Glasser,1,1,2631,,,PER
total,corpus,Golden Buffalo,1,1,2631,,,PER
total,corpus,Golden Scram Toastie Baguettes,1,1,2631,,,PER
total,corpus,Golden Scram Toastie Pesto Protein Toasts Whipped Cottage Cheese Breakfast Toastie RRP & Boursin Breakfast Toasties,1,1,2631,,,PER
total,corpus,Golfo,1,1,2631,,,LOC
total,corpus,Good Boy,1,1,2631,,,MISC
total,corpus,Goonies,1,1,2631,,,MISC
total,corpus,Gordon,1,1,2631,,,PER
total,corpus,Gork,1,1,2631,,,MISC
total,corpus,Goya,1,1,2631,,,PER
total,corpus,Graaaacias,1,1,2631,,,PER
total,corpus,Gracia,1,1,2631,,,LOC
total,corpus,Gracias hermano,1,1,2631,,,MISC
total,corpus,Gracias por Rice,1,1,2631,,,PER
total,corpus,Gracias! ¡Salí,1,1,2631,,,MISC
total,corpus,Graham,1,1,2631,,,PER
total,corpus,Gran Comisión,1,1,2631,,,ORG
total,corpus,Gran contenido,1,1,2631,,,MISC
total,corpus,Gran 📠,1,1,2631,,,MISC
total,corpus,Grand Fiesta,1,1,2631,,,LOC
total,corpus,Greear,1,1,2631,,,PER
total,corpus,Grilled Cheese Garlic Bread Meatball Marinara Subs Pesto Halloumi Melt Panini Grilled Garlic Bread Pesto,1,1,2631,,,MISC
total,corpus,Grim,1,1,2631,,,MISC
total,corpus,Gringo,1,1,2631,,,MISC
total,corpus,Guacamole #vegetarian #recipes,1,1,2631,,,MISC
total,corpus,Guacamole Ensalada de Jardín Veraniega Noche de Hamburguesas de Verano Ensalada César de Tater,1,1,2631,,,LOC
total,corpus,Guacamole Tater Tacos Chipotle Lentil Tacos Guaco Hard Tacos Cheesy Jalapeno Cauli Tacos,1,1,2631,,,PER
total,corpus,Guante de Oro,1,1,2631,,,MISC
total,corpus,Guarda,1,1,2631,,,MISC
total,corpus,Guatemala,1,1,2631,,,LOC
total,corpus,Gudetama,1,1,2631,,,PER
total,corpus,Guerra Justa,1,1,2631,,,MISC
total,corpus,Guerrero,1,1,2631,,,LOC
total,corpus,Guillaume,1,1,2631,,,PER
total,corpus,Gustavo,1,1,2631,,,PER
total,corpus,H!+L€R/Satán,1,1,2631,,,MISC
total,corpus,HATERS,1,1,2631,,,ORG
total,corpus,HAWAII,1,1,2631,,,MISC
total,corpus,HAZLO POR LO QUE SEA O QUIEN SEA QUE ESTÉ EN LA FOTO,1,1,2631,,,ORG
total,corpus,HBOmax,1,1,2631,,,ORG
total,corpus,HHC,1,1,2631,,,ORG
total,corpus,HIUEUHEHUEHUE,1,1,2631,,,MISC
total,corpus,HMS Prince of Wales,1,1,2631,,,MISC
total,corpus,HMS Queen Elizabeth,1,1,2631,,,MISC
total,corpus,HND,1,1,2631,,,LOC
total,corpus,HR,1,1,2631,,,ORG
total,corpus,HT,1,1,2631,,,ORG
total,corpus,HTTR,1,1,2631,,,ORG
total,corpus,Habla de destrucción de valor,1,1,2631,,,MISC
total,corpus,Haciendo,1,1,2631,,,PER
total,corpus,Haití,1,1,2631,,,LOC
total,corpus,Han tratado,1,1,2631,,,MISC
total,corpus,Hanamaki,1,1,2631,,,LOC
total,corpus,Hara-chan,1,1,2631,,,LOC
total,corpus,Harriet Tubmanicus,1,1,2631,,,PER
total,corpus,Harrogate,1,1,2631,,,PER
total,corpus,Harry Kane,1,1,2631,,,MISC
total,corpus,Harvey,1,1,2631,,,PER
total,corpus,Has,1,1,2631,,,ORG
total,corpus,Has sido maravillosa,1,1,2631,,,MISC
total,corpus,Hasta ahora,1,1,2631,,,MISC
total,corpus,Hasta la próxima 🇺🇸,1,1,2631,,,MISC
total,corpus,Hat trick,1,1,2631,,,PER
total,corpus,Hazme,1,1,2631,,,MISC
total,corpus,He terminado todo mi trabajo temprano,1,1,2631,,,MISC
total,corpus,Heirloom,1,1,2631,,,LOC
total,corpus,Here’s the summary,1,1,2631,,,MISC
total,corpus,Hermosos,1,1,2631,,,PER
total,corpus,Hiciste,1,1,2631,,,PER
total,corpus,Hinata 🐬,1,1,2631,,,PER
total,corpus,Historia,1,1,2631,,,ORG
total,corpus,Historia Británica,1,1,2631,,,ORG
total,corpus,Historia de la Filosofía Política,1,1,2631,,,ORG
total,corpus,Historias,1,1,2631,,,MISC
total,corpus,Hitler,1,1,2631,,,PER
total,corpus,Hola,1,1,2631,,,LOC
total,corpus,Hola Canadá,1,1,2631,,,LOC
total,corpus,Hola Don,1,1,2631,,,PER
total,corpus,Hola mis amores,1,1,2631,,,MISC
total,corpus,Holanda,1,1,2631,,,LOC
total,corpus,Holanda 🇳🇱,1,1,2631,,,ORG
total,corpus,Holanda 🇳🇱 ¡Vamos 👍 Japón,1,1,2631,,,ORG
total,corpus,Holden,1,1,2631,,,PER
total,corpus,Home Slice,1,1,2631,,,MISC
total,corpus,Honda,1,1,2631,,,ORG
total,corpus,Hooked On Ebonics,1,1,2631,,,MISC
total,corpus,Hora de tener más bebés,1,1,2631,,,MISC
total,corpus,Horrible,1,1,2631,,,MISC
total,corpus,Horribles,1,1,2631,,,MISC
total,corpus,Hospital,1,1,2631,,,LOC
total,corpus,Hot Cheetos Elotes Queso,1,1,2631,,,MISC
total,corpus,How about them epstein,1,1,2631,,,MISC
total,corpus,Hoy,1,1,2631,,,MISC
total,corpus,Hoy es el día 493 seguido de 20k pasos,1,1,2631,,,MISC
total,corpus,Hoy le pregunté a un japonés,1,1,2631,,,MISC
total,corpus,"Hoy, solo 2.5 personas",1,1,2631,,,MISC
total,corpus,Huevos Rellenos,1,1,2631,,,MISC
total,corpus,Huevos Tostadas,1,1,2631,,,LOC
total,corpus,Huevos endiablados de jalapeño ranch,1,1,2631,,,MISC
total,corpus,Hut vintage,1,1,2631,,,ORG
total,corpus,I notive you NEVER cover the hundreds of republican perverts but jump on the one trans one because you're a rage baiting cunt,1,1,2631,,,MISC
total,corpus,I won't sell and will just endure Is this a patience contest,1,1,2631,,,MISC
total,corpus,IA! Por,1,1,2631,,,MISC
total,corpus,IBEW,1,1,2631,,,ORG
total,corpus,IDK,1,1,2631,,,ORG
total,corpus,INDUSTRIAL QUE,1,1,2631,,,MISC
total,corpus,INGLÉS,1,1,2631,,,MISC
total,corpus,ITVx,1,1,2631,,,MISC
total,corpus,IbisPaint,1,1,2631,,,MISC
total,corpus,Iglesia Ortodoxa Oriental,1,1,2631,,,MISC
total,corpus,Iida-san,1,1,2631,,,PER
total,corpus,Illinois,1,1,2631,,,LOC
total,corpus,Ilustración,1,1,2631,,,MISC
total,corpus,Imagina,1,1,2631,,,MISC
total,corpus,Imagina ser de Irlanda,1,1,2631,,,MISC
total,corpus,Imperio,1,1,2631,,,MISC
total,corpus,Imperio Británico,1,1,2631,,,LOC
total,corpus,Imperio Romano,1,1,2631,,,LOC
total,corpus,Imperio azteca,1,1,2631,,,LOC
total,corpus,Imposible,1,1,2631,,,MISC
total,corpus,In Living Color,1,1,2631,,,MISC
total,corpus,InGenius Prep,1,1,2631,,,MISC
total,corpus,Increíble Croacia,1,1,2631,,,MISC
total,corpus,Increíble! ¡Mi primer partido del,1,1,2631,,,MISC
total,corpus,Indiana,1,1,2631,,,LOC
total,corpus,Ingresos,1,1,2631,,,ORG
total,corpus,Insta 🥹 ¡Conocí a la chica,1,1,2631,,,MISC
total,corpus,Instagram w,1,1,2631,,,MISC
total,corpus,Intentando,1,1,2631,,,ORG
total,corpus,Internacional Felipe Ángeles,1,1,2631,,,LOC
total,corpus,Internet,1,1,2631,,,MISC
total,corpus,Iowa,1,1,2631,,,LOC
total,corpus,Irak,1,1,2631,,,LOC
total,corpus,Iryna Zarutska,1,1,2631,,,PER
total,corpus,Islamo-cristiano,1,1,2631,,,LOC
total,corpus,It will definitely recover within the year anyway I can state this with certainty,1,1,2631,,,MISC
total,corpus,It's Coming Home,1,1,2631,,,MISC
total,corpus,Italia,1,1,2631,,,LOC
total,corpus,Ito Junya,1,1,2631,,,PER
total,corpus,Ivan Toney,1,1,2631,,,PER
total,corpus,Ivy Leagues,1,1,2631,,,ORG
total,corpus,JAJAJAJA,1,1,2631,,,MISC
total,corpus,JAJAJAJAJA,1,1,2631,,,MISC
total,corpus,JD,1,1,2631,,,ORG
total,corpus,JD Greear,1,1,2631,,,PER
total,corpus,JD Hall,1,1,2631,,,PER
total,corpus,JFK,1,1,2631,,,LOC
total,corpus,JODER!!! 🏴,1,1,2631,,,MISC
total,corpus,Ja,1,1,2631,,,MISC
total,corpus,Jaba,1,1,2631,,,LOC
total,corpus,Jabba,1,1,2631,,,MISC
total,corpus,Jacobo,1,1,2631,,,PER
total,corpus,Jajajajajajajajajaja,1,1,2631,,,LOC
total,corpus,Jake Meador,1,1,2631,,,PER
total,corpus,Jalapeno Popper,1,1,2631,,,PER
total,corpus,Jalapeño,1,1,2631,,,LOC
total,corpus,Jalapeño Aros de Maíz,1,1,2631,,,LOC
total,corpus,Jalapeño Cacerola de Tortilla de Taco,1,1,2631,,,LOC
total,corpus,Jalapeño Popper Sándwich,1,1,2631,,,PER
total,corpus,Jamaica,1,1,2631,,,LOC
total,corpus,James,1,1,2631,,,PER
total,corpus,James Woods,1,1,2631,,,PER
total,corpus,Jane Wardley,1,1,2631,,,PER
total,corpus,Janet,1,1,2631,,,PER
total,corpus,Japoneses,1,1,2631,,,MISC
total,corpus,Java-sama,1,1,2631,,,LOC
total,corpus,Jay Z,1,1,2631,,,PER
total,corpus,Jeff,1,1,2631,,,PER
total,corpus,Jeremy,1,1,2631,,,PER
total,corpus,Jerusalén,1,1,2631,,,LOC
total,corpus,Jesus christ Northampton,1,1,2631,,,PER
total,corpus,Jezabel,1,1,2631,,,MISC
total,corpus,Ji Chang Wook,1,1,2631,,,PER
total,corpus,Jimmy Buckets,1,1,2631,,,PER
total,corpus,Jodida,1,1,2631,,,LOC
total,corpus,Jodida mierda,1,1,2631,,,MISC
total,corpus,Joe,1,1,2631,,,PER
total,corpus,Joe Ironside,1,1,2631,,,PER
total,corpus,John Brown,1,1,2631,,,PER
total,corpus,John Calvin “Iohannes,1,1,2631,,,PER
total,corpus,John MacArthur,1,1,2631,,,PER
total,corpus,Johnny Drama,1,1,2631,,,PER
total,corpus,Jon,1,1,2631,,,PER
total,corpus,Jonathan Edwards,1,1,2631,,,PER
total,corpus,Jordan Davies,1,1,2631,,,PER
total,corpus,Jordan Henderson,1,1,2631,,,PER
total,corpus,Jorts,1,1,2631,,,MISC
total,corpus,Josh,1,1,2631,,,MISC
total,corpus,Juan el Bautista,1,1,2631,,,PER
total,corpus,Juanita,1,1,2631,,,MISC
total,corpus,Judas,1,1,2631,,,PER
total,corpus,Jueces,1,1,2631,,,MISC
total,corpus,Juegos Olímpicos de Nagano,1,1,2631,,,MISC
total,corpus,Jugosas,1,1,2631,,,LOC
total,corpus,Juguemos,1,1,2631,,,MISC
total,corpus,July,1,1,2631,,,PER
total,corpus,Juneteenth,1,1,2631,,,MISC
total,corpus,Junnosuke,1,1,2631,,,MISC
total,corpus,Jódete,1,1,2631,,,MISC
total,corpus,KIX,1,1,2631,,,LOC
total,corpus,Kaiser Cheifs,1,1,2631,,,PER
total,corpus,Kakitani Yoichiro,1,1,2631,,,PER
total,corpus,Kakkonto,1,1,2631,,,LOC
total,corpus,Kamata,1,1,2631,,,PER
total,corpus,Kamo-san,1,1,2631,,,LOC
total,corpus,Karabast,1,1,2631,,,MISC
total,corpus,Karl Marx,1,1,2631,,,PER
total,corpus,Kawasaki,1,1,2631,,,PER
total,corpus,Kawasaki Frontale,1,1,2631,,,MISC
total,corpus,Kawasaki 🐬,1,1,2631,,,PER
total,corpus,Kazuma Okamoto,1,1,2631,,,PER
total,corpus,Keane,1,1,2631,,,ORG
total,corpus,Kei-chan,1,1,2631,,,LOC
total,corpus,Keropons,1,1,2631,,,PER
total,corpus,Kevin Harlan,1,1,2631,,,PER
total,corpus,Keystone Light,1,1,2631,,,ORG
total,corpus,Kiwi Batidos Explosión de Arándanos Batidos,1,1,2631,,,PER
total,corpus,Knicks,1,1,2631,,,ORG
total,corpus,Ko,1,1,2631,,,LOC
total,corpus,Konsa,1,1,2631,,,PER
total,corpus,Konza,1,1,2631,,,LOC
total,corpus,Kosher,1,1,2631,,,PER
total,corpus,LA,1,1,2631,,,LOC
total,corpus,LARPing,1,1,2631,,,PER
total,corpus,LBJ,1,1,2631,,,LOC
total,corpus,LCC,1,1,2631,,,ORG
total,corpus,LFG! 🇺🇸,1,1,2631,,,MISC
total,corpus,LGBTQ,1,1,2631,,,ORG
total,corpus,LIMPIEZA COMÚN,1,1,2631,,,MISC
total,corpus,LINE,1,1,2631,,,MISC
total,corpus,LMAO,1,1,2631,,,ORG
total,corpus,LONDRES,1,1,2631,,,LOC
total,corpus,LSU 2,1,1,2631,,,LOC
total,corpus,LTC,1,1,2631,,,MISC
total,corpus,La Ciudad,1,1,2631,,,LOC
total,corpus,La IA,1,1,2631,,,MISC
total,corpus,La actual caída del precio de las acciones,1,1,2631,,,MISC
total,corpus,"La ansiedad no es solo ""estar nervioso",1,1,2631,,,MISC
total,corpus,La arrogancia judía,1,1,2631,,,MISC
total,corpus,La asignación fue de solo 3500,1,1,2631,,,MISC
total,corpus,La bolsa,1,1,2631,,,MISC
total,corpus,La calidad del aire,1,1,2631,,,MISC
total,corpus,La calidad sobre la cantidad siempre,1,1,2631,,,MISC
total,corpus,La cantina de hoy en la,1,1,2631,,,MISC
total,corpus,La capitalización de mercado,1,1,2631,,,MISC
total,corpus,La casa se vende por 2 billones de dólares,1,1,2631,,,MISC
total,corpus,La comida es deliciosa,1,1,2631,,,MISC
total,corpus,La compañía de servicios públicos cobra,1,1,2631,,,MISC
total,corpus,La defensa es temblorosa,1,1,2631,,,MISC
total,corpus,La depravación humana,1,1,2631,,,MISC
total,corpus,La emoción no tiene precio,1,1,2631,,,MISC
total,corpus,La extrañaré,1,1,2631,,,LOC
total,corpus,La forma en que está el club,1,1,2631,,,MISC
total,corpus,La foto,1,1,2631,,,MISC
total,corpus,La fábrica de droides da demasiado miedo y la atmósfera,1,1,2631,,,MISC
total,corpus,La gente,1,1,2631,,,MISC
total,corpus,La gente que no es economista,1,1,2631,,,MISC
total,corpus,La gente siempre pregunta,1,1,2631,,,MISC
total,corpus,La historia oficial sobre ti,1,1,2631,,,MISC
total,corpus,La iglesia EPC,1,1,2631,,,MISC
total,corpus,La imagen,1,1,2631,,,MISC
total,corpus,La mayor parte del país,1,1,2631,,,MISC
total,corpus,La mayoría de ellos,1,1,2631,,,MISC
total,corpus,La mayoría de la gente,1,1,2631,,,MISC
total,corpus,La mayoría de los consumidores,1,1,2631,,,MISC
total,corpus,La mayoría de los detractores de Webbon,1,1,2631,,,MISC
total,corpus,La mitad de internet,1,1,2631,,,MISC
total,corpus,La mía,1,1,2631,,,MISC
total,corpus,La neutralización del enemigo,1,1,2631,,,MISC
total,corpus,La obvia falta de autocontrol de Darling,1,1,2631,,,MISC
total,corpus,La oportunidad de repetir esto una,1,1,2631,,,MISC
total,corpus,La pelota no miente en la vida,1,1,2631,,,MISC
total,corpus,La policía,1,1,2631,,,MISC
total,corpus,La pregunta,1,1,2631,,,MISC
total,corpus,La primera,1,1,2631,,,MISC
total,corpus,La primera persona,1,1,2631,,,MISC
total,corpus,La primera respuesta de un humano curioso del futuro,1,1,2631,,,MISC
total,corpus,La propuesta de despedida de soltero,1,1,2631,,,MISC
total,corpus,La próxima,1,1,2631,,,MISC
total,corpus,La próxima vez,1,1,2631,,,MISC
total,corpus,La psicología moderna,1,1,2631,,,MISC
total,corpus,La regla del 70%,1,1,2631,,,MISC
total,corpus,La renovación nunca,1,1,2631,,,MISC
total,corpus,La respuesta fácil,1,1,2631,,,MISC
total,corpus,La sensación de sobrevaloración también ha desaparecido,1,1,2631,,,MISC
total,corpus,La suscripción del proyecto,1,1,2631,,,MISC
total,corpus,La tribu de Judá,1,1,2631,,,MISC
total,corpus,La verdad,1,1,2631,,,MISC
total,corpus,La vivienda,1,1,2631,,,MISC
total,corpus,La única diferencia,1,1,2631,,,MISC
total,corpus,La única diferencia común en el proceso de pensamiento,1,1,2631,,,MISC
total,corpus,Lacy,1,1,2631,,,PER
total,corpus,Lagunitas,1,1,2631,,,LOC
total,corpus,Lamelo,1,1,2631,,,LOC
total,corpus,Lance,1,1,2631,,,PER
total,corpus,Las almas del pueblo negro,1,1,2631,,,MISC
total,corpus,Las alpacas son lindas 🦙,1,1,2631,,,MISC
total,corpus,Las calificaciones ahora,1,1,2631,,,MISC
total,corpus,Las fosas metafísicas dominantes de nuestro tiempo,1,1,2631,,,MISC
total,corpus,Las fotos te,1,1,2631,,,MISC
total,corpus,Las fotos y las vistas que obtienes en,1,1,2631,,,MISC
total,corpus,Las habilidades de pensamiento crítico,1,1,2631,,,MISC
total,corpus,Las heridas de mi corazón,1,1,2631,,,MISC
total,corpus,Las mejores escenas de tailgate: 1,1,1,2631,,,MISC
total,corpus,Las mujeres están diseñadas para hacer cumplir los estándares de los hombres sobre ellas,1,1,2631,,,MISC
total,corpus,Las mujeres no tienen discernimiento,1,1,2631,,,MISC
total,corpus,Las numerosas y trágicas noticias,1,1,2631,,,MISC
total,corpus,Las personas que menos saben,1,1,2631,,,MISC
total,corpus,Las regiones con los niveles más altos de inmigrantes,1,1,2631,,,MISC
total,corpus,Las tasas de divorcio,1,1,2631,,,MISC
total,corpus,Lavar,1,1,2631,,,PER
total,corpus,LeBron,1,1,2631,,,PER
total,corpus,League 2,1,1,2631,,,MISC
total,corpus,League Two,1,1,2631,,,ORG
total,corpus,LearnedWrong,1,1,2631,,,MISC
total,corpus,Leer,1,1,2631,,,PER
total,corpus,Lemgas,1,1,2631,,,LOC
total,corpus,Leo Strauss,1,1,2631,,,PER
total,corpus,Leroy & Lewis,1,1,2631,,,MISC
total,corpus,Les,1,1,2631,,,MISC
total,corpus,Les deseo todo lo mejor a todos los que hacen eso,1,1,2631,,,MISC
total,corpus,Les regalé pegatinas,1,1,2631,,,MISC
total,corpus,Lesbycast,1,1,2631,,,LOC
total,corpus,Leví,1,1,2631,,,PER
total,corpus,Lexi,1,1,2631,,,PER
total,corpus,Ley Hart-Celler,1,1,2631,,,MISC
total,corpus,Ley de Derechos Civiles,1,1,2631,,,MISC
total,corpus,Liberty University,1,1,2631,,,ORG
total,corpus,Libidinal,1,1,2631,,,MISC
total,corpus,Liga de los Cien Años,1,1,2631,,,ORG
total,corpus,Lights,1,1,2631,,,MISC
total,corpus,Lindo,1,1,2631,,,PER
total,corpus,Liverpool,1,1,2631,,,LOC
total,corpus,Lizzie 😭,1,1,2631,,,MISC
total,corpus,Llamar a Jesús “Yeshua,1,1,2631,,,MISC
total,corpus,Llegada,1,1,2631,,,LOC
total,corpus,Llegué a DFW,1,1,2631,,,MISC
total,corpus,Lmao,1,1,2631,,,PER
total,corpus,Lo compro porque dice que llegará mañana,1,1,2631,,,MISC
total,corpus,Lo cual es genial,1,1,2631,,,MISC
total,corpus,Lo decliné educadamente,1,1,2631,,,MISC
total,corpus,Lo escuché recomendado por primera,1,1,2631,,,MISC
total,corpus,Lo haces bien en todas las cosas de la vida,1,1,2631,,,MISC
total,corpus,Lo he usado durante unos 3 años,1,1,2631,,,MISC
total,corpus,Lo leí y doné la edición bilingüe,1,1,2631,,,MISC
total,corpus,Lo mismo con mis amigos fundadores de desarrollo de juegos,1,1,2631,,,MISC
total,corpus,Lo mismo para los partidos de,1,1,2631,,,MISC
total,corpus,Lo pospuse,1,1,2631,,,MISC
total,corpus,Lo que se enseñó a cada uno,1,1,2631,,,MISC
total,corpus,Lo que se enseñó a todos,1,1,2631,,,MISC
total,corpus,Lo siento,1,1,2631,,,MISC
total,corpus,"Lo siento, pequeño",1,1,2631,,,MISC
total,corpus,Londres,1,1,2631,,,LOC
total,corpus,Loro,1,1,2631,,,LOC
total,corpus,Los,1,1,2631,,,MISC
total,corpus,Los Cabos,1,1,2631,,,MX_DESTINO
total,corpus,Los EE. UU,1,1,2631,,,LOC
total,corpus,Los R2K,1,1,2631,,,MISC
total,corpus,Los ardillas también están en,1,1,2631,,,MISC
total,corpus,Los asientos detrás de la portería de la,1,1,2631,,,MISC
total,corpus,Los benjaminitas,1,1,2631,,,MISC
total,corpus,Los desprecio joder,1,1,2631,,,MISC
total,corpus,Los habituales de la,1,1,2631,,,MISC
total,corpus,Los he visto en todos los partidos,1,1,2631,,,MISC
total,corpus,Los mejores decks,1,1,2631,,,MISC
total,corpus,Los metros están llenos hasta el techo,1,1,2631,,,MISC
total,corpus,Los que saben,1,1,2631,,,MISC
total,corpus,Los reformadores,1,1,2631,,,MISC
total,corpus,Los sabores rotatorios de queso crema / mantequilla,1,1,2631,,,MISC
total,corpus,LosRojos,1,1,2631,,,MISC
total,corpus,Lotte-chan... Lotte-chan,1,1,2631,,,MISC
total,corpus,Louvre,1,1,2631,,,LOC
total,corpus,Lucy Wright,1,1,2631,,,PER
total,corpus,Lukaku,1,1,2631,,,PER
total,corpus,Luke Young,1,1,2631,,,PER
total,corpus,Lulworth,1,1,2631,,,LOC
total,corpus,Lunds,1,1,2631,,,LOC
total,corpus,Límite de resistencia física,1,1,2631,,,MISC
total,corpus,López,1,1,2631,,,PER
total,corpus,Lúgubre,1,1,2631,,,LOC
total,corpus,M&G,1,1,2631,,,MISC
total,corpus,M&G 4DX,1,1,2631,,,MISC
total,corpus,M&G~,1,1,2631,,,MISC
total,corpus,MALDITO,1,1,2631,,,PER
total,corpus,METETE AHÍ JODER!!! ¡¡¡UNO MÁS,1,1,2631,,,MISC
total,corpus,MIERDA,1,1,2631,,,ORG
total,corpus,MILLÓN,1,1,2631,,,ORG
total,corpus,MIRA,1,1,2631,,,LOC
total,corpus,MIRA MI AMBO EN 3D!!!!!! ¡¡¡¡¡MUCHAS GRACIAS,1,1,2631,,,MISC
total,corpus,MK,1,1,2631,,,MISC
total,corpus,MN,1,1,2631,,,LOC
total,corpus,MOSES,1,1,2631,,,MISC
total,corpus,MRAM,1,1,2631,,,LOC
total,corpus,MS,1,1,2631,,,MISC
total,corpus,MUCHACHOS,1,1,2631,,,ORG
total,corpus,Mac,1,1,2631,,,MISC
total,corpus,Machi,1,1,2631,,,MISC
total,corpus,Machino,1,1,2631,,,LOC
total,corpus,Maddy,1,1,2631,,,PER
total,corpus,Madeline,1,1,2631,,,PER
total,corpus,Madueke,1,1,2631,,,ORG
total,corpus,Mainoo,1,1,2631,,,PER
total,corpus,Makino Tomoaki,1,1,2631,,,PER
total,corpus,Makoto-san,1,1,2631,,,MISC
total,corpus,Mala gente,1,1,2631,,,MISC
total,corpus,Mala suerte,1,1,2631,,,MISC
total,corpus,Malcolm X,1,1,2631,,,PER
total,corpus,Maldición,1,1,2631,,,MISC
total,corpus,Maldini,1,1,2631,,,PER
total,corpus,Maldita sea,1,1,2631,,,MISC
total,corpus,Mamá,1,1,2631,,,PER
total,corpus,Mandalorian Live in Star Destroyer,1,1,2631,,,MISC
total,corpus,Mando,1,1,2631,,,PER
total,corpus,Mando... ¡Es demasiado genial...! ¡¡El barrio chino de,1,1,2631,,,MISC
total,corpus,Mandou-san,1,1,2631,,,LOC
total,corpus,Mangos,1,1,2631,,,PER
total,corpus,Manifiesto Comunista,1,1,2631,,,MISC
total,corpus,Mann,1,1,2631,,,PER
total,corpus,Manzambi,1,1,2631,,,MISC
total,corpus,Marcus Agrippa,1,1,2631,,,PER
total,corpus,Mari,1,1,2631,,,PER
total,corpus,Marido,1,1,2631,,,PER
total,corpus,Mark,1,1,2631,,,MISC
total,corpus,Mark Palios,1,1,2631,,,PER
total,corpus,Marlboro Reds,1,1,2631,,,ORG
total,corpus,Marriott,1,1,2631,,,ORG
total,corpus,Marte,1,1,2631,,,LOC
total,corpus,Martes Tex-Mex <3 Barcos de Calabacín Tex-Mex Nachos de Patata,1,1,2631,,,PER
total,corpus,Marvel,1,1,2631,,,ORG
total,corpus,Marvel Technology MRVL,1,1,2631,,,ORG
total,corpus,Marvell Technology,1,1,2631,,,ORG
total,corpus,María,1,1,2631,,,PER
total,corpus,Masculino,1,1,2631,,,LOC
total,corpus,Mateo,1,1,2631,,,MISC
total,corpus,Maya,1,1,2631,,,LOC
total,corpus,Mazorcas,1,1,2631,,,MISC
total,corpus,Mazorcas Cajún Mantecosas Perros Calientes de Chile,1,1,2631,,,MISC
total,corpus,Maíz,1,1,2631,,,LOC
total,corpus,Mañana,1,1,2631,,,PER
total,corpus,Mañana me voy a Cabo,1,1,2631,,,MISC
total,corpus,Mbappe,1,1,2631,,,PER
total,corpus,Mbappé,1,1,2631,,,PER
total,corpus,McConnell,1,1,2631,,,LOC
total,corpus,McDonald,1,1,2631,,,ORG
total,corpus,McGowen Danos,1,1,2631,,,LOC
total,corpus,Mcgee,1,1,2631,,,PER
total,corpus,Me alegro,1,1,2631,,,MISC
total,corpus,Me alegro de que estés bien ♡,1,1,2631,,,MISC
total,corpus,Me apresuré en el viaje,1,1,2631,,,MISC
total,corpus,Me da miedo,1,1,2631,,,MISC
total,corpus,Me di por vencido,1,1,2631,,,MISC
total,corpus,Me dolió,1,1,2631,,,MISC
total,corpus,Me emocioné,1,1,2631,,,MISC
total,corpus,Me encanta! Tuve,1,1,2631,,,MISC
total,corpus,Me encantaría ayudar en lo que pueda,1,1,2631,,,MISC
total,corpus,Me encantaría charlar,1,1,2631,,,MISC
total,corpus,Me encantaría quedar,1,1,2631,,,MISC
total,corpus,Me encantó mucho más que,1,1,2631,,,MISC
total,corpus,Me gusta,1,1,2631,,,MISC
total,corpus,Me gusta la idea de una presentación porque los obliga a pensar,1,1,2631,,,MISC
total,corpus,Me hace llorar,1,1,2631,,,MISC
total,corpus,Me pregunto si es porque el tipo de basura blanca racista no puede permitirse los lugares donde me quedo,1,1,2631,,,MISC
total,corpus,Me preocupa el partido contra,1,1,2631,,,MISC
total,corpus,Me quemé,1,1,2631,,,MISC
total,corpus,Me quitaron el espejo,1,1,2631,,,MISC
total,corpus,Me quitaron todo el dinero,1,1,2631,,,MISC
total,corpus,Me refiero a Disojari,1,1,2631,,,MISC
total,corpus,Me saca de quicio,1,1,2631,,,MISC
total,corpus,Me salvó que tenía dinero en Pasmo 💦,1,1,2631,,,MISC
total,corpus,Me sorprende la cantidad de equipaje,1,1,2631,,,MISC
total,corpus,Me sorprendí,1,1,2631,,,MISC
total,corpus,Me voy del resort,1,1,2631,,,MISC
total,corpus,Megan Basham,1,1,2631,,,PER
total,corpus,Mein Kampf,1,1,2631,,,MISC
total,corpus,Mejiro,1,1,2631,,,LOC
total,corpus,Mejor,1,1,2631,,,MISC
total,corpus,Menos actividad en redes sociales,1,1,2631,,,MISC
total,corpus,Mes del Orgullo,1,1,2631,,,MISC
total,corpus,MexicoCity #Tacos,1,1,2631,,,MISC
total,corpus,Mi antiguo servicio,1,1,2631,,,MISC
total,corpus,Mi aplicación,1,1,2631,,,MISC
total,corpus,Mi barbero me,1,1,2631,,,MISC
total,corpus,Mi bebé la verdad sin duda,1,1,2631,,,MISC
total,corpus,Mi corazón late muy rápido,1,1,2631,,,MISC
total,corpus,Mi enciclopedia,1,1,2631,,,MISC
total,corpus,Mi entrada para la Final del,1,1,2631,,,MISC
total,corpus,Mi esposa,1,1,2631,,,MISC
total,corpus,Mi esposa pesa quizás 45 kilos y yo peso 75 kilos,1,1,2631,,,MISC
total,corpus,Mi esposa y yo,1,1,2631,,,MISC
total,corpus,Mi hermana se casa,1,1,2631,,,MISC
total,corpus,Mi marido comiendo solo,1,1,2631,,,MISC
total,corpus,Mi memoria es mala,1,1,2631,,,MISC
total,corpus,Mi perro también parece estar divirtiéndose porque está bien sin correa 😃,1,1,2631,,,MISC
total,corpus,Mi problema para mantenerme constante,1,1,2631,,,MISC
total,corpus,Mi promedio durante ese tiempo,1,1,2631,,,MISC
total,corpus,Mi suerte con las loterías,1,1,2631,,,MISC
total,corpus,Mi suposición,1,1,2631,,,MISC
total,corpus,Mi trabajo,1,1,2631,,,MISC
total,corpus,Miami,1,1,2631,,,LOC
total,corpus,Michael Heiser,1,1,2631,,,PER
total,corpus,Michael Kelly,1,1,2631,,,PER
total,corpus,Michael Owen,1,1,2631,,,PER
total,corpus,Michelle Obama,1,1,2631,,,PER
total,corpus,Microsoft,1,1,2631,,,ORG
total,corpus,Middlesbrough,1,1,2631,,,LOC
total,corpus,Mido,1,1,2631,,,PER
total,corpus,Mike Basset,1,1,2631,,,PER
total,corpus,Miller High Life,1,1,2631,,,MISC
total,corpus,Milwaukee,1,1,2631,,,LOC
total,corpus,Minami-Izu,1,1,2631,,,LOC
total,corpus,Mindful Lending,1,1,2631,,,MISC
total,corpus,Minjeongie,1,1,2631,,,PER
total,corpus,Minneapolis,1,1,2631,,,LOC
total,corpus,Mira,1,1,2631,,,LOC
total,corpus,Mirando,1,1,2631,,,PER
total,corpus,Mis mensajes directos están abiertos,1,1,2631,,,MISC
total,corpus,Missy,1,1,2631,,,PER
total,corpus,Mitch McConnell,1,1,2631,,,PER
total,corpus,Mmm... Pensé,1,1,2631,,,PER
total,corpus,Moriyasu,1,1,2631,,,ORG
total,corpus,Moses,1,1,2631,,,PER
total,corpus,Mossad,1,1,2631,,,ORG
total,corpus,Moto,1,1,2631,,,ORG
total,corpus,Moto Suzuki,1,1,2631,,,ORG
total,corpus,Moto V551,1,1,2631,,,MISC
total,corpus,Mountain Dew Baja Blasts,1,1,2631,,,LOC
total,corpus,Movimiento Millerita,1,1,2631,,,ORG
total,corpus,Movimiento Stone-Campbell,1,1,2631,,,ORG
total,corpus,Muchísimas,1,1,2631,,,LOC
total,corpus,Mugunghwa,1,1,2631,,,MISC
total,corpus,Mum fine foods,1,1,2631,,,MISC
total,corpus,Muraoka,1,1,2631,,,LOC
total,corpus,Museo de Historia de,1,1,2631,,,LOC
total,corpus,Muy confundido,1,1,2631,,,MISC
total,corpus,Málaga,1,1,2631,,,LOC
total,corpus,Mánchester,1,1,2631,,,LOC
total,corpus,Más ordenadores,1,1,2631,,,MISC
total,corpus,Más publicaciones de apreciación de Minnesota,1,1,2631,,,MISC
total,corpus,Más teles,1,1,2631,,,MISC
total,corpus,Más vivienda,1,1,2631,,,MISC
total,corpus,Mías,1,1,2631,,,MISC
total,corpus,Múltiples robos,1,1,2631,,,MISC
total,corpus,NADA! Solo sentarme en la playa,1,1,2631,,,MISC
total,corpus,NAPARC,1,1,2631,,,LOC
total,corpus,ND,1,1,2631,,,ORG
total,corpus,ND-5,1,1,2631,,,MISC
total,corpus,NDA,1,1,2631,,,ORG
total,corpus,NECESITO ESCUCHAR,1,1,2631,,,PER
total,corpus,NHL,1,1,2631,,,ORG
total,corpus,NO SÉ QUÉ,1,1,2631,,,MISC
total,corpus,NOOOOOOOO,1,1,2631,,,MISC
total,corpus,NOSOTROS,1,1,2631,,,MISC
total,corpus,NT,1,1,2631,,,MISC
total,corpus,Nachos,1,1,2631,,,PER
total,corpus,Nachos de patata,1,1,2631,,,PER
total,corpus,Nacionalismo Cristiano,1,1,2631,,,MISC
total,corpus,Nada más patriótico que oírle gritar,1,1,2631,,,MISC
total,corpus,"Nada perdido, nada ganado",1,1,2631,,,MISC
total,corpus,Nadé,1,1,2631,,,LOC
total,corpus,Nagatomo,1,1,2631,,,LOC
total,corpus,Nakamura,1,1,2631,,,MISC
total,corpus,Nami-san,1,1,2631,,,PER
total,corpus,Nashville,1,1,2631,,,LOC
total,corpus,National League,1,1,2631,,,ORG
total,corpus,Nations League,1,1,2631,,,ORG
total,corpus,Natsuko eres Natsuko,1,1,2631,,,MISC
total,corpus,Navidad… Dale Me gusta,1,1,2631,,,MISC
total,corpus,Naz Reid,1,1,2631,,,PER
total,corpus,Need to get you on,1,1,2631,,,MISC
total,corpus,Netflix,1,1,2631,,,ORG
total,corpus,Nevera,1,1,2631,,,MISC
total,corpus,New Haven,1,1,2631,,,LOC
total,corpus,New York,1,1,2631,,,LOC
total,corpus,Newcastle,1,1,2631,,,LOC
total,corpus,Ni siquiera me,1,1,2631,,,MISC
total,corpus,Ni siquiera me multarán,1,1,2631,,,MISC
total,corpus,Ni siquiera puedo sacar los M&M's,1,1,2631,,,MISC
total,corpus,Ni siquiera una útil,1,1,2631,,,MISC
total,corpus,Ni un solo,1,1,2631,,,MISC
total,corpus,Nice to get out the groups though,1,1,2631,,,MISC
total,corpus,Nicolas Jackson,1,1,2631,,,PER
total,corpus,Nigeria,1,1,2631,,,LOC
total,corpus,Nikkei,1,1,2631,,,MISC
total,corpus,Nikkei Average Is this what they call 'Abikyo-kan,1,1,2631,,,MISC
total,corpus,No,1,1,2631,,,ORG
total,corpus,No Solicitar,1,1,2631,,,MISC
total,corpus,No dio muchos frutos,1,1,2631,,,MISC
total,corpus,No diría que,1,1,2631,,,MISC
total,corpus,No elimina la naturaleza,1,1,2631,,,MISC
total,corpus,No encontrarás un sándwich de salchicha,1,1,2631,,,MISC
total,corpus,No eres ninguna margarita,1,1,2631,,,MISC
total,corpus,No es que no tenga ganas de cortar pérdidas,1,1,2631,,,MISC
total,corpus,No es solo Haaland,1,1,2631,,,MISC
total,corpus,No es un hombre sano,1,1,2631,,,MISC
total,corpus,No estoy roto,1,1,2631,,,MISC
total,corpus,No estás solo en lo que estás,1,1,2631,,,MISC
total,corpus,No fueron las calorías,1,1,2631,,,MISC
total,corpus,No hacerlo,1,1,2631,,,MISC
total,corpus,No hagas nada que rebaje la dignidad de tu afiliación,1,1,2631,,,MISC
total,corpus,No hay nada mejor,1,1,2631,,,MISC
total,corpus,No he oído su nombre en años,1,1,2631,,,MISC
total,corpus,No importa lo que esté,1,1,2631,,,MISC
total,corpus,No judío,1,1,2631,,,MISC
total,corpus,No me da la gana,1,1,2631,,,MISC
total,corpus,No me importa,1,1,2631,,,MISC
total,corpus,No me preocupa en absoluto,1,1,2631,,,MISC
total,corpus,No mereces ganar más dinero,1,1,2631,,,MISC
total,corpus,No necesitamos evaluar nada por nosotros mismos,1,1,2631,,,MISC
total,corpus,No puedes comprar nada más que 2 botellas de agua,1,1,2631,,,MISC
total,corpus,No puedes convencer a una persona de una creencia en la que nunca entró razonando,1,1,2631,,,MISC
total,corpus,No puedes equivocarte,1,1,2631,,,MISC
total,corpus,No puedo creer que no nos ganaras,1,1,2631,,,MISC
total,corpus,No puedo esperar a hincarle el diente,1,1,2631,,,MISC
total,corpus,No puedo esperar a ir a,1,1,2631,,,MISC
total,corpus,No sabía qué esperar,1,1,2631,,,MISC
total,corpus,No se debería permitir almacenar fertilizantes en las granjas,1,1,2631,,,MISC
total,corpus,No solo estás compitiendo por dólares contra el desarrollador de la otra punta de la ciudad,1,1,2631,,,MISC
total,corpus,No solo su voz,1,1,2631,,,MISC
total,corpus,No soy yo,1,1,2631,,,MISC
total,corpus,No sé qué tan exitoso,1,1,2631,,,MISC
total,corpus,No tenía ni idea de que,1,1,2631,,,MISC
total,corpus,No tiene ni idea de lo que está hablando el francés,1,1,2631,,,MISC
total,corpus,No tienes que seguir,1,1,2631,,,MISC
total,corpus,No todo el mundo,1,1,2631,,,MISC
total,corpus,No todos los ataques ad hominem son falacias,1,1,2631,,,MISC
total,corpus,No va muy bien,1,1,2631,,,MISC
total,corpus,No voy a mentir,1,1,2631,,,MISC
total,corpus,"No, mi hija",1,1,2631,,,MISC
total,corpus,Noches,1,1,2631,,,MISC
total,corpus,Nombrar,1,1,2631,,,ORG
total,corpus,Noruega,1,1,2631,,,LOC
total,corpus,Nos encantaría pasar a hacer un tour,1,1,2631,,,MISC
total,corpus,Notre Dame,1,1,2631,,,LOC
total,corpus,Now Asia,1,1,2631,,,MISC
total,corpus,Noé,1,1,2631,,,MISC
total,corpus,Nuestras vidas,1,1,2631,,,MISC
total,corpus,Nuestro,1,1,2631,,,PER
total,corpus,Nuestro Jesús,1,1,2631,,,PER
total,corpus,Nueva Derecha Cristiana,1,1,2631,,,MISC
total,corpus,Nueva Orleans,1,1,2631,,,LOC
total,corpus,Nuevo Episodio,1,1,2631,,,MISC
total,corpus,Nuevo Reino,1,1,2631,,,LOC
total,corpus,Nunca,1,1,2631,,,LOC
total,corpus,Nunca me recuperaré de esto,1,1,2631,,,MISC
total,corpus,Nunca sabes a cuántas personas,1,1,2631,,,MISC
total,corpus,Nvidia,1,1,2631,,,ORG
total,corpus,Nyx-chan,1,1,2631,,,LOC
total,corpus,O'Donnels,1,1,2631,,,PER
total,corpus,O'Malleys,1,1,2631,,,LOC
total,corpus,O'Riely,1,1,2631,,,MISC
total,corpus,OBSOLETO EL,1,1,2631,,,MISC
total,corpus,OCs,1,1,2631,,,PER
total,corpus,OK 🙆,1,1,2631,,,MISC
total,corpus,OMG,1,1,2631,,,MISC
total,corpus,OMGGG,1,1,2631,,,MISC
total,corpus,Oak Brook,1,1,2631,,,LOC
total,corpus,Obtén,1,1,2631,,,MISC
total,corpus,Ocean Springs,1,1,2631,,,LOC
total,corpus,Odia,1,1,2631,,,ORG
total,corpus,Odio,1,1,2631,,,MISC
total,corpus,Odio la palabra,1,1,2631,,,MISC
total,corpus,Odio limpiar la grasa,1,1,2631,,,MISC
total,corpus,Odiseo,1,1,2631,,,PER
total,corpus,Odyssey,1,1,2631,,,MISC
total,corpus,Oferta,1,1,2631,,,LOC
total,corpus,Ogden,1,1,2631,,,PER
total,corpus,Oh,1,1,2631,,,MISC
total,corpus,Oh Dios mío,1,1,2631,,,MISC
total,corpus,Oh hell nah someone said French kiss him,1,1,2631,,,MISC
total,corpus,Oh mierda,1,1,2631,,,MISC
total,corpus,Oh! paypal,1,1,2631,,,MISC
total,corpus,"Oh, mira",1,1,2631,,,MISC
total,corpus,Ohhhh,1,1,2631,,,PER
total,corpus,Ohhhhh,1,1,2631,,,PER
total,corpus,Ohhhhhhhh,1,1,2631,,,PER
total,corpus,Ohhhhhhhh Tequila,1,1,2631,,,LOC
total,corpus,Ohtani-kun,1,1,2631,,,PER
total,corpus,Oimachi 😭 #BabyClubTheater ¿Debería comprar palomitas,1,1,2631,,,MISC
total,corpus,Old English,1,1,2631,,,MISC
total,corpus,Ollise,1,1,2631,,,MISC
total,corpus,Olvidaste,1,1,2631,,,MISC
total,corpus,Olvidé,1,1,2631,,,MISC
total,corpus,Omiさん,1,1,2631,,,MISC
total,corpus,Onion Creek Club,1,1,2631,,,LOC
total,corpus,OnlyFans,1,1,2631,,,MISC
total,corpus,Oooooooh,1,1,2631,,,PER
total,corpus,Operadores multifamiliares,1,1,2631,,,MISC
total,corpus,Oprah,1,1,2631,,,PER
total,corpus,Orden,1,1,2631,,,ORG
total,corpus,Orlando,1,1,2631,,,LOC
total,corpus,Osama bin Laden,1,1,2631,,,PER
total,corpus,Oulanem,1,1,2631,,,PER
total,corpus,Oura,1,1,2631,,,LOC
total,corpus,Owen Hargreaves,1,1,2631,,,PER
total,corpus,Oyster Bar,1,1,2631,,,LOC
total,corpus,P0rnhub/0nlyf@ns,1,1,2631,,,MISC
total,corpus,PARA TENER LA OPORTUNIDAD DE,1,1,2631,,,MISC
total,corpus,PASANDO,1,1,2631,,,MISC
total,corpus,PASANDO EN EL BAY AREA PERO ¡¡SANTA MIERDA,1,1,2631,,,MISC
total,corpus,PATILLAS,1,1,2631,,,MISC
total,corpus,PCA,1,1,2631,,,ORG
total,corpus,PIENSES,1,1,2631,,,ORG
total,corpus,POR FAVOR,1,1,2631,,,ORG
total,corpus,PROBABLEMENTE UNO DE LOS MEJORES,1,1,2631,,,MISC
total,corpus,PROGRAMAR,1,1,2631,,,MISC
total,corpus,PTO,1,1,2631,,,ORG
total,corpus,PWC,1,1,2631,,,ORG
total,corpus,Pagar 700 libras,1,1,2631,,,MISC
total,corpus,Pahrump,1,1,2631,,,PER
total,corpus,Paint It Blue In The World,1,1,2631,,,MISC
total,corpus,Palacio Bellas Artes,1,1,2631,,,LOC
total,corpus,Pan Plano Picante de Verano Cena,1,1,2631,,,LOC
total,corpus,Paninis,1,1,2631,,,PER
total,corpus,Panzanella,1,1,2631,,,LOC
total,corpus,Papa,1,1,2631,,,PER
total,corpus,Papas,1,1,2631,,,PER
total,corpus,Papas Caprese Hasselback Baguettes Caprese,1,1,2631,,,PER
total,corpus,Papel de los Príncipes Cristianos,1,1,2631,,,MISC
total,corpus,Paquete,1,1,2631,,,MISC
total,corpus,Para Inglaterra,1,1,2631,,,MISC
total,corpus,Para mañana,1,1,2631,,,MISC
total,corpus,Para un anciano cobarde,1,1,2631,,,MISC
total,corpus,Para un lugar,1,1,2631,,,MISC
total,corpus,Paraguay,1,1,2631,,,LOC
total,corpus,Parar,1,1,2631,,,LOC
total,corpus,Paseo,1,1,2631,,,PER
total,corpus,Pastel de macarrones,1,1,2631,,,MISC
total,corpus,Patata #vegetarian #recipes,1,1,2631,,,MISC
total,corpus,Pateé,1,1,2631,,,PER
total,corpus,Patriot Front,1,1,2631,,,MISC
total,corpus,Patriota! 🇺🇸,1,1,2631,,,MISC
total,corpus,Paul Wall,1,1,2631,,,PER
total,corpus,Pausa,1,1,2631,,,PER
total,corpus,Película 🥹😍,1,1,2631,,,MISC
total,corpus,Pensando,1,1,2631,,,ORG
total,corpus,Peor,1,1,2631,,,PER
total,corpus,Pepinillos encurtidos Croissants de Ensalada de Huevo Tomates Cóctel Rellenos de Ensalada de Huevo #vegetarian #recipes,1,1,2631,,,PER
total,corpus,Perdedora,1,1,2631,,,PER
total,corpus,Perderás,1,1,2631,,,MISC
total,corpus,Perdón,1,1,2631,,,PER
total,corpus,Pero creo,1,1,2631,,,MISC
total,corpus,Pero de alguna manera,1,1,2631,,,MISC
total,corpus,Pero tiene 34 años,1,1,2631,,,MISC
total,corpus,Personas,1,1,2631,,,MISC
total,corpus,Período Romántico,1,1,2631,,,MISC
total,corpus,Peso,1,1,2631,,,MISC
total,corpus,Pesto,1,1,2631,,,ORG
total,corpus,Pesto Sandía Cargada Combate el Calor,1,1,2631,,,PER
total,corpus,Pesto Sándwich,1,1,2631,,,ORG
total,corpus,Phil Williams,1,1,2631,,,PER
total,corpus,Philly Cheesesteak Pan,1,1,2631,,,PER
total,corpus,Phoenix,1,1,2631,,,LOC
total,corpus,Pieles,1,1,2631,,,MISC
total,corpus,Pienso,1,1,2631,,,MISC
total,corpus,Pigeon Forge,1,1,2631,,,LOC
total,corpus,Pinto Crunchwraps! #vegetarian #recipe,1,1,2631,,,MISC
total,corpus,Pirámide de la Luna,1,1,2631,,,LOC
total,corpus,Pirámide del Sol,1,1,2631,,,LOC
total,corpus,Pitmaster BBQ,1,1,2631,,,MISC
total,corpus,Pizza Hut,1,1,2631,,,ORG
total,corpus,Piénsalo,1,1,2631,,,PER
total,corpus,Plan de Comidas,1,1,2631,,,MISC
total,corpus,Plato Caprese Panzanella,1,1,2631,,,PER
total,corpus,Plato de Heirloom,1,1,2631,,,PER
total,corpus,PlayStation,1,1,2631,,,MISC
total,corpus,Playa,1,1,2631,,,LOC
total,corpus,Podemos,1,1,2631,,,ORG
total,corpus,Pollo BBQ,1,1,2631,,,MISC
total,corpus,Pollo Pesto Provolone,1,1,2631,,,PER
total,corpus,Ponte,1,1,2631,,,LOC
total,corpus,PopUp,1,1,2631,,,MISC
total,corpus,Pope,1,1,2631,,,PER
total,corpus,Por eso,1,1,2631,,,MISC
total,corpus,Por eso en puedes mirar una foto de algo que te motive justo al lado de cada tarea,1,1,2631,,,MISC
total,corpus,Por eso es natural que Kije-san,1,1,2631,,,MISC
total,corpus,Por favor,1,1,2631,,,MISC
total,corpus,Por la noche,1,1,2631,,,MISC
total,corpus,Por más de 15,1,1,2631,,,MISC
total,corpus,Por otro lado,1,1,2631,,,MISC
total,corpus,Por qué alguien debería ayudaros,1,1,2631,,,MISC
total,corpus,"Por supuesto, mi primera reacción",1,1,2631,,,MISC
total,corpus,Porque la cantidad de dinero,1,1,2631,,,MISC
total,corpus,Predator,1,1,2631,,,MISC
total,corpus,Prefiero,1,1,2631,,,PER
total,corpus,Prenton Park,1,1,2631,,,LOC
total,corpus,Prepara tu bandera de Noruega 🇳🇴,1,1,2631,,,MISC
total,corpus,Prerolls… ¡Dale Me Gusta,1,1,2631,,,MISC
total,corpus,Presbiteriana del Sur,1,1,2631,,,LOC
total,corpus,Presbiterianos,1,1,2631,,,PER
total,corpus,Presbiterio del Gran Cantón,1,1,2631,,,LOC
total,corpus,Prime,1,1,2631,,,MISC
total,corpus,Primer Ministro,1,1,2631,,,MISC
total,corpus,Primera,1,1,2631,,,MISC
total,corpus,Problema,1,1,2631,,,MISC
total,corpus,Propa Chels,1,1,2631,,,MISC
total,corpus,Propietarios de marcas pensando que el,1,1,2631,,,MISC
total,corpus,Puedo,1,1,2631,,,ORG
total,corpus,Puedo gritar aunque no pueda saltar,1,1,2631,,,MISC
total,corpus,Puente de Brooklyn,1,1,2631,,,LOC
total,corpus,Puerto Morelos,1,1,2631,,,LOC
total,corpus,Puff,1,1,2631,,,MISC
total,corpus,Purgatorio,1,1,2631,,,PER
total,corpus,Puse,1,1,2631,,,PER
total,corpus,Pyro,1,1,2631,,,ORG
total,corpus,Pásate,1,1,2631,,,PER
total,corpus,QUE,1,1,2631,,,MISC
total,corpus,QUÉDATE,1,1,2631,,,MISC
total,corpus,Quansah,1,1,2631,,,MISC
total,corpus,Que en el supermercado,1,1,2631,,,MISC
total,corpus,Que le jodan a,1,1,2631,,,MISC
total,corpus,Que llegue,1,1,2631,,,MISC
total,corpus,Que se joda,1,1,2631,,,MISC
total,corpus,Que se joda KFC Que,1,1,2631,,,MISC
total,corpus,Que tengas un buen día,1,1,2631,,,MISC
total,corpus,Queen,1,1,2631,,,ORG
total,corpus,Ques,1,1,2631,,,PER
total,corpus,Quesadillas,1,1,2631,,,MISC
total,corpus,Queso Ranch,1,1,2631,,,LOC
total,corpus,Quiero hacerlo en NYC,1,1,2631,,,MISC
total,corpus,Quiero ir,1,1,2631,,,MISC
total,corpus,Quiero probarlo 🥹,1,1,2631,,,MISC
total,corpus,Quiero verlos ganar,1,1,2631,,,MISC
total,corpus,Quise,1,1,2631,,,PER
total,corpus,Quién me quiere,1,1,2631,,,MISC
total,corpus,Qué ambiente,1,1,2631,,,MISC
total,corpus,Qué debo creer sobre,1,1,2631,,,MISC
total,corpus,Qué dices,1,1,2631,,,MISC
total,corpus,Qué final,1,1,2631,,,MISC
total,corpus,Qué noche de mierda,1,1,2631,,,MISC
total,corpus,Qué payaso tan,1,1,2631,,,MISC
total,corpus,Qué pérdida de espacio,1,1,2631,,,MISC
total,corpus,Quítese el sombrero,1,1,2631,,,MISC
total,corpus,R. Scott Clark,1,1,2631,,,PER
total,corpus,R.C. Sproul,1,1,2631,,,PER
total,corpus,R2,1,1,2631,,,MISC
total,corpus,R2K Kellerites,1,1,2631,,,MISC
total,corpus,R32,1,1,2631,,,ORG
total,corpus,RIU Montego Bay,1,1,2631,,,LOC
total,corpus,ROJOS,1,1,2631,,,ORG
total,corpus,ROSA,1,1,2631,,,PER
total,corpus,RRP,1,1,2631,,,MISC
total,corpus,RUBIAS POESÍAS,1,1,2631,,,MISC
total,corpus,Radio 4,1,1,2631,,,ORG
total,corpus,Rafa,1,1,2631,,,PER
total,corpus,Raiders,1,1,2631,,,ORG
total,corpus,Rakuten,1,1,2631,,,ORG
total,corpus,Rashford,1,1,2631,,,PER
total,corpus,Ray Kroc,1,1,2631,,,PER
total,corpus,Ray-Ban,1,1,2631,,,ORG
total,corpus,Really like this,1,1,2631,,,MISC
total,corpus,Realmente me disgusta,1,1,2631,,,MISC
total,corpus,Rebels,1,1,2631,,,MISC
total,corpus,Reconvene,1,1,2631,,,ORG
total,corpus,Recuerdo,1,1,2631,,,MISC
total,corpus,Red Stripes,1,1,2631,,,ORG
total,corpus,Reece James,1,1,2631,,,PER
total,corpus,Reformadores,1,1,2631,,,ORG
total,corpus,Refugiados bienvenidos 🤗,1,1,2631,,,MISC
total,corpus,Regionally Taught,1,1,2631,,,PER
total,corpus,Reiwa,1,1,2631,,,MISC
total,corpus,Republicano,1,1,2631,,,ORG
total,corpus,República Islámica de Japón,1,1,2631,,,ORG
total,corpus,República de Weimar de Occidente,1,1,2631,,,ORG
total,corpus,Reservé El Diablo Viste de Prada,1,1,2631,,,MISC
total,corpus,Responder,1,1,2631,,,MISC
total,corpus,Reuters,1,1,2631,,,ORG
total,corpus,Revisa tus comentarios de vez en cuando si quieres una dosis de realidad,1,1,2631,,,MISC
total,corpus,Rice,1,1,2631,,,PER
total,corpus,Rice Krispie,1,1,2631,,,PER
total,corpus,Rich Paul,1,1,2631,,,PER
total,corpus,Ridículo,1,1,2631,,,MISC
total,corpus,Rise of the Resistance,1,1,2631,,,MISC
total,corpus,Rob Edwards,1,1,2631,,,PER
total,corpus,Robado,1,1,2631,,,LOC
total,corpus,Roma,1,1,2631,,,LOC
total,corpus,Romano Bean & Tater Bowls Sweet Potato Black Bean Bowls Roasted Tater,1,1,2631,,,PER
total,corpus,Ron,1,1,2631,,,PER
total,corpus,Ronaldinho,1,1,2631,,,PER
total,corpus,Ronaldo,1,1,2631,,,PER
total,corpus,Roo! ¡Está luciendo el V-kini,1,1,2631,,,MISC
total,corpus,Rostov,1,1,2631,,,LOC
total,corpus,Rovaniemi,1,1,2631,,,LOC
total,corpus,Roy Keane,1,1,2631,,,PER
total,corpus,Rudy,1,1,2631,,,PER
total,corpus,Rue,1,1,2631,,,PER
total,corpus,Rushdoony,1,1,2631,,,LOC
total,corpus,Russell,1,1,2631,,,PER
total,corpus,Ryan Loft,1,1,2631,,,PER
total,corpus,Ryukei,1,1,2631,,,PER
total,corpus,Rápido,1,1,2631,,,MISC
total,corpus,Rúcula Merienda,1,1,2631,,,LOC
total,corpus,Rúcula Snack,1,1,2631,,,LOC
total,corpus,S&P 500! Justo,1,1,2631,,,MISC
total,corpus,S1,1,1,2631,,,MISC
total,corpus,SAMURAI BLUE 🇯🇵 Fui,1,1,2631,,,MISC
total,corpus,SBC,1,1,2631,,,ORG
total,corpus,SE JODA,1,1,2631,,,MISC
total,corpus,SE QUÉ,1,1,2631,,,MISC
total,corpus,SEC,1,1,2631,,,ORG
total,corpus,SOÑEMOS,1,1,2631,,,ORG
total,corpus,SPAAUT,1,1,2631,,,MISC
total,corpus,STREAM W FRANCE W,1,1,2631,,,MISC
total,corpus,SUERTE DE,1,1,2631,,,MISC
total,corpus,SWA,1,1,2631,,,ORG
total,corpus,Sabbat,1,1,2631,,,ORG
total,corpus,Sabe a libertad,1,1,2631,,,MISC
total,corpus,Sabías,1,1,2631,,,LOC
total,corpus,Saitama Stadium,1,1,2631,,,LOC
total,corpus,Salford,1,1,2631,,,LOC
total,corpus,Salgamos,1,1,2631,,,LOC
total,corpus,Salud,1,1,2631,,,ORG
total,corpus,Saludos,1,1,2631,,,PER
total,corpus,Saludé a un barco de colores,1,1,2631,,,MISC
total,corpus,Sam,1,1,2631,,,PER
total,corpus,Sam Allberry,1,1,2631,,,PER
total,corpus,Sam Finley,1,1,2631,,,PER
total,corpus,Sammy,1,1,2631,,,MISC
total,corpus,Samuel Sey,1,1,2631,,,PER
total,corpus,San Diego,1,1,2631,,,LOC
total,corpus,San Francisco,1,1,2631,,,LOC
total,corpus,San Francisco 🍺 Disfrutando de,1,1,2631,,,LOC
total,corpus,San José,1,1,2631,,,LOC
total,corpus,Sano,1,1,2631,,,MISC
total,corpus,Sapporo,1,1,2631,,,LOC
total,corpus,Sartén Buñuelos de Maíz Elote,1,1,2631,,,LOC
total,corpus,Sartén de Canelones Cremosos,1,1,2631,,,LOC
total,corpus,Satanic,1,1,2631,,,MISC
total,corpus,Sato,1,1,2631,,,PER
total,corpus,Sean,1,1,2631,,,PER
total,corpus,Seguir,1,1,2631,,,ORG
total,corpus,Segunda Guerra,1,1,2631,,,MISC
total,corpus,Segundo Gran Despertar,1,1,2631,,,MISC
total,corpus,Segundo Gran Despertar…,1,1,2631,,,MISC
total,corpus,Según el conserje,1,1,2631,,,MISC
total,corpus,Seis Fags Sobre Texas,1,1,2631,,,MISC
total,corpus,Sentí,1,1,2631,,,PER
total,corpus,Serie A. Lo,1,1,2631,,,MISC
total,corpus,Servicio de calidad,1,1,2631,,,ORG
total,corpus,Seven,1,1,2631,,,MISC
total,corpus,Sexy Dison,1,1,2631,,,PER
total,corpus,Señor,1,1,2631,,,PER
total,corpus,Shakkari,1,1,2631,,,LOC
total,corpus,Shamrock Rovers,1,1,2631,,,ORG
total,corpus,Shanghai,1,1,2631,,,LOC
total,corpus,Sheffield,1,1,2631,,,LOC
total,corpus,Shelly,1,1,2631,,,MISC
total,corpus,Sherman Builders,1,1,2631,,,MISC
total,corpus,Shindo,1,1,2631,,,PER
total,corpus,Shit,1,1,2631,,,MISC
total,corpus,Shonandai,1,1,2631,,,LOC
total,corpus,Shrewsbury,1,1,2631,,,LOC
total,corpus,Shull,1,1,2631,,,LOC
total,corpus,Siempre agradecido🔮,1,1,2631,,,MISC
total,corpus,Siempre me da pena,1,1,2631,,,MISC
total,corpus,Siento,1,1,2631,,,LOC
total,corpus,Silicon Valley,1,1,2631,,,LOC
total,corpus,Silver Week,1,1,2631,,,MISC
total,corpus,Sim,1,1,2631,,,MISC
total,corpus,Simeón,1,1,2631,,,PER
total,corpus,Simple,1,1,2631,,,MISC
total,corpus,Sin amenaza de furia,1,1,2631,,,MISC
total,corpus,Sin bromas,1,1,2631,,,MISC
total,corpus,Sin cultivar clips,1,1,2631,,,MISC
total,corpus,Sin decírmelo a mí ni a mi familia,1,1,2631,,,MISC
total,corpus,Sin fichajes,1,1,2631,,,MISC
total,corpus,Singapur,1,1,2631,,,LOC
total,corpus,Siquem,1,1,2631,,,LOC
total,corpus,Sir Harry Kane,1,1,2631,,,MISC
total,corpus,Siéntate esta vez,1,1,2631,,,MISC
total,corpus,SkiMask StumpGuy,1,1,2631,,,MISC
total,corpus,Sky Sports News,1,1,2631,,,ORG
total,corpus,Skylar 🇺🇸,1,1,2631,,,MISC
total,corpus,Skyline,1,1,2631,,,MISC
total,corpus,Slater,1,1,2631,,,PER
total,corpus,Slim Poncho Western West Coast Deck talla M,1,1,2631,,,ORG
total,corpus,Sloppy Joe,1,1,2631,,,MISC
total,corpus,Sm0k1ngC4t,1,1,2631,,,MISC
total,corpus,Smith,1,1,2631,,,PER
total,corpus,Smithsonian,1,1,2631,,,ORG
total,corpus,Smoot,1,1,2631,,,PER
total,corpus,Snif snif,1,1,2631,,,PER
total,corpus,Socio General,1,1,2631,,,ORG
total,corpus,Solo 400%,1,1,2631,,,MISC
total,corpus,Solo en casa de niño,1,1,2631,,,MISC
total,corpus,Solo lo confiscarán,1,1,2631,,,MISC
total,corpus,Solo me cocinó la carne,1,1,2631,,,MISC
total,corpus,Solo puedo agradecerles por transportarlo tan bien,1,1,2631,,,MISC
total,corpus,Solo puedo conservarlo si fue de venta general,1,1,2631,,,MISC
total,corpus,Solo puedo pensar,1,1,2631,,,MISC
total,corpus,Solo recuerdo su apodo,1,1,2631,,,MISC
total,corpus,Solo reservamos el vuelo,1,1,2631,,,MISC
total,corpus,Solo triste,1,1,2631,,,MISC
total,corpus,Solo una,1,1,2631,,,MISC
total,corpus,Somerset,1,1,2631,,,LOC
total,corpus,Son,1,1,2631,,,LOC
total,corpus,Son arrestados menos,1,1,2631,,,MISC
total,corpus,Son compactos y tienen cuchara,1,1,2631,,,MISC
total,corpus,Son unos payasos,1,1,2631,,,MISC
total,corpus,Sorajiro,1,1,2631,,,LOC
total,corpus,South Austin,1,1,2631,,,LOC
total,corpus,South Bend,1,1,2631,,,LOC
total,corpus,Southgate,1,1,2631,,,ORG
total,corpus,Soy de los EE. UU,1,1,2631,,,MISC
total,corpus,Soy una mujer de lluvia,1,1,2631,,,MISC
total,corpus,Space Mafia,1,1,2631,,,ORG
total,corpus,Spotify for Creators,1,1,2631,,,MISC
total,corpus,Sprayne Rooney,1,1,2631,,,PER
total,corpus,Spurs,1,1,2631,,,ORG
total,corpus,Sr. Java,1,1,2631,,,PER
total,corpus,Sr. ND,1,1,2631,,,MISC
total,corpus,Star Trek,1,1,2631,,,MISC
total,corpus,Steffany,1,1,2631,,,LOC
total,corpus,Steve Deace,1,1,2631,,,PER
total,corpus,Stockport,1,1,2631,,,LOC
total,corpus,Stone,1,1,2631,,,PER
total,corpus,Stones,1,1,2631,,,ORG
total,corpus,Stracciatella de ensueño,1,1,2631,,,MISC
total,corpus,Stranger Things,1,1,2631,,,MISC
total,corpus,Strauss,1,1,2631,,,PER
total,corpus,Strava,1,1,2631,,,LOC
total,corpus,Stryker,1,1,2631,,,PER
total,corpus,Su alegría genuina,1,1,2631,,,MISC
total,corpus,Sube,1,1,2631,,,PER
total,corpus,Submarinos,1,1,2631,,,LOC
total,corpus,Subámonos,1,1,2631,,,LOC
total,corpus,Sucio,1,1,2631,,,PER
total,corpus,Sudamérica,1,1,2631,,,LOC
total,corpus,Sudo mucho,1,1,2631,,,MISC
total,corpus,Suica,1,1,2631,,,MISC
total,corpus,Summer Roo Comisión,1,1,2631,,,ORG
total,corpus,Sums Madueke,1,1,2631,,,ORG
total,corpus,Supongo,1,1,2631,,,MISC
total,corpus,Suruga,1,1,2631,,,LOC
total,corpus,Surveying the land,1,1,2631,,,MISC
total,corpus,Sus pies,1,1,2631,,,MISC
total,corpus,Suzuki,1,1,2631,,,ORG
total,corpus,Syndicate,1,1,2631,,,MISC
total,corpus,SÓLO,1,1,2631,,,ORG
total,corpus,Sácame de Dallas,1,1,2631,,,PER
total,corpus,Sándwiches de Ensalada de Huevo,1,1,2631,,,LOC
total,corpus,Sé dónde caigo,1,1,2631,,,MISC
total,corpus,Sí Reverend and The Makers and The Enemy,1,1,2631,,,MISC
total,corpus,Sí mismo como “Hijo del Hombre,1,1,2631,,,MISC
total,corpus,"Sí, el sitio",1,1,2631,,,MISC
total,corpus,"Sí, la mayoría de los hechos",1,1,2631,,,MISC
total,corpus,"Sí, los rastreadores de tareas están saturados",1,1,2631,,,MISC
total,corpus,"Sí, putas payasas 😂😂😂",1,1,2631,,,MISC
total,corpus,Síganme,1,1,2631,,,ORG
total,corpus,TAL,1,1,2631,,,MISC
total,corpus,TBA,1,1,2631,,,ORG
total,corpus,TBT,1,1,2631,,,MISC
total,corpus,TC,1,1,2631,,,ORG
total,corpus,THICC AS HONEY,1,1,2631,,,MISC
total,corpus,TIENES,1,1,2631,,,ORG
total,corpus,TROSC,1,1,2631,,,MISC
total,corpus,TRS,1,1,2631,,,MISC
total,corpus,TRVKE,1,1,2631,,,MISC
total,corpus,TSR,1,1,2631,,,ORG
total,corpus,Taiwán,1,1,2631,,,LOC
total,corpus,Takeuchi Ryoma,1,1,2631,,,PER
total,corpus,Talksport,1,1,2631,,,LOC
total,corpus,Tan limpio y asombroso,1,1,2631,,,MISC
total,corpus,Tan refrescante y delicioso,1,1,2631,,,MISC
total,corpus,Tanaj,1,1,2631,,,MISC
total,corpus,Tanner,1,1,2631,,,PER
total,corpus,Tanque,1,1,2631,,,LOC
total,corpus,Target 🇺🇸,1,1,2631,,,ORG
total,corpus,Tasty Island,1,1,2631,,,LOC
total,corpus,Te agradecemos las lágrimas de Argentina,1,1,2631,,,MISC
total,corpus,Te amo también ♾️,1,1,2631,,,MISC
total,corpus,Te enviamos sacos de patatas,1,1,2631,,,MISC
total,corpus,Te extraño,1,1,2631,,,MISC
total,corpus,Tech Striver™,1,1,2631,,,MISC
total,corpus,Temazo,1,1,2631,,,MISC
total,corpus,Tembló,1,1,2631,,,LOC
total,corpus,Tendré,1,1,2631,,,MISC
total,corpus,Tendré hambre,1,1,2631,,,MISC
total,corpus,Tengo buenos recuerdos de un,1,1,2631,,,MISC
total,corpus,Tenis,1,1,2631,,,LOC
total,corpus,Tennessee,1,1,2631,,,LOC
total,corpus,Terin,1,1,2631,,,PER
total,corpus,Terminal 3 de Haneda,1,1,2631,,,LOC
total,corpus,Terminé,1,1,2631,,,LOC
total,corpus,TestFlight,1,1,2631,,,MISC
total,corpus,Texas A&M 2,1,1,2631,,,ORG
total,corpus,Texas Tech 3,1,1,2631,,,MISC
total,corpus,Thatchers orange,1,1,2631,,,MISC
total,corpus,The Atlantic,1,1,2631,,,ORG
total,corpus,The Azteca,1,1,2631,,,ORG
total,corpus,The Bad Batch,1,1,2631,,,MISC
total,corpus,The Coral,1,1,2631,,,MISC
total,corpus,The Devil Went Down to Georgia,1,1,2631,,,MISC
total,corpus,The Enemy,1,1,2631,,,ORG
total,corpus,The Founder,1,1,2631,,,MISC
total,corpus,The Mandalorian 😭✨,1,1,2631,,,MISC
total,corpus,The Predators,1,1,2631,,,ORG
total,corpus,The Sun,1,1,2631,,,ORG
total,corpus,The Vaccines,1,1,2631,,,ORG
total,corpus,They’ve helped us end 27 wars,1,1,2631,,,MISC
total,corpus,This,1,1,2631,,,MISC
total,corpus,This is a chart on how to kowtow to the liberal,1,1,2631,,,MISC
total,corpus,This is the best Pukpuk-chan,1,1,2631,,,MISC
total,corpus,This is why everyone within the church needs affirming participation trophies,1,1,2631,,,MISC
total,corpus,Thomas Tuchel,1,1,2631,,,PER
total,corpus,Tijuana,1,1,2631,,,MX_DESTINO
total,corpus,Tikal,1,1,2631,,,LOC
total,corpus,Times Square 🇺🇸,1,1,2631,,,ORG
total,corpus,Tobitakyu,1,1,2631,,,LOC
total,corpus,Tocar Hierba,1,1,2631,,,MISC
total,corpus,Todas las demás veces,1,1,2631,,,MISC
total,corpus,Todas nuestras disculpas,1,1,2631,,,MISC
total,corpus,Todavía creo,1,1,2631,,,MISC
total,corpus,Todavía no estoy seguro de cómo,1,1,2631,,,MISC
total,corpus,Todavía no puedo alcanzar las cosas,1,1,2631,,,MISC
total,corpus,Todo el programa,1,1,2631,,,MISC
total,corpus,Todo lo que hemos oído,1,1,2631,,,MISC
total,corpus,Todo sobre sandía,1,1,2631,,,MISC
total,corpus,Todos han sido tan acogedores y amables,1,1,2631,,,MISC
total,corpus,Todos los días reviso X,1,1,2631,,,MISC
total,corpus,Todos los estadios,1,1,2631,,,MISC
total,corpus,Todos los pasajeros,1,1,2631,,,MISC
total,corpus,"Todos tenemos luchas, miedos e inseguridades",1,1,2631,,,MISC
total,corpus,"Todos ustedes, mis queridos finsubs",1,1,2631,,,MISC
total,corpus,Tom Cruise,1,1,2631,,,PER
total,corpus,Tomates de hamburguesa,1,1,2631,,,PER
total,corpus,Tomates heirloom preciosos,1,1,2631,,,PER
total,corpus,Tomball,1,1,2631,,,LOC
total,corpus,Tommy T,1,1,2631,,,PER
total,corpus,Top of the Rock,1,1,2631,,,MISC
total,corpus,Toro Sentado,1,1,2631,,,PER
total,corpus,Toshiaki Ishikawa,1,1,2631,,,PER
total,corpus,Tostadas Almuerzo,1,1,2631,,,PER
total,corpus,Total summer vibes,1,1,2631,,,MISC
total,corpus,Totchos,1,1,2631,,,LOC
total,corpus,Totchos Totchos,1,1,2631,,,LOC
total,corpus,Tottenham,1,1,2631,,,ORG
total,corpus,Toudai-san,1,1,2631,,,LOC
total,corpus,Toyota,1,1,2631,,,ORG
total,corpus,Trailists,1,1,2631,,,PER
total,corpus,Tramlines 👌 The Clause,1,1,2631,,,ORG
total,corpus,Tranmere Rovers,1,1,2631,,,ORG
total,corpus,Transmisión,1,1,2631,,,MISC
total,corpus,Trash Truck,1,1,2631,,,MISC
total,corpus,Tratas el Noveno Mandamiento,1,1,2631,,,MISC
total,corpus,Travel Club,1,1,2631,,,ORG
total,corpus,Travis heights,1,1,2631,,,MISC
total,corpus,Trent-Alexander,1,1,2631,,,PER
total,corpus,Tripitaka,1,1,2631,,,MISC
total,corpus,Triturado #vegetarian #summer #recipes,1,1,2631,,,MISC
total,corpus,Tropical Lime,1,1,2631,,,LOC
total,corpus,True,1,1,2631,,,MISC
total,corpus,Tsujido,1,1,2631,,,LOC
total,corpus,Tsunsan,1,1,2631,,,LOC
total,corpus,Tu elegancia en su forma más pura,1,1,2631,,,MISC
total,corpus,Tu país,1,1,2631,,,MISC
total,corpus,Tulsa,1,1,2631,,,LOC
total,corpus,Turnbull,1,1,2631,,,PER
total,corpus,Turquía 🇹,1,1,2631,,,ORG
total,corpus,Tuve,1,1,2631,,,PER
total,corpus,Tuvimos,1,1,2631,,,ORG
total,corpus,Twitter #MiAniversarioX,1,1,2631,,,MISC
total,corpus,Twitter woke,1,1,2631,,,MISC
total,corpus,Tyson Cole,1,1,2631,,,PER
total,corpus,Tú,1,1,2631,,,MISC
total,corpus,Tú encajas en la definición de diccionario de maquiavélico,1,1,2631,,,MISC
total,corpus,Tú eres,1,1,2631,,,MISC
total,corpus,Túnez 🇹🇳,1,1,2631,,,ORG
total,corpus,U18,1,1,2631,,,LOC
total,corpus,UT Oh wait,1,1,2631,,,MISC
total,corpus,Ubers,1,1,2631,,,ORG
total,corpus,Uchi,1,1,2631,,,MISC
total,corpus,Udadada,1,1,2631,,,LOC
total,corpus,Uk Somerset,1,1,2631,,,PER
total,corpus,Umbreon Comisión,1,1,2631,,,ORG
total,corpus,Umbro,1,1,2631,,,ORG
total,corpus,Un grupo de apoyo confiable de,1,1,2631,,,MISC
total,corpus,Un hombre no le pide a la montaña,1,1,2631,,,MISC
total,corpus,Un par más de ellos en la parte superior del campo sería delicioso,1,1,2631,,,MISC
total,corpus,Un poco de humildad,1,1,2631,,,MISC
total,corpus,Un portero de clase,1,1,2631,,,MISC
total,corpus,Un posible inversor me preguntó,1,1,2631,,,MISC
total,corpus,Un prestatario puede mostrar mucha capital,1,1,2631,,,MISC
total,corpus,Un promotor ve un problema,1,1,2631,,,MISC
total,corpus,Un sueño de la infancia,1,1,2631,,,MISC
total,corpus,Un viaje a Liverpool,1,1,2631,,,MISC
total,corpus,Un viaje de 18 km,1,1,2631,,,MISC
total,corpus,Un viaje de toda la vida y recuerdos,1,1,2631,,,MISC
total,corpus,Una cultura/etnia,1,1,2631,,,MISC
total,corpus,Una de las mejores actuaciones de,1,1,2631,,,MISC
total,corpus,Una defensa de 4,1,1,2631,,,MISC
total,corpus,Una intención también puede transformarse,1,1,2631,,,MISC
total,corpus,Una mejora masiva,1,1,2631,,,MISC
total,corpus,Una ocasión perfecta para tomarse unos días,1,1,2631,,,MISC
total,corpus,Una oportunidad para comprar dólares 💵,1,1,2631,,,MISC
total,corpus,Una vez nos desviamos en un viaje por carretera de Minnesota,1,1,2631,,,MISC
total,corpus,Unión Soviética,1,1,2631,,,ORG
total,corpus,Unleashed,1,1,2631,,,MISC
total,corpus,Uno de los mejores lugares,1,1,2631,,,MISC
total,corpus,Usaste,1,1,2631,,,ORG
total,corpus,Ustedes,1,1,2631,,,PER
total,corpus,Ustedes están jodidos,1,1,2631,,,ORG
total,corpus,Uuuh,1,1,2631,,,LOC
total,corpus,Uwaaaahhh,1,1,2631,,,PER
total,corpus,VAMOSSSSSSSSSSSSSS FUCKING,1,1,2631,,,MISC
total,corpus,VANILLA,1,1,2631,,,MISC
total,corpus,VAR 😂 idiota estúpido ni siquiera,1,1,2631,,,MISC
total,corpus,VCs,1,1,2631,,,PER
total,corpus,VDAY,1,1,2631,,,MISC
total,corpus,VIP,1,1,2631,,,ORG
total,corpus,VIVEEEE,1,1,2631,,,ORG
total,corpus,Va,1,1,2631,,,MISC
total,corpus,Va a llover,1,1,2631,,,MISC
total,corpus,Vacaciones de primavera en,1,1,2631,,,MISC
total,corpus,Vale,1,1,2631,,,ORG
total,corpus,Vale Park,1,1,2631,,,LOC
total,corpus,Vamos Japón! 🇯🇵 ¡Viva,1,1,2631,,,MISC
total,corpus,Vamosssss 🇪🇸,1,1,2631,,,MISC
total,corpus,Vaticano,1,1,2631,,,LOC
total,corpus,Vaulks,1,1,2631,,,PER
total,corpus,Vaya,1,1,2631,,,MISC
total,corpus,Ve al blog <3 #vegetarian #recipe,1,1,2631,,,MISC
total,corpus,Ve al blog! #vegetarian #recipe #quesadillas,1,1,2631,,,MISC
total,corpus,Ve y apoya al Shamrock,1,1,2631,,,MISC
total,corpus,Ve y haz algo de investigación,1,1,2631,,,MISC
total,corpus,Vedas,1,1,2631,,,MISC
total,corpus,Vence,1,1,2631,,,PER
total,corpus,Vender vapes,1,1,2631,,,MISC
total,corpus,Vendo X2,1,1,2631,,,PER
total,corpus,Vengo,1,1,2631,,,MISC
total,corpus,Ventana de Overton,1,1,2631,,,LOC
total,corpus,Veo 456 de vez en cuando mientras hago otras cosas,1,1,2631,,,MISC
total,corpus,Veracruz,1,1,2631,,,MX_DESTINO
total,corpus,Verano,1,1,2631,,,LOC
total,corpus,Verdad honesta jajaja,1,1,2631,,,MISC
total,corpus,Vergonzoso,1,1,2631,,,MISC
total,corpus,"Vete ya, estafador de clickbait",1,1,2631,,,MISC
total,corpus,Vibras Y2K,1,1,2631,,,MISC
total,corpus,Vibras de Ensalada de Huevo Sándwiches de Ensalada de Huevo Tostadas de Sándwich de Ensalada de Huevo,1,1,2631,,,PER
total,corpus,Victor,1,1,2631,,,PER
total,corpus,Viendo Dear England,1,1,2631,,,MISC
total,corpus,Vienes,1,1,2631,,,LOC
total,corpus,Vimos Conquistamos,1,1,2631,,,MISC
total,corpus,Vini Jnr,1,1,2631,,,PER
total,corpus,Vinimos,1,1,2631,,,LOC
total,corpus,Violaste,1,1,2631,,,LOC
total,corpus,VivaMexico,1,1,2631,,,MISC
total,corpus,VivaMéxico,1,1,2631,,,MISC
total,corpus,Viviendas unifamiliares y multifamiliares pequeñas,1,1,2631,,,MISC
total,corpus,Vivo en Austin,1,1,2631,,,MISC
total,corpus,Voddie Baucham,1,1,2631,,,PER
total,corpus,Volveré,1,1,2631,,,MISC
total,corpus,Vosotros,1,1,2631,,,PER
total,corpus,Voy al baño,1,1,2631,,,MISC
total,corpus,Vuelo de las 6 am,1,1,2631,,,MISC
total,corpus,Vuelven a entrenar pasado mañana,1,1,2631,,,MISC
total,corpus,WNBA,1,1,2631,,,ORG
total,corpus,Waaaaaaahhh,1,1,2631,,,MISC
total,corpus,Wade,1,1,2631,,,PER
total,corpus,Wagyu Chuletón,1,1,2631,,,MISC
total,corpus,Waifu,1,1,2631,,,LOC
total,corpus,Wakandenses,1,1,2631,,,PER
total,corpus,Wakeyleaks,1,1,2631,,,PER
total,corpus,Wataru,1,1,2631,,,ORG
total,corpus,Watchtower,1,1,2631,,,MISC
total,corpus,Webbon,1,1,2631,,,LOC
total,corpus,What does this mean,1,1,2631,,,MISC
total,corpus,What time did they,1,1,2631,,,MISC
total,corpus,Wild 1,1,1,2631,,,MISC
total,corpus,Wilks,1,1,2631,,,PER
total,corpus,Will Spencer,1,1,2631,,,PER
total,corpus,Will Vaulks,1,1,2631,,,PER
total,corpus,William Miller,1,1,2631,,,PER
total,corpus,Willy Wonka,1,1,2631,,,PER
total,corpus,Wimbledon,1,1,2631,,,PER
total,corpus,Wirral,1,1,2631,,,LOC
total,corpus,Wolves,1,1,2631,,,MISC
total,corpus,Wonder Man,1,1,2631,,,MISC
total,corpus,Wow,1,1,2631,,,MISC
total,corpus,Wright,1,1,2631,,,PER
total,corpus,Y aunque vayamos a Nueva York,1,1,2631,,,MISC
total,corpus,Y no nos dejes caer,1,1,2631,,,MISC
total,corpus,Y otras personas,1,1,2631,,,MISC
total,corpus,YIMBY,1,1,2631,,,ORG
total,corpus,YONNA LA STREAMER TÚ REINA 🙏🏻🙏🏻🙏🏻 A,1,1,2631,,,LOC
total,corpus,Ya da igual la forma,1,1,2631,,,MISC
total,corpus,Ya hemos financiado tres préstamos adicionales para los próximos proyectos de estos prestatarios,1,1,2631,,,MISC
total,corpus,Ya veo,1,1,2631,,,MISC
total,corpus,Yahhhh,1,1,2631,,,LOC
total,corpus,YahooNews,1,1,2631,,,LOC
total,corpus,Yakuza,1,1,2631,,,ORG
total,corpus,Yale,1,1,2631,,,ORG
total,corpus,Yamanashi,1,1,2631,,,LOC
total,corpus,Yamato-ya,1,1,2631,,,LOC
total,corpus,Yikes,1,1,2631,,,PER
total,corpus,Yo dándole la leche a mi hija,1,1,2631,,,MISC
total,corpus,Yo solo vi este partido,1,1,2631,,,MISC
total,corpus,Yo también estoy actualmente en una misión de caminar,1,1,2631,,,MISC
total,corpus,Yo: Estoy en,1,1,2631,,,MISC
total,corpus,You can miss me with that fedora,1,1,2631,,,MISC
total,corpus,You wasnt wrong mate,1,1,2631,,,PER
total,corpus,You're honestly such,1,1,2631,,,MISC
total,corpus,YouTube,1,1,2631,,,MISC
total,corpus,Yucatán,1,1,2631,,,MX_DESTINO
total,corpus,Yutaka Ozaki,1,1,2631,,,PER
total,corpus,Yuto Nakamura,1,1,2631,,,PER
total,corpus,Yūya Ozaki La,1,1,2631,,,PER
total,corpus,Zabs Hot Sauce,1,1,2631,,,PER
total,corpus,Zocalo,1,1,2631,,,LOC
total,corpus,actualmente,1,1,2631,,,LOC
total,corpus,acá,1,1,2631,,,LOC
total,corpus,aeropuerto de Haneda,1,1,2631,,,LOC
total,corpus,ai slop,1,1,2631,,,PER
total,corpus,alls i know is,1,1,2631,,,MISC
total,corpus,amiga,1,1,2631,,,MISC
total,corpus,anarco-tiranía,1,1,2631,,,LOC
total,corpus,aww te extraño,1,1,2631,,,MISC
total,corpus,baby,1,1,2631,,,PER
total,corpus,badobachijp,1,1,2631,,,PER
total,corpus,beno,1,1,2631,,,PER
total,corpus,besame si me equivoco,1,1,2631,,,MISC
total,corpus,bohemian rapsody,1,1,2631,,,MISC
total,corpus,bro 😒🙄,1,1,2631,,,PER
total,corpus,burger king,1,1,2631,,,PER
total,corpus,cancelarte,1,1,2631,,,MISC
total,corpus,cannes,1,1,2631,,,LOC
total,corpus,carismanía,1,1,2631,,,PER
total,corpus,chattanooga,1,1,2631,,,PER
total,corpus,chico,1,1,2631,,,PER
total,corpus,chico blanco chad,1,1,2631,,,PER
total,corpus,chile! Perros Calientes de Chipotle Perros Calientes,1,1,2631,,,MISC
total,corpus,chilidogs,1,1,2631,,,LOC
total,corpus,christopher nolan’s odyssey,1,1,2631,,,PER
total,corpus,coal,1,1,2631,,,ORG
total,corpus,damn beno,1,1,2631,,,PER
total,corpus,desantis,1,1,2631,,,PER
total,corpus,desplegaré,1,1,2631,,,PER
total,corpus,draco,1,1,2631,,,MISC
total,corpus,dumb twat,1,1,2631,,,PER
total,corpus,déjame,1,1,2631,,,PER
total,corpus,en Estados Unidos,1,1,2631,,,LOC
total,corpus,eres tú quizás armie hammer,1,1,2631,,,MISC
total,corpus,estadio🏟️,1,1,2631,,,LOC
total,corpus,every classics major in my latin class was a flaming homo,1,1,2631,,,MISC
total,corpus,exacto,1,1,2631,,,MISC
total,corpus,felicidades ayanna,1,1,2631,,,PER
total,corpus,fentanyl Floyd,1,1,2631,,,PER
total,corpus,fin casa amor AHORA,1,1,2631,,,MISC
total,corpus,francia,1,1,2631,,,LOC
total,corpus,goku,1,1,2631,,,PER
total,corpus,goku 😼,1,1,2631,,,PER
total,corpus,google translate,1,1,2631,,,MISC
total,corpus,greedy jew,1,1,2631,,,PER
total,corpus,hoeflation,1,1,2631,,,MISC
total,corpus,hola,1,1,2631,,,ORG
total,corpus,hola mi,1,1,2631,,,PER
total,corpus,hominem,1,1,2631,,,PER
total,corpus,hotel,1,1,2631,,,LOC
total,corpus,i see demon k coming back from her roots,1,1,2631,,,MISC
total,corpus,in what state do you live,1,1,2631,,,MISC
total,corpus,inglaterra,1,1,2631,,,LOC
total,corpus,internet,1,1,2631,,,MISC
total,corpus,is the site,1,1,2631,,,MISC
total,corpus,iso,1,1,2631,,,ORG
total,corpus,iso 26.6,1,1,2631,,,MISC
total,corpus,it don’t sound fun,1,1,2631,,,MISC
total,corpus,it’s not konna its komi,1,1,2631,,,MISC
total,corpus,jajaja,1,1,2631,,,MISC
total,corpus,jalapeño popper Sándwiches,1,1,2631,,,PER
total,corpus,joda Corbin,1,1,2631,,,PER
total,corpus,joder,1,1,2631,,,MISC
total,corpus,joder kai,1,1,2631,,,MISC
total,corpus,jolly ranchers,1,1,2631,,,PER
total,corpus,judío-israelí,1,1,2631,,,LOC
total,corpus,kai,1,1,2631,,,PER
total,corpus,kash patel,1,1,2631,,,PER
total,corpus,kendall jenner,1,1,2631,,,PER
total,corpus,kentanji very brown jackson,1,1,2631,,,MISC
total,corpus,kenzie,1,1,2631,,,PER
total,corpus,la Biblia,1,1,2631,,,MISC
total,corpus,la Ley,1,1,2631,,,LOC
total,corpus,la financiaré,1,1,2631,,,LOC
total,corpus,la odisea,1,1,2631,,,MISC
total,corpus,lacy,1,1,2631,,,PER
total,corpus,las Escrituras,1,1,2631,,,MISC
total,corpus,las Malvinas,1,1,2631,,,LOC
total,corpus,lavé,1,1,2631,,,PER
total,corpus,lima,1,1,2631,,,LOC
total,corpus,lindo😭😭😭😭,1,1,2631,,,MISC
total,corpus,lindsay graham,1,1,2631,,,PER
total,corpus,lol,1,1,2631,,,PER
total,corpus,lol Tu Jesús,1,1,2631,,,PER
total,corpus,los Estados Unidos,1,1,2631,,,LOC
total,corpus,love island lo llamo pájaro isla…,1,1,2631,,,MISC
total,corpus,mac miller,1,1,2631,,,PER
total,corpus,madre 🫪,1,1,2631,,,PER
total,corpus,mar de,1,1,2631,,,LOC
total,corpus,mattea nena acabo,1,1,2631,,,MISC
total,corpus,maxton hall,1,1,2631,,,PER
total,corpus,merci bonjour,1,1,2631,,,PER
total,corpus,mi corazón,1,1,2631,,,MISC
total,corpus,mismo🥹,1,1,2631,,,PER
total,corpus,missy,1,1,2631,,,PER
total,corpus,missy lárgate,1,1,2631,,,PER
total,corpus,missy…,1,1,2631,,,PER
total,corpus,mitch mcconnell,1,1,2631,,,PER
total,corpus,monae,1,1,2631,,,PER
total,corpus,mírenla... Nuestra reina de Streamer U,1,1,2631,,,MISC
total,corpus,nah,1,1,2631,,,MISC
total,corpus,nenas delulu,1,1,2631,,,PER
total,corpus,nikuman,1,1,2631,,,PER
total,corpus,nomi 🙏🏻😊,1,1,2631,,,MISC
total,corpus,noruega,1,1,2631,,,LOC
total,corpus,oh nena te perdiste,1,1,2631,,,MISC
total,corpus,ohh nena tú fácil,1,1,2631,,,PER
total,corpus,okay dora the dih explorer,1,1,2631,,,MISC
total,corpus,one trick pony,1,1,2631,,,MISC
total,corpus,papi 😘😘,1,1,2631,,,MISC
total,corpus,paraguay,1,1,2631,,,LOC
total,corpus,partido A Sendai,1,1,2631,,,ORG
total,corpus,partido 🥴,1,1,2631,,,ORG
total,corpus,parís,1,1,2631,,,LOC
total,corpus,phat indeed,1,1,2631,,,PER
total,corpus,portugal,1,1,2631,,,LOC
total,corpus,pq,1,1,2631,,,MISC
total,corpus,prerolls,1,1,2631,,,PER
total,corpus,psyop hindú,1,1,2631,,,PER
total,corpus,puente Golden Gate,1,1,2631,,,LOC
total,corpus,quiet,1,1,2631,,,PER
total,corpus,rakai sienna,1,1,2631,,,MISC
total,corpus,ranch Queso,1,1,2631,,,LOC
total,corpus,rotini,1,1,2631,,,LOC
total,corpus,saneticen,1,1,2631,,,LOC
total,corpus,shutcho goofy ass up,1,1,2631,,,MISC
total,corpus,snap tho,1,1,2631,,,PER
total,corpus,so basically,1,1,2631,,,ORG
total,corpus,steve,1,1,2631,,,PER
total,corpus,still in circulation,1,1,2631,,,MISC
total,corpus,subirías,1,1,2631,,,PER
total,corpus,tarjeta Revolut,1,1,2631,,,ORG
total,corpus,tbt A,1,1,2631,,,PER
total,corpus,tbt Hagamos,1,1,2631,,,PER
total,corpus,tech coach🥺,1,1,2631,,,ORG
total,corpus,tengo mal wifi,1,1,2631,,,MISC
total,corpus,tfym,1,1,2631,,,LOC
total,corpus,the need for Marxist power dynamics,1,1,2631,,,MISC
total,corpus,thunderstorm,1,1,2631,,,PER
total,corpus,tiggy woo,1,1,2631,,,PER
total,corpus,tragedia de Doha,1,1,2631,,,MISC
total,corpus,tren de Keio,1,1,2631,,,MISC
total,corpus,trooning out,1,1,2631,,,MISC
total,corpus,true wigger,1,1,2631,,,PER
total,corpus,trump,1,1,2631,,,PER
total,corpus,tucker,1,1,2631,,,PER
total,corpus,tuyo,1,1,2631,,,PER
total,corpus,twitter,1,1,2631,,,MISC
total,corpus,ugh,1,1,2631,,,MISC
total,corpus,ummm tengo preguntas,1,1,2631,,,MISC
total,corpus,until another week…gg,1,1,2631,,,MISC
total,corpus,value if no one ever builds on it,1,1,2631,,,MISC
total,corpus,valueless resource,1,1,2631,,,PER
total,corpus,veré,1,1,2631,,,MISC
total,corpus,vete,1,1,2631,,,PER
total,corpus,vibes,1,1,2631,,,PER
total,corpus,walmart,1,1,2631,,,LOC
total,corpus,win,1,1,2631,,,MISC
total,corpus,wow,1,1,2631,,,MISC
total,corpus,yonna arréglate,1,1,2631,,,PER
total,corpus,yonna arréglate el pelo …,1,1,2631,,,PER
total,corpus,yonna baby…,1,1,2631,,,PER
total,corpus,yonna core 🥹….no,1,1,2631,,,PER
total,corpus,yonna jay,1,1,2631,,,PER
total,corpus,yonna live,1,1,2631,,,PER
total,corpus,~Alexander Hamilton,1,1,2631,,,MISC
total,corpus,~Martin Luther,1,1,2631,,,PER
total,corpus,África,1,1,2631,,,LOC
total,corpus,Ánimo♡ ¡Ánimo♡,1,1,2631,,,MISC
total,corpus,Él: Lo sabía,1,1,2631,,,MISC
total,corpus,Él: ¿Eran negros,1,1,2631,,,MISC
total,corpus,Éxito de la Economía Anglo-Protestante,1,1,2631,,,MISC
total,corpus,নিত্যের পুদিনা,1,1,2631,,,MISC
total,corpus,Ἰησοῦς,1,1,2631,,,MISC
total,corpus,… Apuesto,1,1,2631,,,MISC
total,corpus,⚡️ parpadeó,1,1,2631,,,MISC
total,corpus,ぐーちゃんJetpack Sipper,1,1,2631,,,LOC
total,corpus,をフォローしてポスト！すぐに結果が届く📲抽選で1本無料Coke ONドリンクチケットを,1,1,2631,,,MISC
total,corpus,コカコーラ勝敗予想対決,1,1,2631,,,PER
total,corpus,チーパオ大森,1,1,2631,,,LOC
total,corpus,第9戦は,1,1,2631,,,MISC
total,corpus,🇯🇵 ¡Gracias,1,1,2631,,,LOC
total,corpus,💦 ¡Ten,1,1,2631,,,PER
total,corpus,😂 Grandes,1,1,2631,,,PER
total,corpus,😂 Saka,1,1,2631,,,PER
total,corpus,😂😂😂 Me,1,1,2631,,,PER
total,corpus,😛 Me está mirando y sonriendo,1,1,2631,,,MISC
total,corpus,🙏🏻 everyone send this,1,1,2631,,,MISC
total,corpus,🤔 Estoy,1,1,2631,,,PER
total,corpus,󠁧󠁢󠁥󠁮󠁧󠁿🩵🏆 El,1,1,2631,,,LOC
